ISO-10303-21;
HEADER;
/* Generated by software containing ST-Developer
 * from STEP Tools, Inc. (www.steptools.com) 
 */

FILE_DESCRIPTION(
/* description */ (''),
/* implementation_level */ '2;1');

FILE_NAME(
/* name */ 'assembly.step',
/* time_stamp */ '2026-08-09T13:45:06+05:30',
/* author */ (''),
/* organization */ (''),
/* preprocessor_version */ 'ST-DEVELOPER v20.1',
/* originating_system */ 'Autodesk Translation Framework v15.8.0.0',
/* authorisation */ '');

FILE_SCHEMA (('AUTOMOTIVE_DESIGN { 1 0 10303 214 3 1 1 }'));
ENDSEC;

DATA;
#10=MECHANICAL_DESIGN_GEOMETRIC_PRESENTATION_REPRESENTATION('',(#41,#42,
#43,#44),#6705);
#11=ITEM_DEFINED_TRANSFORMATION($,$,#4019,#4405);
#12=ITEM_DEFINED_TRANSFORMATION($,$,#4085,#4406);
#13=ITEM_DEFINED_TRANSFORMATION($,$,#4144,#4407);
#14=ITEM_DEFINED_TRANSFORMATION($,$,#4356,#4408);
#15=(
REPRESENTATION_RELATIONSHIP($,$,#6725,#6724)
REPRESENTATION_RELATIONSHIP_WITH_TRANSFORMATION(#11)
SHAPE_REPRESENTATION_RELATIONSHIP()
);
#16=(
REPRESENTATION_RELATIONSHIP($,$,#6726,#6724)
REPRESENTATION_RELATIONSHIP_WITH_TRANSFORMATION(#12)
SHAPE_REPRESENTATION_RELATIONSHIP()
);
#17=(
REPRESENTATION_RELATIONSHIP($,$,#6727,#6724)
REPRESENTATION_RELATIONSHIP_WITH_TRANSFORMATION(#13)
SHAPE_REPRESENTATION_RELATIONSHIP()
);
#18=(
REPRESENTATION_RELATIONSHIP($,$,#6728,#6724)
REPRESENTATION_RELATIONSHIP_WITH_TRANSFORMATION(#14)
SHAPE_REPRESENTATION_RELATIONSHIP()
);
#19=CONTEXT_DEPENDENT_SHAPE_REPRESENTATION(#15,#6720);
#20=CONTEXT_DEPENDENT_SHAPE_REPRESENTATION(#16,#6721);
#21=CONTEXT_DEPENDENT_SHAPE_REPRESENTATION(#17,#6722);
#22=CONTEXT_DEPENDENT_SHAPE_REPRESENTATION(#18,#6723);
#23=NEXT_ASSEMBLY_USAGE_OCCURRENCE('part6 v1:1','part6 v1:1',
'part6 v1:1',#6730,#6731,'part6 v1:1');
#24=NEXT_ASSEMBLY_USAGE_OCCURRENCE('part3 v1:1','part3 v1:1',
'part3 v1:1',#6730,#6732,'part3 v1:1');
#25=NEXT_ASSEMBLY_USAGE_OCCURRENCE('part2 v1:1','part2 v1:1',
'part2 v1:1',#6730,#6733,'part2 v1:1');
#26=NEXT_ASSEMBLY_USAGE_OCCURRENCE('tyre taks v14:1','tyre taks v14:1',
'tyre taks v14:1',#6730,#6734,'tyre taks v14:1');
#27=(
BOUNDED_CURVE()
B_SPLINE_CURVE(2,(#6577,#6578,#6579),.UNSPECIFIED.,.F.,.F.)
B_SPLINE_CURVE_WITH_KNOTS((3,3),(0.,0.726342288724736),.UNSPECIFIED.)
CURVE()
GEOMETRIC_REPRESENTATION_ITEM()
RATIONAL_B_SPLINE_CURVE((1.,1.0004640415793,1.))
REPRESENTATION_ITEM('')
);
#28=(
BOUNDED_CURVE()
B_SPLINE_CURVE(2,(#6612,#6613,#6614),.UNSPECIFIED.,.F.,.F.)
B_SPLINE_CURVE_WITH_KNOTS((3,3),(0.701499924373288,1.44757965335979),
 .UNSPECIFIED.)
CURVE()
GEOMETRIC_REPRESENTATION_ITEM()
RATIONAL_B_SPLINE_CURVE((1.00086580796611,1.00089331869607,1.))
REPRESENTATION_ITEM('')
);
#29=ELLIPSE('',#4359,9.77801342222757,6.50000000000006);
#30=ELLIPSE('',#4360,133.883568396653,89.);
#31=ELLIPSE('',#4361,100.788753736806,67.);
#32=ELLIPSE('',#4378,135.213087296342,89.);
#33=SHAPE_REPRESENTATION_RELATIONSHIP('SRR','None',#6725,#37);
#34=SHAPE_REPRESENTATION_RELATIONSHIP('SRR','None',#6726,#38);
#35=SHAPE_REPRESENTATION_RELATIONSHIP('SRR','None',#6727,#39);
#36=SHAPE_REPRESENTATION_RELATIONSHIP('SRR','None',#6728,#40);
#37=ADVANCED_BREP_SHAPE_REPRESENTATION('',(#45),#6701);
#38=ADVANCED_BREP_SHAPE_REPRESENTATION('',(#46),#6702);
#39=ADVANCED_BREP_SHAPE_REPRESENTATION('',(#47),#6703);
#40=ADVANCED_BREP_SHAPE_REPRESENTATION('',(#48),#6704);
#41=STYLED_ITEM('',(#6754),#45);
#42=STYLED_ITEM('',(#6755),#46);
#43=STYLED_ITEM('',(#6756),#47);
#44=STYLED_ITEM('',(#6753),#48);
#45=MANIFOLD_SOLID_BREP('Body1',#3969);
#46=MANIFOLD_SOLID_BREP('Body1',#3970);
#47=MANIFOLD_SOLID_BREP('Body1',#3971);
#48=MANIFOLD_SOLID_BREP('Body2',#3972);
#49=CYLINDRICAL_SURFACE('',#4036,1.6);
#50=CYLINDRICAL_SURFACE('',#4039,1.6);
#51=CYLINDRICAL_SURFACE('',#4042,1.6);
#52=CYLINDRICAL_SURFACE('',#4045,1.6);
#53=CYLINDRICAL_SURFACE('',#4048,1.6);
#54=CYLINDRICAL_SURFACE('',#4065,2.);
#55=CYLINDRICAL_SURFACE('',#4066,2.);
#56=CYLINDRICAL_SURFACE('',#4067,2.);
#57=CYLINDRICAL_SURFACE('',#4068,2.);
#58=CYLINDRICAL_SURFACE('',#4069,6.);
#59=CYLINDRICAL_SURFACE('',#4070,36.);
#60=CYLINDRICAL_SURFACE('',#4073,6.);
#61=CYLINDRICAL_SURFACE('',#4074,36.);
#62=CYLINDRICAL_SURFACE('',#4077,6.);
#63=CYLINDRICAL_SURFACE('',#4078,36.);
#64=CYLINDRICAL_SURFACE('',#4081,6.);
#65=CYLINDRICAL_SURFACE('',#4082,36.);
#66=CYLINDRICAL_SURFACE('',#4100,2.1);
#67=CYLINDRICAL_SURFACE('',#4103,5.);
#68=CYLINDRICAL_SURFACE('',#4135,5.);
#69=CYLINDRICAL_SURFACE('',#4136,5.);
#70=CYLINDRICAL_SURFACE('',#4140,5.);
#71=CYLINDRICAL_SURFACE('',#4141,2.1);
#72=CYLINDRICAL_SURFACE('',#4142,2.1);
#73=CYLINDRICAL_SURFACE('',#4143,2.1);
#74=CYLINDRICAL_SURFACE('',#4187,1.6);
#75=CYLINDRICAL_SURFACE('',#4191,1.6);
#76=CYLINDRICAL_SURFACE('',#4195,1.6);
#77=CYLINDRICAL_SURFACE('',#4197,1.);
#78=CYLINDRICAL_SURFACE('',#4199,1.);
#79=CYLINDRICAL_SURFACE('',#4201,1.);
#80=CYLINDRICAL_SURFACE('',#4203,1.);
#81=CYLINDRICAL_SURFACE('',#4205,2.1);
#82=CYLINDRICAL_SURFACE('',#4209,2.1);
#83=CYLINDRICAL_SURFACE('',#4213,2.1);
#84=CYLINDRICAL_SURFACE('',#4217,2.1);
#85=CYLINDRICAL_SURFACE('',#4256,2.1);
#86=CYLINDRICAL_SURFACE('',#4259,2.1);
#87=CYLINDRICAL_SURFACE('',#4262,2.1);
#88=CYLINDRICAL_SURFACE('',#4265,2.1);
#89=CYLINDRICAL_SURFACE('',#4268,2.1);
#90=CYLINDRICAL_SURFACE('',#4271,2.1);
#91=CYLINDRICAL_SURFACE('',#4274,2.1);
#92=CYLINDRICAL_SURFACE('',#4277,2.1);
#93=CYLINDRICAL_SURFACE('',#4280,2.1);
#94=CYLINDRICAL_SURFACE('',#4283,2.1);
#95=CYLINDRICAL_SURFACE('',#4286,2.1);
#96=CYLINDRICAL_SURFACE('',#4289,2.1);
#97=CYLINDRICAL_SURFACE('',#4290,3.);
#98=CYLINDRICAL_SURFACE('',#4292,3.);
#99=CYLINDRICAL_SURFACE('',#4294,3.);
#100=CYLINDRICAL_SURFACE('',#4296,3.);
#101=CYLINDRICAL_SURFACE('',#4314,2.1);
#102=CYLINDRICAL_SURFACE('',#4315,2.1);
#103=CYLINDRICAL_SURFACE('',#4316,2.1);
#104=CYLINDRICAL_SURFACE('',#4317,2.1);
#105=CYLINDRICAL_SURFACE('',#4319,12.);
#106=CYLINDRICAL_SURFACE('',#4322,12.);
#107=CYLINDRICAL_SURFACE('',#4330,12.);
#108=CYLINDRICAL_SURFACE('',#4333,12.);
#109=CYLINDRICAL_SURFACE('',#4341,29.0172362570903);
#110=CYLINDRICAL_SURFACE('',#4343,5.);
#111=CYLINDRICAL_SURFACE('',#4345,29.0172362570903);
#112=CYLINDRICAL_SURFACE('',#4347,5.);
#113=CYLINDRICAL_SURFACE('',#4349,29.0172362570916);
#114=CYLINDRICAL_SURFACE('',#4351,5.);
#115=CYLINDRICAL_SURFACE('',#4353,29.0172362570938);
#116=CYLINDRICAL_SURFACE('',#4355,5.);
#117=CYLINDRICAL_SURFACE('',#4363,6.50000000000006);
#118=CYLINDRICAL_SURFACE('',#4365,67.);
#119=CYLINDRICAL_SURFACE('',#4376,89.);
#120=CYLINDRICAL_SURFACE('',#4387,6.00000105798246);
#121=CYLINDRICAL_SURFACE('',#4394,6.);
#122=CYLINDRICAL_SURFACE('',#4396,2.);
#123=CYLINDRICAL_SURFACE('',#4398,2.);
#124=CYLINDRICAL_SURFACE('',#4403,6.00000105798246);
#125=FACE_BOUND('',#524,.T.);
#126=FACE_BOUND('',#525,.T.);
#127=FACE_BOUND('',#526,.T.);
#128=FACE_BOUND('',#527,.T.);
#129=FACE_BOUND('',#528,.T.);
#130=FACE_BOUND('',#535,.T.);
#131=FACE_BOUND('',#536,.T.);
#132=FACE_BOUND('',#537,.T.);
#133=FACE_BOUND('',#538,.T.);
#134=FACE_BOUND('',#539,.T.);
#135=FACE_BOUND('',#541,.T.);
#136=FACE_BOUND('',#542,.T.);
#137=FACE_BOUND('',#543,.T.);
#138=FACE_BOUND('',#544,.T.);
#139=FACE_BOUND('',#545,.T.);
#140=FACE_BOUND('',#546,.T.);
#141=FACE_BOUND('',#547,.T.);
#142=FACE_BOUND('',#548,.T.);
#143=FACE_BOUND('',#549,.T.);
#144=FACE_BOUND('',#577,.T.);
#145=FACE_BOUND('',#580,.T.);
#146=FACE_BOUND('',#594,.T.);
#147=FACE_BOUND('',#601,.T.);
#148=FACE_BOUND('',#603,.T.);
#149=FACE_BOUND('',#605,.T.);
#150=FACE_BOUND('',#608,.T.);
#151=FACE_BOUND('',#610,.T.);
#152=FACE_BOUND('',#614,.T.);
#153=FACE_BOUND('',#621,.T.);
#154=FACE_BOUND('',#622,.T.);
#155=FACE_BOUND('',#623,.T.);
#156=FACE_BOUND('',#624,.T.);
#157=FACE_BOUND('',#625,.T.);
#158=FACE_BOUND('',#626,.T.);
#159=FACE_BOUND('',#627,.T.);
#160=FACE_BOUND('',#628,.T.);
#161=FACE_BOUND('',#629,.T.);
#162=FACE_BOUND('',#630,.T.);
#163=FACE_BOUND('',#631,.T.);
#164=FACE_BOUND('',#632,.T.);
#165=FACE_BOUND('',#633,.T.);
#166=FACE_BOUND('',#634,.T.);
#167=FACE_BOUND('',#635,.T.);
#168=FACE_BOUND('',#636,.T.);
#169=FACE_BOUND('',#637,.T.);
#170=FACE_BOUND('',#638,.T.);
#171=FACE_BOUND('',#639,.T.);
#172=FACE_BOUND('',#640,.T.);
#173=FACE_BOUND('',#641,.T.);
#174=FACE_BOUND('',#642,.T.);
#175=FACE_BOUND('',#643,.T.);
#176=FACE_BOUND('',#644,.T.);
#177=FACE_BOUND('',#656,.T.);
#178=FACE_BOUND('',#659,.T.);
#179=FACE_BOUND('',#662,.T.);
#180=FACE_BOUND('',#665,.T.);
#181=FACE_BOUND('',#668,.T.);
#182=FACE_BOUND('',#669,.T.);
#183=FACE_BOUND('',#670,.T.);
#184=FACE_BOUND('',#671,.T.);
#185=FACE_BOUND('',#672,.T.);
#186=FACE_BOUND('',#673,.T.);
#187=FACE_BOUND('',#674,.T.);
#188=FACE_BOUND('',#675,.T.);
#189=FACE_BOUND('',#676,.T.);
#190=FACE_BOUND('',#677,.T.);
#191=FACE_BOUND('',#678,.T.);
#192=FACE_BOUND('',#679,.T.);
#193=FACE_BOUND('',#680,.T.);
#194=FACE_BOUND('',#681,.T.);
#195=FACE_BOUND('',#682,.T.);
#196=FACE_BOUND('',#683,.T.);
#197=FACE_BOUND('',#684,.T.);
#198=FACE_BOUND('',#685,.T.);
#199=FACE_BOUND('',#686,.T.);
#200=FACE_BOUND('',#687,.T.);
#201=FACE_BOUND('',#688,.T.);
#202=FACE_BOUND('',#689,.T.);
#203=FACE_BOUND('',#690,.T.);
#204=FACE_BOUND('',#691,.T.);
#205=FACE_BOUND('',#798,.T.);
#206=FACE_BOUND('',#799,.T.);
#207=FACE_BOUND('',#805,.T.);
#208=FACE_BOUND('',#806,.T.);
#209=PLANE('',#4023);
#210=PLANE('',#4051);
#211=PLANE('',#4052);
#212=PLANE('',#4071);
#213=PLANE('',#4072);
#214=PLANE('',#4075);
#215=PLANE('',#4076);
#216=PLANE('',#4079);
#217=PLANE('',#4080);
#218=PLANE('',#4083);
#219=PLANE('',#4084);
#220=PLANE('',#4086);
#221=PLANE('',#4087);
#222=PLANE('',#4088);
#223=PLANE('',#4089);
#224=PLANE('',#4090);
#225=PLANE('',#4091);
#226=PLANE('',#4092);
#227=PLANE('',#4098);
#228=PLANE('',#4102);
#229=PLANE('',#4105);
#230=PLANE('',#4106);
#231=PLANE('',#4107);
#232=PLANE('',#4108);
#233=PLANE('',#4109);
#234=PLANE('',#4110);
#235=PLANE('',#4111);
#236=PLANE('',#4112);
#237=PLANE('',#4113);
#238=PLANE('',#4114);
#239=PLANE('',#4117);
#240=PLANE('',#4118);
#241=PLANE('',#4119);
#242=PLANE('',#4120);
#243=PLANE('',#4121);
#244=PLANE('',#4122);
#245=PLANE('',#4125);
#246=PLANE('',#4128);
#247=PLANE('',#4130);
#248=PLANE('',#4131);
#249=PLANE('',#4132);
#250=PLANE('',#4138);
#251=PLANE('',#4148);
#252=PLANE('',#4208);
#253=PLANE('',#4212);
#254=PLANE('',#4216);
#255=PLANE('',#4220);
#256=PLANE('',#4224);
#257=PLANE('',#4291);
#258=PLANE('',#4293);
#259=PLANE('',#4295);
#260=PLANE('',#4297);
#261=PLANE('',#4298);
#262=PLANE('',#4299);
#263=PLANE('',#4300);
#264=PLANE('',#4301);
#265=PLANE('',#4302);
#266=PLANE('',#4303);
#267=PLANE('',#4304);
#268=PLANE('',#4305);
#269=PLANE('',#4306);
#270=PLANE('',#4307);
#271=PLANE('',#4308);
#272=PLANE('',#4309);
#273=PLANE('',#4310);
#274=PLANE('',#4311);
#275=PLANE('',#4312);
#276=PLANE('',#4313);
#277=PLANE('',#4318);
#278=PLANE('',#4320);
#279=PLANE('',#4321);
#280=PLANE('',#4323);
#281=PLANE('',#4324);
#282=PLANE('',#4325);
#283=PLANE('',#4326);
#284=PLANE('',#4327);
#285=PLANE('',#4328);
#286=PLANE('',#4329);
#287=PLANE('',#4331);
#288=PLANE('',#4332);
#289=PLANE('',#4334);
#290=PLANE('',#4335);
#291=PLANE('',#4336);
#292=PLANE('',#4337);
#293=PLANE('',#4338);
#294=PLANE('',#4339);
#295=PLANE('',#4340);
#296=PLANE('',#4342);
#297=PLANE('',#4344);
#298=PLANE('',#4346);
#299=PLANE('',#4348);
#300=PLANE('',#4350);
#301=PLANE('',#4352);
#302=PLANE('',#4354);
#303=PLANE('',#4357);
#304=PLANE('',#4358);
#305=PLANE('',#4362);
#306=PLANE('',#4370);
#307=PLANE('',#4375);
#308=PLANE('',#4381);
#309=PLANE('',#4382);
#310=PLANE('',#4383);
#311=PLANE('',#4385);
#312=PLANE('',#4386);
#313=PLANE('',#4389);
#314=PLANE('',#4393);
#315=PLANE('',#4400);
#316=PLANE('',#4402);
#317=PLANE('',#4404);
#318=FACE_OUTER_BOUND('',#522,.T.);
#319=FACE_OUTER_BOUND('',#523,.T.);
#320=FACE_OUTER_BOUND('',#529,.T.);
#321=FACE_OUTER_BOUND('',#530,.T.);
#322=FACE_OUTER_BOUND('',#531,.T.);
#323=FACE_OUTER_BOUND('',#532,.T.);
#324=FACE_OUTER_BOUND('',#533,.T.);
#325=FACE_OUTER_BOUND('',#534,.T.);
#326=FACE_OUTER_BOUND('',#540,.T.);
#327=FACE_OUTER_BOUND('',#550,.T.);
#328=FACE_OUTER_BOUND('',#551,.T.);
#329=FACE_OUTER_BOUND('',#552,.T.);
#330=FACE_OUTER_BOUND('',#553,.T.);
#331=FACE_OUTER_BOUND('',#554,.T.);
#332=FACE_OUTER_BOUND('',#555,.T.);
#333=FACE_OUTER_BOUND('',#556,.T.);
#334=FACE_OUTER_BOUND('',#557,.T.);
#335=FACE_OUTER_BOUND('',#558,.T.);
#336=FACE_OUTER_BOUND('',#559,.T.);
#337=FACE_OUTER_BOUND('',#560,.T.);
#338=FACE_OUTER_BOUND('',#561,.T.);
#339=FACE_OUTER_BOUND('',#562,.T.);
#340=FACE_OUTER_BOUND('',#563,.T.);
#341=FACE_OUTER_BOUND('',#564,.T.);
#342=FACE_OUTER_BOUND('',#565,.T.);
#343=FACE_OUTER_BOUND('',#566,.T.);
#344=FACE_OUTER_BOUND('',#567,.T.);
#345=FACE_OUTER_BOUND('',#568,.T.);
#346=FACE_OUTER_BOUND('',#569,.T.);
#347=FACE_OUTER_BOUND('',#570,.T.);
#348=FACE_OUTER_BOUND('',#571,.T.);
#349=FACE_OUTER_BOUND('',#572,.T.);
#350=FACE_OUTER_BOUND('',#573,.T.);
#351=FACE_OUTER_BOUND('',#574,.T.);
#352=FACE_OUTER_BOUND('',#575,.T.);
#353=FACE_OUTER_BOUND('',#576,.T.);
#354=FACE_OUTER_BOUND('',#578,.T.);
#355=FACE_OUTER_BOUND('',#579,.T.);
#356=FACE_OUTER_BOUND('',#581,.T.);
#357=FACE_OUTER_BOUND('',#582,.T.);
#358=FACE_OUTER_BOUND('',#583,.T.);
#359=FACE_OUTER_BOUND('',#584,.T.);
#360=FACE_OUTER_BOUND('',#585,.T.);
#361=FACE_OUTER_BOUND('',#586,.T.);
#362=FACE_OUTER_BOUND('',#587,.T.);
#363=FACE_OUTER_BOUND('',#588,.T.);
#364=FACE_OUTER_BOUND('',#589,.T.);
#365=FACE_OUTER_BOUND('',#590,.T.);
#366=FACE_OUTER_BOUND('',#591,.T.);
#367=FACE_OUTER_BOUND('',#592,.T.);
#368=FACE_OUTER_BOUND('',#593,.T.);
#369=FACE_OUTER_BOUND('',#595,.T.);
#370=FACE_OUTER_BOUND('',#596,.T.);
#371=FACE_OUTER_BOUND('',#597,.T.);
#372=FACE_OUTER_BOUND('',#598,.T.);
#373=FACE_OUTER_BOUND('',#599,.T.);
#374=FACE_OUTER_BOUND('',#600,.T.);
#375=FACE_OUTER_BOUND('',#602,.T.);
#376=FACE_OUTER_BOUND('',#604,.T.);
#377=FACE_OUTER_BOUND('',#606,.T.);
#378=FACE_OUTER_BOUND('',#607,.T.);
#379=FACE_OUTER_BOUND('',#609,.T.);
#380=FACE_OUTER_BOUND('',#611,.T.);
#381=FACE_OUTER_BOUND('',#612,.T.);
#382=FACE_OUTER_BOUND('',#613,.T.);
#383=FACE_OUTER_BOUND('',#615,.T.);
#384=FACE_OUTER_BOUND('',#616,.T.);
#385=FACE_OUTER_BOUND('',#617,.T.);
#386=FACE_OUTER_BOUND('',#618,.T.);
#387=FACE_OUTER_BOUND('',#619,.T.);
#388=FACE_OUTER_BOUND('',#620,.T.);
#389=FACE_OUTER_BOUND('',#645,.T.);
#390=FACE_OUTER_BOUND('',#646,.T.);
#391=FACE_OUTER_BOUND('',#647,.T.);
#392=FACE_OUTER_BOUND('',#648,.T.);
#393=FACE_OUTER_BOUND('',#649,.T.);
#394=FACE_OUTER_BOUND('',#650,.T.);
#395=FACE_OUTER_BOUND('',#651,.T.);
#396=FACE_OUTER_BOUND('',#652,.T.);
#397=FACE_OUTER_BOUND('',#653,.T.);
#398=FACE_OUTER_BOUND('',#654,.T.);
#399=FACE_OUTER_BOUND('',#655,.T.);
#400=FACE_OUTER_BOUND('',#657,.T.);
#401=FACE_OUTER_BOUND('',#658,.T.);
#402=FACE_OUTER_BOUND('',#660,.T.);
#403=FACE_OUTER_BOUND('',#661,.T.);
#404=FACE_OUTER_BOUND('',#663,.T.);
#405=FACE_OUTER_BOUND('',#664,.T.);
#406=FACE_OUTER_BOUND('',#666,.T.);
#407=FACE_OUTER_BOUND('',#667,.T.);
#408=FACE_OUTER_BOUND('',#692,.T.);
#409=FACE_OUTER_BOUND('',#693,.T.);
#410=FACE_OUTER_BOUND('',#694,.T.);
#411=FACE_OUTER_BOUND('',#695,.T.);
#412=FACE_OUTER_BOUND('',#696,.T.);
#413=FACE_OUTER_BOUND('',#697,.T.);
#414=FACE_OUTER_BOUND('',#698,.T.);
#415=FACE_OUTER_BOUND('',#699,.T.);
#416=FACE_OUTER_BOUND('',#700,.T.);
#417=FACE_OUTER_BOUND('',#701,.T.);
#418=FACE_OUTER_BOUND('',#702,.T.);
#419=FACE_OUTER_BOUND('',#703,.T.);
#420=FACE_OUTER_BOUND('',#704,.T.);
#421=FACE_OUTER_BOUND('',#705,.T.);
#422=FACE_OUTER_BOUND('',#706,.T.);
#423=FACE_OUTER_BOUND('',#707,.T.);
#424=FACE_OUTER_BOUND('',#708,.T.);
#425=FACE_OUTER_BOUND('',#709,.T.);
#426=FACE_OUTER_BOUND('',#710,.T.);
#427=FACE_OUTER_BOUND('',#711,.T.);
#428=FACE_OUTER_BOUND('',#712,.T.);
#429=FACE_OUTER_BOUND('',#713,.T.);
#430=FACE_OUTER_BOUND('',#714,.T.);
#431=FACE_OUTER_BOUND('',#715,.T.);
#432=FACE_OUTER_BOUND('',#716,.T.);
#433=FACE_OUTER_BOUND('',#717,.T.);
#434=FACE_OUTER_BOUND('',#718,.T.);
#435=FACE_OUTER_BOUND('',#719,.T.);
#436=FACE_OUTER_BOUND('',#720,.T.);
#437=FACE_OUTER_BOUND('',#721,.T.);
#438=FACE_OUTER_BOUND('',#722,.T.);
#439=FACE_OUTER_BOUND('',#723,.T.);
#440=FACE_OUTER_BOUND('',#724,.T.);
#441=FACE_OUTER_BOUND('',#725,.T.);
#442=FACE_OUTER_BOUND('',#726,.T.);
#443=FACE_OUTER_BOUND('',#727,.T.);
#444=FACE_OUTER_BOUND('',#728,.T.);
#445=FACE_OUTER_BOUND('',#729,.T.);
#446=FACE_OUTER_BOUND('',#730,.T.);
#447=FACE_OUTER_BOUND('',#731,.T.);
#448=FACE_OUTER_BOUND('',#732,.T.);
#449=FACE_OUTER_BOUND('',#733,.T.);
#450=FACE_OUTER_BOUND('',#734,.T.);
#451=FACE_OUTER_BOUND('',#735,.T.);
#452=FACE_OUTER_BOUND('',#736,.T.);
#453=FACE_OUTER_BOUND('',#737,.T.);
#454=FACE_OUTER_BOUND('',#738,.T.);
#455=FACE_OUTER_BOUND('',#739,.T.);
#456=FACE_OUTER_BOUND('',#740,.T.);
#457=FACE_OUTER_BOUND('',#741,.T.);
#458=FACE_OUTER_BOUND('',#742,.T.);
#459=FACE_OUTER_BOUND('',#743,.T.);
#460=FACE_OUTER_BOUND('',#744,.T.);
#461=FACE_OUTER_BOUND('',#745,.T.);
#462=FACE_OUTER_BOUND('',#746,.T.);
#463=FACE_OUTER_BOUND('',#747,.T.);
#464=FACE_OUTER_BOUND('',#748,.T.);
#465=FACE_OUTER_BOUND('',#749,.T.);
#466=FACE_OUTER_BOUND('',#750,.T.);
#467=FACE_OUTER_BOUND('',#751,.T.);
#468=FACE_OUTER_BOUND('',#752,.T.);
#469=FACE_OUTER_BOUND('',#753,.T.);
#470=FACE_OUTER_BOUND('',#754,.T.);
#471=FACE_OUTER_BOUND('',#755,.T.);
#472=FACE_OUTER_BOUND('',#756,.T.);
#473=FACE_OUTER_BOUND('',#757,.T.);
#474=FACE_OUTER_BOUND('',#758,.T.);
#475=FACE_OUTER_BOUND('',#759,.T.);
#476=FACE_OUTER_BOUND('',#760,.T.);
#477=FACE_OUTER_BOUND('',#761,.T.);
#478=FACE_OUTER_BOUND('',#762,.T.);
#479=FACE_OUTER_BOUND('',#763,.T.);
#480=FACE_OUTER_BOUND('',#764,.T.);
#481=FACE_OUTER_BOUND('',#765,.T.);
#482=FACE_OUTER_BOUND('',#766,.T.);
#483=FACE_OUTER_BOUND('',#767,.T.);
#484=FACE_OUTER_BOUND('',#768,.T.);
#485=FACE_OUTER_BOUND('',#769,.T.);
#486=FACE_OUTER_BOUND('',#770,.T.);
#487=FACE_OUTER_BOUND('',#771,.T.);
#488=FACE_OUTER_BOUND('',#772,.T.);
#489=FACE_OUTER_BOUND('',#773,.T.);
#490=FACE_OUTER_BOUND('',#774,.T.);
#491=FACE_OUTER_BOUND('',#775,.T.);
#492=FACE_OUTER_BOUND('',#776,.T.);
#493=FACE_OUTER_BOUND('',#777,.T.);
#494=FACE_OUTER_BOUND('',#778,.T.);
#495=FACE_OUTER_BOUND('',#779,.T.);
#496=FACE_OUTER_BOUND('',#780,.T.);
#497=FACE_OUTER_BOUND('',#781,.T.);
#498=FACE_OUTER_BOUND('',#782,.T.);
#499=FACE_OUTER_BOUND('',#783,.T.);
#500=FACE_OUTER_BOUND('',#784,.T.);
#501=FACE_OUTER_BOUND('',#785,.T.);
#502=FACE_OUTER_BOUND('',#786,.T.);
#503=FACE_OUTER_BOUND('',#787,.T.);
#504=FACE_OUTER_BOUND('',#788,.T.);
#505=FACE_OUTER_BOUND('',#789,.T.);
#506=FACE_OUTER_BOUND('',#790,.T.);
#507=FACE_OUTER_BOUND('',#791,.T.);
#508=FACE_OUTER_BOUND('',#792,.T.);
#509=FACE_OUTER_BOUND('',#793,.T.);
#510=FACE_OUTER_BOUND('',#794,.T.);
#511=FACE_OUTER_BOUND('',#795,.T.);
#512=FACE_OUTER_BOUND('',#796,.T.);
#513=FACE_OUTER_BOUND('',#797,.T.);
#514=FACE_OUTER_BOUND('',#800,.T.);
#515=FACE_OUTER_BOUND('',#801,.T.);
#516=FACE_OUTER_BOUND('',#802,.T.);
#517=FACE_OUTER_BOUND('',#803,.T.);
#518=FACE_OUTER_BOUND('',#804,.T.);
#519=FACE_OUTER_BOUND('',#807,.T.);
#520=FACE_OUTER_BOUND('',#808,.T.);
#521=FACE_OUTER_BOUND('',#809,.T.);
#522=EDGE_LOOP('',(#2642,#2643,#2644,#2645));
#523=EDGE_LOOP('',(#2646,#2647,#2648,#2649,#2650,#2651,#2652,#2653,#2654,
#2655,#2656,#2657,#2658,#2659,#2660,#2661));
#524=EDGE_LOOP('',(#2662));
#525=EDGE_LOOP('',(#2663));
#526=EDGE_LOOP('',(#2664));
#527=EDGE_LOOP('',(#2665));
#528=EDGE_LOOP('',(#2666));
#529=EDGE_LOOP('',(#2667,#2668,#2669,#2670));
#530=EDGE_LOOP('',(#2671,#2672,#2673,#2674));
#531=EDGE_LOOP('',(#2675,#2676,#2677,#2678));
#532=EDGE_LOOP('',(#2679,#2680,#2681,#2682));
#533=EDGE_LOOP('',(#2683,#2684,#2685,#2686));
#534=EDGE_LOOP('',(#2687));
#535=EDGE_LOOP('',(#2688));
#536=EDGE_LOOP('',(#2689));
#537=EDGE_LOOP('',(#2690));
#538=EDGE_LOOP('',(#2691));
#539=EDGE_LOOP('',(#2692));
#540=EDGE_LOOP('',(#2693,#2694,#2695,#2696,#2697,#2698,#2699,#2700,#2701,
#2702,#2703,#2704,#2705,#2706,#2707,#2708));
#541=EDGE_LOOP('',(#2709));
#542=EDGE_LOOP('',(#2710));
#543=EDGE_LOOP('',(#2711));
#544=EDGE_LOOP('',(#2712));
#545=EDGE_LOOP('',(#2713));
#546=EDGE_LOOP('',(#2714));
#547=EDGE_LOOP('',(#2715));
#548=EDGE_LOOP('',(#2716));
#549=EDGE_LOOP('',(#2717));
#550=EDGE_LOOP('',(#2718,#2719,#2720,#2721));
#551=EDGE_LOOP('',(#2722,#2723,#2724,#2725));
#552=EDGE_LOOP('',(#2726,#2727,#2728,#2729));
#553=EDGE_LOOP('',(#2730,#2731,#2732,#2733));
#554=EDGE_LOOP('',(#2734,#2735,#2736,#2737));
#555=EDGE_LOOP('',(#2738,#2739,#2740,#2741));
#556=EDGE_LOOP('',(#2742,#2743,#2744,#2745));
#557=EDGE_LOOP('',(#2746,#2747,#2748,#2749));
#558=EDGE_LOOP('',(#2750,#2751,#2752,#2753));
#559=EDGE_LOOP('',(#2754,#2755,#2756,#2757));
#560=EDGE_LOOP('',(#2758,#2759,#2760,#2761));
#561=EDGE_LOOP('',(#2762,#2763,#2764,#2765));
#562=EDGE_LOOP('',(#2766,#2767,#2768,#2769));
#563=EDGE_LOOP('',(#2770,#2771,#2772,#2773));
#564=EDGE_LOOP('',(#2774,#2775,#2776,#2777));
#565=EDGE_LOOP('',(#2778,#2779,#2780,#2781));
#566=EDGE_LOOP('',(#2782,#2783,#2784,#2785));
#567=EDGE_LOOP('',(#2786,#2787,#2788,#2789));
#568=EDGE_LOOP('',(#2790,#2791,#2792,#2793));
#569=EDGE_LOOP('',(#2794,#2795,#2796,#2797));
#570=EDGE_LOOP('',(#2798,#2799,#2800,#2801));
#571=EDGE_LOOP('',(#2802,#2803,#2804,#2805));
#572=EDGE_LOOP('',(#2806,#2807,#2808,#2809));
#573=EDGE_LOOP('',(#2810,#2811,#2812,#2813));
#574=EDGE_LOOP('',(#2814,#2815,#2816,#2817));
#575=EDGE_LOOP('',(#2818,#2819,#2820,#2821));
#576=EDGE_LOOP('',(#2822,#2823,#2824,#2825,#2826,#2827));
#577=EDGE_LOOP('',(#2828));
#578=EDGE_LOOP('',(#2829,#2830,#2831,#2832,#2833));
#579=EDGE_LOOP('',(#2834,#2835,#2836,#2837));
#580=EDGE_LOOP('',(#2838));
#581=EDGE_LOOP('',(#2839,#2840,#2841,#2842,#2843));
#582=EDGE_LOOP('',(#2844,#2845,#2846,#2847));
#583=EDGE_LOOP('',(#2848,#2849,#2850,#2851));
#584=EDGE_LOOP('',(#2852,#2853,#2854,#2855,#2856,#2857,#2858,#2859,#2860,
#2861,#2862,#2863,#2864,#2865,#2866,#2867,#2868,#2869));
#585=EDGE_LOOP('',(#2870,#2871,#2872,#2873));
#586=EDGE_LOOP('',(#2874,#2875,#2876,#2877));
#587=EDGE_LOOP('',(#2878,#2879,#2880,#2881));
#588=EDGE_LOOP('',(#2882,#2883,#2884,#2885));
#589=EDGE_LOOP('',(#2886,#2887,#2888,#2889,#2890,#2891,#2892,#2893,#2894,
#2895,#2896,#2897,#2898,#2899,#2900,#2901,#2902,#2903));
#590=EDGE_LOOP('',(#2904,#2905,#2906,#2907));
#591=EDGE_LOOP('',(#2908,#2909,#2910,#2911));
#592=EDGE_LOOP('',(#2912,#2913,#2914,#2915));
#593=EDGE_LOOP('',(#2916,#2917,#2918,#2919,#2920,#2921));
#594=EDGE_LOOP('',(#2922));
#595=EDGE_LOOP('',(#2923,#2924,#2925,#2926));
#596=EDGE_LOOP('',(#2927,#2928,#2929,#2930));
#597=EDGE_LOOP('',(#2931,#2932,#2933,#2934));
#598=EDGE_LOOP('',(#2935,#2936,#2937,#2938));
#599=EDGE_LOOP('',(#2939,#2940,#2941,#2942));
#600=EDGE_LOOP('',(#2943,#2944,#2945,#2946,#2947,#2948));
#601=EDGE_LOOP('',(#2949));
#602=EDGE_LOOP('',(#2950,#2951,#2952,#2953,#2954,#2955));
#603=EDGE_LOOP('',(#2956));
#604=EDGE_LOOP('',(#2957,#2958,#2959,#2960,#2961,#2962));
#605=EDGE_LOOP('',(#2963,#2964,#2965,#2966,#2967,#2968));
#606=EDGE_LOOP('',(#2969,#2970,#2971,#2972,#2973,#2974));
#607=EDGE_LOOP('',(#2975,#2976,#2977,#2978,#2979,#2980));
#608=EDGE_LOOP('',(#2981));
#609=EDGE_LOOP('',(#2982,#2983,#2984,#2985,#2986,#2987));
#610=EDGE_LOOP('',(#2988));
#611=EDGE_LOOP('',(#2989,#2990,#2991,#2992));
#612=EDGE_LOOP('',(#2993,#2994,#2995,#2996));
#613=EDGE_LOOP('',(#2997,#2998,#2999,#3000,#3001,#3002));
#614=EDGE_LOOP('',(#3003));
#615=EDGE_LOOP('',(#3004,#3005,#3006,#3007));
#616=EDGE_LOOP('',(#3008,#3009,#3010,#3011));
#617=EDGE_LOOP('',(#3012,#3013,#3014,#3015));
#618=EDGE_LOOP('',(#3016,#3017,#3018,#3019));
#619=EDGE_LOOP('',(#3020,#3021,#3022,#3023));
#620=EDGE_LOOP('',(#3024,#3025,#3026,#3027,#3028,#3029,#3030,#3031,#3032,
#3033,#3034,#3035,#3036,#3037,#3038,#3039,#3040,#3041,#3042,#3043,#3044,
#3045,#3046,#3047,#3048,#3049,#3050,#3051,#3052,#3053,#3054,#3055,#3056,
#3057,#3058,#3059,#3060,#3061,#3062,#3063));
#621=EDGE_LOOP('',(#3064));
#622=EDGE_LOOP('',(#3065));
#623=EDGE_LOOP('',(#3066));
#624=EDGE_LOOP('',(#3067));
#625=EDGE_LOOP('',(#3068));
#626=EDGE_LOOP('',(#3069));
#627=EDGE_LOOP('',(#3070));
#628=EDGE_LOOP('',(#3071));
#629=EDGE_LOOP('',(#3072));
#630=EDGE_LOOP('',(#3073));
#631=EDGE_LOOP('',(#3074));
#632=EDGE_LOOP('',(#3075));
#633=EDGE_LOOP('',(#3076));
#634=EDGE_LOOP('',(#3077));
#635=EDGE_LOOP('',(#3078));
#636=EDGE_LOOP('',(#3079,#3080,#3081,#3082,#3083,#3084,#3085,#3086,#3087,
#3088,#3089,#3090,#3091,#3092,#3093,#3094,#3095,#3096,#3097,#3098,#3099,
#3100));
#637=EDGE_LOOP('',(#3101));
#638=EDGE_LOOP('',(#3102));
#639=EDGE_LOOP('',(#3103));
#640=EDGE_LOOP('',(#3104));
#641=EDGE_LOOP('',(#3105));
#642=EDGE_LOOP('',(#3106));
#643=EDGE_LOOP('',(#3107));
#644=EDGE_LOOP('',(#3108));
#645=EDGE_LOOP('',(#3109,#3110,#3111,#3112));
#646=EDGE_LOOP('',(#3113,#3114,#3115,#3116));
#647=EDGE_LOOP('',(#3117,#3118,#3119,#3120));
#648=EDGE_LOOP('',(#3121,#3122,#3123,#3124));
#649=EDGE_LOOP('',(#3125,#3126,#3127,#3128));
#650=EDGE_LOOP('',(#3129,#3130,#3131,#3132));
#651=EDGE_LOOP('',(#3133,#3134,#3135,#3136));
#652=EDGE_LOOP('',(#3137,#3138,#3139,#3140));
#653=EDGE_LOOP('',(#3141,#3142,#3143,#3144));
#654=EDGE_LOOP('',(#3145,#3146,#3147,#3148));
#655=EDGE_LOOP('',(#3149));
#656=EDGE_LOOP('',(#3150));
#657=EDGE_LOOP('',(#3151,#3152,#3153,#3154));
#658=EDGE_LOOP('',(#3155));
#659=EDGE_LOOP('',(#3156));
#660=EDGE_LOOP('',(#3157,#3158,#3159,#3160));
#661=EDGE_LOOP('',(#3161));
#662=EDGE_LOOP('',(#3162));
#663=EDGE_LOOP('',(#3163,#3164,#3165,#3166));
#664=EDGE_LOOP('',(#3167));
#665=EDGE_LOOP('',(#3168));
#666=EDGE_LOOP('',(#3169,#3170,#3171,#3172));
#667=EDGE_LOOP('',(#3173,#3174,#3175,#3176,#3177,#3178,#3179,#3180,#3181,
#3182,#3183,#3184,#3185,#3186,#3187,#3188,#3189,#3190,#3191,#3192,#3193,
#3194,#3195,#3196,#3197,#3198,#3199,#3200,#3201,#3202,#3203,#3204,#3205,
#3206,#3207,#3208,#3209,#3210,#3211,#3212));
#668=EDGE_LOOP('',(#3213));
#669=EDGE_LOOP('',(#3214));
#670=EDGE_LOOP('',(#3215));
#671=EDGE_LOOP('',(#3216));
#672=EDGE_LOOP('',(#3217));
#673=EDGE_LOOP('',(#3218));
#674=EDGE_LOOP('',(#3219));
#675=EDGE_LOOP('',(#3220));
#676=EDGE_LOOP('',(#3221));
#677=EDGE_LOOP('',(#3222));
#678=EDGE_LOOP('',(#3223,#3224,#3225,#3226,#3227,#3228,#3229,#3230,#3231,
#3232,#3233,#3234,#3235,#3236,#3237,#3238,#3239,#3240,#3241,#3242,#3243,
#3244));
#679=EDGE_LOOP('',(#3245));
#680=EDGE_LOOP('',(#3246));
#681=EDGE_LOOP('',(#3247));
#682=EDGE_LOOP('',(#3248));
#683=EDGE_LOOP('',(#3249));
#684=EDGE_LOOP('',(#3250));
#685=EDGE_LOOP('',(#3251));
#686=EDGE_LOOP('',(#3252));
#687=EDGE_LOOP('',(#3253));
#688=EDGE_LOOP('',(#3254));
#689=EDGE_LOOP('',(#3255));
#690=EDGE_LOOP('',(#3256));
#691=EDGE_LOOP('',(#3257));
#692=EDGE_LOOP('',(#3258,#3259,#3260,#3261));
#693=EDGE_LOOP('',(#3262,#3263,#3264,#3265));
#694=EDGE_LOOP('',(#3266,#3267,#3268,#3269));
#695=EDGE_LOOP('',(#3270,#3271,#3272,#3273));
#696=EDGE_LOOP('',(#3274,#3275,#3276,#3277));
#697=EDGE_LOOP('',(#3278,#3279,#3280,#3281));
#698=EDGE_LOOP('',(#3282,#3283,#3284,#3285));
#699=EDGE_LOOP('',(#3286,#3287,#3288,#3289));
#700=EDGE_LOOP('',(#3290,#3291,#3292,#3293));
#701=EDGE_LOOP('',(#3294,#3295,#3296,#3297));
#702=EDGE_LOOP('',(#3298,#3299,#3300,#3301));
#703=EDGE_LOOP('',(#3302,#3303,#3304,#3305));
#704=EDGE_LOOP('',(#3306,#3307,#3308,#3309));
#705=EDGE_LOOP('',(#3310,#3311,#3312,#3313));
#706=EDGE_LOOP('',(#3314,#3315,#3316,#3317));
#707=EDGE_LOOP('',(#3318,#3319,#3320,#3321));
#708=EDGE_LOOP('',(#3322,#3323,#3324,#3325));
#709=EDGE_LOOP('',(#3326,#3327,#3328,#3329));
#710=EDGE_LOOP('',(#3330,#3331,#3332,#3333));
#711=EDGE_LOOP('',(#3334,#3335,#3336,#3337));
#712=EDGE_LOOP('',(#3338,#3339,#3340,#3341));
#713=EDGE_LOOP('',(#3342,#3343,#3344,#3345));
#714=EDGE_LOOP('',(#3346,#3347,#3348,#3349));
#715=EDGE_LOOP('',(#3350,#3351,#3352,#3353));
#716=EDGE_LOOP('',(#3354,#3355,#3356,#3357));
#717=EDGE_LOOP('',(#3358,#3359,#3360,#3361));
#718=EDGE_LOOP('',(#3362,#3363,#3364,#3365));
#719=EDGE_LOOP('',(#3366,#3367,#3368,#3369));
#720=EDGE_LOOP('',(#3370,#3371,#3372,#3373));
#721=EDGE_LOOP('',(#3374,#3375,#3376,#3377));
#722=EDGE_LOOP('',(#3378,#3379,#3380,#3381));
#723=EDGE_LOOP('',(#3382,#3383,#3384,#3385));
#724=EDGE_LOOP('',(#3386,#3387,#3388,#3389));
#725=EDGE_LOOP('',(#3390,#3391,#3392,#3393));
#726=EDGE_LOOP('',(#3394,#3395,#3396,#3397));
#727=EDGE_LOOP('',(#3398,#3399,#3400,#3401));
#728=EDGE_LOOP('',(#3402,#3403,#3404,#3405));
#729=EDGE_LOOP('',(#3406,#3407,#3408,#3409));
#730=EDGE_LOOP('',(#3410,#3411,#3412,#3413));
#731=EDGE_LOOP('',(#3414,#3415,#3416,#3417));
#732=EDGE_LOOP('',(#3418,#3419,#3420,#3421));
#733=EDGE_LOOP('',(#3422,#3423,#3424,#3425));
#734=EDGE_LOOP('',(#3426,#3427,#3428,#3429));
#735=EDGE_LOOP('',(#3430,#3431,#3432,#3433));
#736=EDGE_LOOP('',(#3434,#3435,#3436,#3437));
#737=EDGE_LOOP('',(#3438,#3439,#3440,#3441));
#738=EDGE_LOOP('',(#3442,#3443,#3444,#3445));
#739=EDGE_LOOP('',(#3446,#3447,#3448,#3449));
#740=EDGE_LOOP('',(#3450,#3451,#3452,#3453));
#741=EDGE_LOOP('',(#3454,#3455,#3456,#3457));
#742=EDGE_LOOP('',(#3458,#3459,#3460,#3461));
#743=EDGE_LOOP('',(#3462,#3463,#3464,#3465));
#744=EDGE_LOOP('',(#3466,#3467,#3468,#3469));
#745=EDGE_LOOP('',(#3470,#3471,#3472,#3473));
#746=EDGE_LOOP('',(#3474,#3475,#3476,#3477));
#747=EDGE_LOOP('',(#3478,#3479,#3480,#3481));
#748=EDGE_LOOP('',(#3482,#3483,#3484,#3485));
#749=EDGE_LOOP('',(#3486,#3487,#3488,#3489));
#750=EDGE_LOOP('',(#3490,#3491,#3492,#3493));
#751=EDGE_LOOP('',(#3494,#3495,#3496,#3497));
#752=EDGE_LOOP('',(#3498,#3499,#3500,#3501));
#753=EDGE_LOOP('',(#3502,#3503,#3504,#3505));
#754=EDGE_LOOP('',(#3506,#3507,#3508,#3509));
#755=EDGE_LOOP('',(#3510,#3511,#3512,#3513));
#756=EDGE_LOOP('',(#3514,#3515,#3516,#3517));
#757=EDGE_LOOP('',(#3518,#3519,#3520,#3521));
#758=EDGE_LOOP('',(#3522,#3523,#3524,#3525));
#759=EDGE_LOOP('',(#3526,#3527,#3528,#3529));
#760=EDGE_LOOP('',(#3530,#3531,#3532,#3533));
#761=EDGE_LOOP('',(#3534,#3535,#3536,#3537));
#762=EDGE_LOOP('',(#3538,#3539,#3540,#3541));
#763=EDGE_LOOP('',(#3542,#3543,#3544,#3545));
#764=EDGE_LOOP('',(#3546,#3547,#3548,#3549));
#765=EDGE_LOOP('',(#3550,#3551,#3552,#3553));
#766=EDGE_LOOP('',(#3554,#3555,#3556,#3557));
#767=EDGE_LOOP('',(#3558,#3559,#3560,#3561));
#768=EDGE_LOOP('',(#3562,#3563,#3564,#3565));
#769=EDGE_LOOP('',(#3566,#3567,#3568,#3569));
#770=EDGE_LOOP('',(#3570,#3571,#3572,#3573));
#771=EDGE_LOOP('',(#3574,#3575,#3576,#3577));
#772=EDGE_LOOP('',(#3578,#3579,#3580,#3581));
#773=EDGE_LOOP('',(#3582,#3583,#3584,#3585));
#774=EDGE_LOOP('',(#3586,#3587,#3588,#3589));
#775=EDGE_LOOP('',(#3590,#3591,#3592,#3593));
#776=EDGE_LOOP('',(#3594,#3595,#3596,#3597));
#777=EDGE_LOOP('',(#3598,#3599,#3600,#3601));
#778=EDGE_LOOP('',(#3602,#3603,#3604,#3605));
#779=EDGE_LOOP('',(#3606,#3607,#3608,#3609));
#780=EDGE_LOOP('',(#3610,#3611,#3612,#3613));
#781=EDGE_LOOP('',(#3614,#3615,#3616,#3617,#3618));
#782=EDGE_LOOP('',(#3619,#3620,#3621,#3622,#3623));
#783=EDGE_LOOP('',(#3624,#3625,#3626,#3627,#3628));
#784=EDGE_LOOP('',(#3629,#3630,#3631,#3632));
#785=EDGE_LOOP('',(#3633,#3634,#3635,#3636,#3637,#3638,#3639,#3640,#3641,
#3642));
#786=EDGE_LOOP('',(#3643,#3644,#3645,#3646,#3647,#3648,#3649));
#787=EDGE_LOOP('',(#3650,#3651,#3652,#3653));
#788=EDGE_LOOP('',(#3654,#3655,#3656,#3657,#3658));
#789=EDGE_LOOP('',(#3659,#3660,#3661,#3662,#3663,#3664,#3665,#3666));
#790=EDGE_LOOP('',(#3667,#3668,#3669,#3670));
#791=EDGE_LOOP('',(#3671,#3672,#3673,#3674,#3675));
#792=EDGE_LOOP('',(#3676,#3677,#3678,#3679));
#793=EDGE_LOOP('',(#3680,#3681,#3682,#3683,#3684,#3685,#3686,#3687));
#794=EDGE_LOOP('',(#3688,#3689,#3690,#3691));
#795=EDGE_LOOP('',(#3692,#3693,#3694,#3695));
#796=EDGE_LOOP('',(#3696,#3697,#3698,#3699));
#797=EDGE_LOOP('',(#3700,#3701,#3702,#3703,#3704,#3705));
#798=EDGE_LOOP('',(#3706));
#799=EDGE_LOOP('',(#3707));
#800=EDGE_LOOP('',(#3708,#3709,#3710,#3711));
#801=EDGE_LOOP('',(#3712,#3713,#3714,#3715));
#802=EDGE_LOOP('',(#3716,#3717,#3718,#3719));
#803=EDGE_LOOP('',(#3720,#3721,#3722,#3723));
#804=EDGE_LOOP('',(#3724,#3725,#3726,#3727,#3728,#3729));
#805=EDGE_LOOP('',(#3730));
#806=EDGE_LOOP('',(#3731));
#807=EDGE_LOOP('',(#3732,#3733,#3734,#3735));
#808=EDGE_LOOP('',(#3736,#3737,#3738,#3739));
#809=EDGE_LOOP('',(#3740,#3741,#3742,#3743,#3744,#3745));
#810=LINE('',#5569,#1182);
#811=LINE('',#5574,#1183);
#812=LINE('',#5576,#1184);
#813=LINE('',#5582,#1185);
#814=LINE('',#5584,#1186);
#815=LINE('',#5590,#1187);
#816=LINE('',#5592,#1188);
#817=LINE('',#5598,#1189);
#818=LINE('',#5600,#1190);
#819=LINE('',#5616,#1191);
#820=LINE('',#5622,#1192);
#821=LINE('',#5628,#1193);
#822=LINE('',#5634,#1194);
#823=LINE('',#5640,#1195);
#824=LINE('',#5646,#1196);
#825=LINE('',#5652,#1197);
#826=LINE('',#5654,#1198);
#827=LINE('',#5660,#1199);
#828=LINE('',#5662,#1200);
#829=LINE('',#5668,#1201);
#830=LINE('',#5670,#1202);
#831=LINE('',#5675,#1203);
#832=LINE('',#5685,#1204);
#833=LINE('',#5687,#1205);
#834=LINE('',#5689,#1206);
#835=LINE('',#5691,#1207);
#836=LINE('',#5693,#1208);
#837=LINE('',#5694,#1209);
#838=LINE('',#5696,#1210);
#839=LINE('',#5698,#1211);
#840=LINE('',#5700,#1212);
#841=LINE('',#5702,#1213);
#842=LINE('',#5704,#1214);
#843=LINE('',#5706,#1215);
#844=LINE('',#5708,#1216);
#845=LINE('',#5710,#1217);
#846=LINE('',#5712,#1218);
#847=LINE('',#5714,#1219);
#848=LINE('',#5716,#1220);
#849=LINE('',#5718,#1221);
#850=LINE('',#5720,#1222);
#851=LINE('',#5722,#1223);
#852=LINE('',#5728,#1224);
#853=LINE('',#5730,#1225);
#854=LINE('',#5732,#1226);
#855=LINE('',#5733,#1227);
#856=LINE('',#5736,#1228);
#857=LINE('',#5738,#1229);
#858=LINE('',#5739,#1230);
#859=LINE('',#5742,#1231);
#860=LINE('',#5744,#1232);
#861=LINE('',#5745,#1233);
#862=LINE('',#5748,#1234);
#863=LINE('',#5750,#1235);
#864=LINE('',#5751,#1236);
#865=LINE('',#5754,#1237);
#866=LINE('',#5756,#1238);
#867=LINE('',#5757,#1239);
#868=LINE('',#5759,#1240);
#869=LINE('',#5760,#1241);
#870=LINE('',#5769,#1242);
#871=LINE('',#5775,#1243);
#872=LINE('',#5779,#1244);
#873=LINE('',#5780,#1245);
#874=LINE('',#5784,#1246);
#875=LINE('',#5788,#1247);
#876=LINE('',#5789,#1248);
#877=LINE('',#5790,#1249);
#878=LINE('',#5793,#1250);
#879=LINE('',#5796,#1251);
#880=LINE('',#5799,#1252);
#881=LINE('',#5801,#1253);
#882=LINE('',#5803,#1254);
#883=LINE('',#5805,#1255);
#884=LINE('',#5807,#1256);
#885=LINE('',#5809,#1257);
#886=LINE('',#5811,#1258);
#887=LINE('',#5813,#1259);
#888=LINE('',#5815,#1260);
#889=LINE('',#5817,#1261);
#890=LINE('',#5819,#1262);
#891=LINE('',#5821,#1263);
#892=LINE('',#5823,#1264);
#893=LINE('',#5825,#1265);
#894=LINE('',#5826,#1266);
#895=LINE('',#5829,#1267);
#896=LINE('',#5831,#1268);
#897=LINE('',#5832,#1269);
#898=LINE('',#5835,#1270);
#899=LINE('',#5837,#1271);
#900=LINE('',#5838,#1272);
#901=LINE('',#5841,#1273);
#902=LINE('',#5843,#1274);
#903=LINE('',#5844,#1275);
#904=LINE('',#5848,#1276);
#905=LINE('',#5850,#1277);
#906=LINE('',#5852,#1278);
#907=LINE('',#5853,#1279);
#908=LINE('',#5855,#1280);
#909=LINE('',#5857,#1281);
#910=LINE('',#5859,#1282);
#911=LINE('',#5861,#1283);
#912=LINE('',#5863,#1284);
#913=LINE('',#5865,#1285);
#914=LINE('',#5867,#1286);
#915=LINE('',#5869,#1287);
#916=LINE('',#5871,#1288);
#917=LINE('',#5873,#1289);
#918=LINE('',#5875,#1290);
#919=LINE('',#5876,#1291);
#920=LINE('',#5877,#1292);
#921=LINE('',#5880,#1293);
#922=LINE('',#5882,#1294);
#923=LINE('',#5883,#1295);
#924=LINE('',#5885,#1296);
#925=LINE('',#5886,#1297);
#926=LINE('',#5889,#1298);
#927=LINE('',#5891,#1299);
#928=LINE('',#5892,#1300);
#929=LINE('',#5895,#1301);
#930=LINE('',#5896,#1302);
#931=LINE('',#5902,#1303);
#932=LINE('',#5903,#1304);
#933=LINE('',#5905,#1305);
#934=LINE('',#5908,#1306);
#935=LINE('',#5910,#1307);
#936=LINE('',#5911,#1308);
#937=LINE('',#5914,#1309);
#938=LINE('',#5916,#1310);
#939=LINE('',#5917,#1311);
#940=LINE('',#5919,#1312);
#941=LINE('',#5920,#1313);
#942=LINE('',#5945,#1314);
#943=LINE('',#5947,#1315);
#944=LINE('',#5949,#1316);
#945=LINE('',#5955,#1317);
#946=LINE('',#5960,#1318);
#947=LINE('',#5962,#1319);
#948=LINE('',#5966,#1320);
#949=LINE('',#5970,#1321);
#950=LINE('',#5972,#1322);
#951=LINE('',#5974,#1323);
#952=LINE('',#5978,#1324);
#953=LINE('',#5980,#1325);
#954=LINE('',#5982,#1326);
#955=LINE('',#5986,#1327);
#956=LINE('',#5990,#1328);
#957=LINE('',#5992,#1329);
#958=LINE('',#5994,#1330);
#959=LINE('',#5998,#1331);
#960=LINE('',#6000,#1332);
#961=LINE('',#6002,#1333);
#962=LINE('',#6006,#1334);
#963=LINE('',#6010,#1335);
#964=LINE('',#6012,#1336);
#965=LINE('',#6014,#1337);
#966=LINE('',#6018,#1338);
#967=LINE('',#6020,#1339);
#968=LINE('',#6022,#1340);
#969=LINE('',#6026,#1341);
#970=LINE('',#6030,#1342);
#971=LINE('',#6032,#1343);
#972=LINE('',#6034,#1344);
#973=LINE('',#6037,#1345);
#974=LINE('',#6070,#1346);
#975=LINE('',#6072,#1347);
#976=LINE('',#6076,#1348);
#977=LINE('',#6078,#1349);
#978=LINE('',#6082,#1350);
#979=LINE('',#6084,#1351);
#980=LINE('',#6086,#1352);
#981=LINE('',#6088,#1353);
#982=LINE('',#6090,#1354);
#983=LINE('',#6092,#1355);
#984=LINE('',#6094,#1356);
#985=LINE('',#6098,#1357);
#986=LINE('',#6100,#1358);
#987=LINE('',#6104,#1359);
#988=LINE('',#6106,#1360);
#989=LINE('',#6108,#1361);
#990=LINE('',#6110,#1362);
#991=LINE('',#6111,#1363);
#992=LINE('',#6128,#1364);
#993=LINE('',#6133,#1365);
#994=LINE('',#6136,#1366);
#995=LINE('',#6141,#1367);
#996=LINE('',#6144,#1368);
#997=LINE('',#6148,#1369);
#998=LINE('',#6152,#1370);
#999=LINE('',#6156,#1371);
#1000=LINE('',#6160,#1372);
#1001=LINE('',#6166,#1373);
#1002=LINE('',#6173,#1374);
#1003=LINE('',#6180,#1375);
#1004=LINE('',#6187,#1376);
#1005=LINE('',#6194,#1377);
#1006=LINE('',#6199,#1378);
#1007=LINE('',#6201,#1379);
#1008=LINE('',#6205,#1380);
#1009=LINE('',#6207,#1381);
#1010=LINE('',#6209,#1382);
#1011=LINE('',#6213,#1383);
#1012=LINE('',#6217,#1384);
#1013=LINE('',#6219,#1385);
#1014=LINE('',#6221,#1386);
#1015=LINE('',#6225,#1387);
#1016=LINE('',#6227,#1388);
#1017=LINE('',#6229,#1389);
#1018=LINE('',#6233,#1390);
#1019=LINE('',#6237,#1391);
#1020=LINE('',#6239,#1392);
#1021=LINE('',#6241,#1393);
#1022=LINE('',#6245,#1394);
#1023=LINE('',#6247,#1395);
#1024=LINE('',#6249,#1396);
#1025=LINE('',#6253,#1397);
#1026=LINE('',#6257,#1398);
#1027=LINE('',#6259,#1399);
#1028=LINE('',#6261,#1400);
#1029=LINE('',#6265,#1401);
#1030=LINE('',#6267,#1402);
#1031=LINE('',#6269,#1403);
#1032=LINE('',#6273,#1404);
#1033=LINE('',#6276,#1405);
#1034=LINE('',#6291,#1406);
#1035=LINE('',#6293,#1407);
#1036=LINE('',#6295,#1408);
#1037=LINE('',#6297,#1409);
#1038=LINE('',#6299,#1410);
#1039=LINE('',#6301,#1411);
#1040=LINE('',#6305,#1412);
#1041=LINE('',#6307,#1413);
#1042=LINE('',#6311,#1414);
#1043=LINE('',#6313,#1415);
#1044=LINE('',#6315,#1416);
#1045=LINE('',#6317,#1417);
#1046=LINE('',#6319,#1418);
#1047=LINE('',#6321,#1419);
#1048=LINE('',#6323,#1420);
#1049=LINE('',#6327,#1421);
#1050=LINE('',#6329,#1422);
#1051=LINE('',#6332,#1423);
#1052=LINE('',#6352,#1424);
#1053=LINE('',#6356,#1425);
#1054=LINE('',#6358,#1426);
#1055=LINE('',#6362,#1427);
#1056=LINE('',#6364,#1428);
#1057=LINE('',#6368,#1429);
#1058=LINE('',#6370,#1430);
#1059=LINE('',#6374,#1431);
#1060=LINE('',#6376,#1432);
#1061=LINE('',#6380,#1433);
#1062=LINE('',#6382,#1434);
#1063=LINE('',#6386,#1435);
#1064=LINE('',#6388,#1436);
#1065=LINE('',#6392,#1437);
#1066=LINE('',#6394,#1438);
#1067=LINE('',#6398,#1439);
#1068=LINE('',#6400,#1440);
#1069=LINE('',#6404,#1441);
#1070=LINE('',#6406,#1442);
#1071=LINE('',#6410,#1443);
#1072=LINE('',#6412,#1444);
#1073=LINE('',#6416,#1445);
#1074=LINE('',#6418,#1446);
#1075=LINE('',#6420,#1447);
#1076=LINE('',#6421,#1448);
#1077=LINE('',#6423,#1449);
#1078=LINE('',#6425,#1450);
#1079=LINE('',#6426,#1451);
#1080=LINE('',#6428,#1452);
#1081=LINE('',#6430,#1453);
#1082=LINE('',#6431,#1454);
#1083=LINE('',#6433,#1455);
#1084=LINE('',#6435,#1456);
#1085=LINE('',#6436,#1457);
#1086=LINE('',#6438,#1458);
#1087=LINE('',#6440,#1459);
#1088=LINE('',#6441,#1460);
#1089=LINE('',#6443,#1461);
#1090=LINE('',#6445,#1462);
#1091=LINE('',#6446,#1463);
#1092=LINE('',#6448,#1464);
#1093=LINE('',#6450,#1465);
#1094=LINE('',#6451,#1466);
#1095=LINE('',#6454,#1467);
#1096=LINE('',#6455,#1468);
#1097=LINE('',#6458,#1469);
#1098=LINE('',#6459,#1470);
#1099=LINE('',#6461,#1471);
#1100=LINE('',#6463,#1472);
#1101=LINE('',#6464,#1473);
#1102=LINE('',#6466,#1474);
#1103=LINE('',#6468,#1475);
#1104=LINE('',#6469,#1476);
#1105=LINE('',#6472,#1477);
#1106=LINE('',#6473,#1478);
#1107=LINE('',#6475,#1479);
#1108=LINE('',#6477,#1480);
#1109=LINE('',#6479,#1481);
#1110=LINE('',#6481,#1482);
#1111=LINE('',#6483,#1483);
#1112=LINE('',#6485,#1484);
#1113=LINE('',#6486,#1485);
#1114=LINE('',#6488,#1486);
#1115=LINE('',#6490,#1487);
#1116=LINE('',#6492,#1488);
#1117=LINE('',#6494,#1489);
#1118=LINE('',#6496,#1490);
#1119=LINE('',#6498,#1491);
#1120=LINE('',#6500,#1492);
#1121=LINE('',#6502,#1493);
#1122=LINE('',#6504,#1494);
#1123=LINE('',#6506,#1495);
#1124=LINE('',#6508,#1496);
#1125=LINE('',#6510,#1497);
#1126=LINE('',#6512,#1498);
#1127=LINE('',#6514,#1499);
#1128=LINE('',#6516,#1500);
#1129=LINE('',#6518,#1501);
#1130=LINE('',#6520,#1502);
#1131=LINE('',#6522,#1503);
#1132=LINE('',#6524,#1504);
#1133=LINE('',#6526,#1505);
#1134=LINE('',#6531,#1506);
#1135=LINE('',#6534,#1507);
#1136=LINE('',#6537,#1508);
#1137=LINE('',#6540,#1509);
#1138=LINE('',#6543,#1510);
#1139=LINE('',#6546,#1511);
#1140=LINE('',#6549,#1512);
#1141=LINE('',#6555,#1513);
#1142=LINE('',#6557,#1514);
#1143=LINE('',#6559,#1515);
#1144=LINE('',#6561,#1516);
#1145=LINE('',#6562,#1517);
#1146=LINE('',#6569,#1518);
#1147=LINE('',#6573,#1519);
#1148=LINE('',#6575,#1520);
#1149=LINE('',#6580,#1521);
#1150=LINE('',#6583,#1522);
#1151=LINE('',#6589,#1523);
#1152=LINE('',#6593,#1524);
#1153=LINE('',#6597,#1525);
#1154=LINE('',#6603,#1526);
#1155=LINE('',#6605,#1527);
#1156=LINE('',#6608,#1528);
#1157=LINE('',#6617,#1529);
#1158=LINE('',#6619,#1530);
#1159=LINE('',#6620,#1531);
#1160=LINE('',#6625,#1532);
#1161=LINE('',#6630,#1533);
#1162=LINE('',#6633,#1534);
#1163=LINE('',#6635,#1535);
#1164=LINE('',#6636,#1536);
#1165=LINE('',#6638,#1537);
#1166=LINE('',#6641,#1538);
#1167=LINE('',#6644,#1539);
#1168=LINE('',#6647,#1540);
#1169=LINE('',#6648,#1541);
#1170=LINE('',#6651,#1542);
#1171=LINE('',#6652,#1543);
#1172=LINE('',#6655,#1544);
#1173=LINE('',#6661,#1545);
#1174=LINE('',#6662,#1546);
#1175=LINE('',#6669,#1547);
#1176=LINE('',#6670,#1548);
#1177=LINE('',#6672,#1549);
#1178=LINE('',#6677,#1550);
#1179=LINE('',#6681,#1551);
#1180=LINE('',#6685,#1552);
#1181=LINE('',#6687,#1553);
#1182=VECTOR('',#4417,12.45);
#1183=VECTOR('',#4422,10.);
#1184=VECTOR('',#4423,10.);
#1185=VECTOR('',#4428,10.);
#1186=VECTOR('',#4429,10.);
#1187=VECTOR('',#4434,10.);
#1188=VECTOR('',#4435,10.);
#1189=VECTOR('',#4440,10.);
#1190=VECTOR('',#4441,10.);
#1191=VECTOR('',#4458,1.6);
#1192=VECTOR('',#4465,1.6);
#1193=VECTOR('',#4472,1.6);
#1194=VECTOR('',#4479,1.6);
#1195=VECTOR('',#4486,1.6);
#1196=VECTOR('',#4493,10.);
#1197=VECTOR('',#4498,10.);
#1198=VECTOR('',#4499,10.);
#1199=VECTOR('',#4504,10.);
#1200=VECTOR('',#4505,10.);
#1201=VECTOR('',#4510,10.);
#1202=VECTOR('',#4511,10.);
#1203=VECTOR('',#4516,10.);
#1204=VECTOR('',#4527,2.);
#1205=VECTOR('',#4530,2.);
#1206=VECTOR('',#4533,2.);
#1207=VECTOR('',#4536,2.);
#1208=VECTOR('',#4539,10.);
#1209=VECTOR('',#4540,10.);
#1210=VECTOR('',#4543,10.);
#1211=VECTOR('',#4546,10.);
#1212=VECTOR('',#4549,10.);
#1213=VECTOR('',#4552,10.);
#1214=VECTOR('',#4555,10.);
#1215=VECTOR('',#4558,10.);
#1216=VECTOR('',#4561,10.);
#1217=VECTOR('',#4564,10.);
#1218=VECTOR('',#4567,10.);
#1219=VECTOR('',#4570,10.);
#1220=VECTOR('',#4573,10.);
#1221=VECTOR('',#4576,10.);
#1222=VECTOR('',#4579,10.);
#1223=VECTOR('',#4582,10.);
#1224=VECTOR('',#4589,10.);
#1225=VECTOR('',#4590,10.);
#1226=VECTOR('',#4591,10.);
#1227=VECTOR('',#4592,10.);
#1228=VECTOR('',#4595,10.);
#1229=VECTOR('',#4596,10.);
#1230=VECTOR('',#4597,10.);
#1231=VECTOR('',#4600,10.);
#1232=VECTOR('',#4601,10.);
#1233=VECTOR('',#4602,10.);
#1234=VECTOR('',#4605,10.);
#1235=VECTOR('',#4606,10.);
#1236=VECTOR('',#4607,10.);
#1237=VECTOR('',#4610,10.);
#1238=VECTOR('',#4611,10.);
#1239=VECTOR('',#4612,10.);
#1240=VECTOR('',#4615,10.);
#1241=VECTOR('',#4616,10.);
#1242=VECTOR('',#4625,3.4);
#1243=VECTOR('',#4632,10.);
#1244=VECTOR('',#4635,10.);
#1245=VECTOR('',#4636,10.);
#1246=VECTOR('',#4641,2.1);
#1247=VECTOR('',#4644,10.);
#1248=VECTOR('',#4645,10.);
#1249=VECTOR('',#4646,10.);
#1250=VECTOR('',#4649,10.);
#1251=VECTOR('',#4652,10.);
#1252=VECTOR('',#4655,10.);
#1253=VECTOR('',#4656,10.);
#1254=VECTOR('',#4657,10.);
#1255=VECTOR('',#4658,10.);
#1256=VECTOR('',#4659,10.);
#1257=VECTOR('',#4660,10.);
#1258=VECTOR('',#4661,10.);
#1259=VECTOR('',#4662,10.);
#1260=VECTOR('',#4663,10.);
#1261=VECTOR('',#4664,10.);
#1262=VECTOR('',#4665,10.);
#1263=VECTOR('',#4666,10.);
#1264=VECTOR('',#4667,10.);
#1265=VECTOR('',#4668,10.);
#1266=VECTOR('',#4669,10.);
#1267=VECTOR('',#4672,10.);
#1268=VECTOR('',#4673,10.);
#1269=VECTOR('',#4674,10.);
#1270=VECTOR('',#4677,10.);
#1271=VECTOR('',#4678,10.);
#1272=VECTOR('',#4679,10.);
#1273=VECTOR('',#4682,9.99999999999999);
#1274=VECTOR('',#4683,9.99999999999999);
#1275=VECTOR('',#4684,10.);
#1276=VECTOR('',#4687,10.);
#1277=VECTOR('',#4688,10.);
#1278=VECTOR('',#4689,10.);
#1279=VECTOR('',#4690,10.);
#1280=VECTOR('',#4693,10.);
#1281=VECTOR('',#4694,10.);
#1282=VECTOR('',#4695,10.);
#1283=VECTOR('',#4696,10.);
#1284=VECTOR('',#4697,10.);
#1285=VECTOR('',#4698,10.);
#1286=VECTOR('',#4699,10.);
#1287=VECTOR('',#4700,10.);
#1288=VECTOR('',#4701,10.);
#1289=VECTOR('',#4702,10.);
#1290=VECTOR('',#4703,10.);
#1291=VECTOR('',#4704,10.);
#1292=VECTOR('',#4705,10.);
#1293=VECTOR('',#4708,10.);
#1294=VECTOR('',#4709,10.);
#1295=VECTOR('',#4710,10.);
#1296=VECTOR('',#4713,10.);
#1297=VECTOR('',#4714,10.);
#1298=VECTOR('',#4717,10.);
#1299=VECTOR('',#4718,10.);
#1300=VECTOR('',#4719,10.);
#1301=VECTOR('',#4722,10.);
#1302=VECTOR('',#4723,10.);
#1303=VECTOR('',#4730,10.);
#1304=VECTOR('',#4731,10.);
#1305=VECTOR('',#4734,10.);
#1306=VECTOR('',#4737,10.);
#1307=VECTOR('',#4738,10.);
#1308=VECTOR('',#4739,10.);
#1309=VECTOR('',#4742,10.);
#1310=VECTOR('',#4743,10.);
#1311=VECTOR('',#4744,10.);
#1312=VECTOR('',#4747,10.);
#1313=VECTOR('',#4748,10.);
#1314=VECTOR('',#4789,2.1);
#1315=VECTOR('',#4792,2.1);
#1316=VECTOR('',#4795,2.1);
#1317=VECTOR('',#4802,2.7);
#1318=VECTOR('',#4807,10.);
#1319=VECTOR('',#4808,10.);
#1320=VECTOR('',#4811,10.);
#1321=VECTOR('',#4814,10.);
#1322=VECTOR('',#4815,10.);
#1323=VECTOR('',#4816,10.);
#1324=VECTOR('',#4819,10.);
#1325=VECTOR('',#4820,10.);
#1326=VECTOR('',#4821,10.);
#1327=VECTOR('',#4824,10.);
#1328=VECTOR('',#4827,10.);
#1329=VECTOR('',#4828,10.);
#1330=VECTOR('',#4829,10.);
#1331=VECTOR('',#4832,10.);
#1332=VECTOR('',#4833,10.);
#1333=VECTOR('',#4834,10.);
#1334=VECTOR('',#4837,10.);
#1335=VECTOR('',#4840,10.);
#1336=VECTOR('',#4841,10.);
#1337=VECTOR('',#4842,10.);
#1338=VECTOR('',#4845,10.);
#1339=VECTOR('',#4846,10.);
#1340=VECTOR('',#4847,10.);
#1341=VECTOR('',#4850,10.);
#1342=VECTOR('',#4853,10.);
#1343=VECTOR('',#4854,10.);
#1344=VECTOR('',#4855,10.);
#1345=VECTOR('',#4858,10.);
#1346=VECTOR('',#4889,10.);
#1347=VECTOR('',#4890,10.);
#1348=VECTOR('',#4893,10.);
#1349=VECTOR('',#4894,10.);
#1350=VECTOR('',#4897,10.);
#1351=VECTOR('',#4898,10.);
#1352=VECTOR('',#4899,10.);
#1353=VECTOR('',#4900,10.);
#1354=VECTOR('',#4901,10.);
#1355=VECTOR('',#4902,9.99999999999999);
#1356=VECTOR('',#4903,10.);
#1357=VECTOR('',#4906,10.);
#1358=VECTOR('',#4907,10.);
#1359=VECTOR('',#4910,10.);
#1360=VECTOR('',#4911,10.);
#1361=VECTOR('',#4912,10.);
#1362=VECTOR('',#4913,10.);
#1363=VECTOR('',#4914,10.);
#1364=VECTOR('',#4931,1.6);
#1365=VECTOR('',#4938,2.7);
#1366=VECTOR('',#4941,1.6);
#1367=VECTOR('',#4948,2.7);
#1368=VECTOR('',#4951,1.6);
#1369=VECTOR('',#4956,1.);
#1370=VECTOR('',#4961,1.);
#1371=VECTOR('',#4966,1.);
#1372=VECTOR('',#4971,1.);
#1373=VECTOR('',#4978,2.1);
#1374=VECTOR('',#4987,2.1);
#1375=VECTOR('',#4996,2.1);
#1376=VECTOR('',#5005,2.1);
#1377=VECTOR('',#5014,3.4);
#1378=VECTOR('',#5019,10.);
#1379=VECTOR('',#5020,10.);
#1380=VECTOR('',#5023,10.);
#1381=VECTOR('',#5024,10.);
#1382=VECTOR('',#5025,10.);
#1383=VECTOR('',#5028,10.);
#1384=VECTOR('',#5031,10.);
#1385=VECTOR('',#5032,10.);
#1386=VECTOR('',#5033,10.);
#1387=VECTOR('',#5036,10.);
#1388=VECTOR('',#5037,10.);
#1389=VECTOR('',#5038,10.);
#1390=VECTOR('',#5041,10.);
#1391=VECTOR('',#5044,10.);
#1392=VECTOR('',#5045,10.);
#1393=VECTOR('',#5046,10.);
#1394=VECTOR('',#5049,10.);
#1395=VECTOR('',#5050,10.);
#1396=VECTOR('',#5051,10.);
#1397=VECTOR('',#5054,10.);
#1398=VECTOR('',#5057,10.);
#1399=VECTOR('',#5058,10.);
#1400=VECTOR('',#5059,10.);
#1401=VECTOR('',#5062,10.);
#1402=VECTOR('',#5063,10.);
#1403=VECTOR('',#5064,10.);
#1404=VECTOR('',#5067,10.);
#1405=VECTOR('',#5070,10.);
#1406=VECTOR('',#5083,10.);
#1407=VECTOR('',#5084,10.);
#1408=VECTOR('',#5085,10.);
#1409=VECTOR('',#5086,10.);
#1410=VECTOR('',#5087,10.);
#1411=VECTOR('',#5088,10.);
#1412=VECTOR('',#5091,10.);
#1413=VECTOR('',#5092,10.);
#1414=VECTOR('',#5095,10.);
#1415=VECTOR('',#5096,9.99999999999999);
#1416=VECTOR('',#5097,10.);
#1417=VECTOR('',#5098,10.);
#1418=VECTOR('',#5099,10.);
#1419=VECTOR('',#5100,10.);
#1420=VECTOR('',#5101,10.);
#1421=VECTOR('',#5104,10.);
#1422=VECTOR('',#5105,10.);
#1423=VECTOR('',#5108,10.);
#1424=VECTOR('',#5129,2.1);
#1425=VECTOR('',#5134,3.4);
#1426=VECTOR('',#5137,2.1);
#1427=VECTOR('',#5142,3.4);
#1428=VECTOR('',#5145,2.1);
#1429=VECTOR('',#5150,3.4);
#1430=VECTOR('',#5153,2.1);
#1431=VECTOR('',#5158,3.4);
#1432=VECTOR('',#5161,2.1);
#1433=VECTOR('',#5166,3.4);
#1434=VECTOR('',#5169,2.1);
#1435=VECTOR('',#5174,3.4);
#1436=VECTOR('',#5177,2.1);
#1437=VECTOR('',#5182,3.4);
#1438=VECTOR('',#5185,2.1);
#1439=VECTOR('',#5190,3.4);
#1440=VECTOR('',#5193,2.1);
#1441=VECTOR('',#5198,3.4);
#1442=VECTOR('',#5201,2.1);
#1443=VECTOR('',#5206,3.4);
#1444=VECTOR('',#5209,2.1);
#1445=VECTOR('',#5214,3.4);
#1446=VECTOR('',#5217,2.1);
#1447=VECTOR('',#5220,10.);
#1448=VECTOR('',#5221,10.);
#1449=VECTOR('',#5224,10.);
#1450=VECTOR('',#5227,10.);
#1451=VECTOR('',#5228,10.);
#1452=VECTOR('',#5231,10.);
#1453=VECTOR('',#5234,10.);
#1454=VECTOR('',#5235,10.);
#1455=VECTOR('',#5238,10.);
#1456=VECTOR('',#5241,10.);
#1457=VECTOR('',#5242,10.);
#1458=VECTOR('',#5245,10.);
#1459=VECTOR('',#5248,10.);
#1460=VECTOR('',#5249,10.);
#1461=VECTOR('',#5252,10.);
#1462=VECTOR('',#5255,10.);
#1463=VECTOR('',#5256,10.);
#1464=VECTOR('',#5259,10.);
#1465=VECTOR('',#5262,10.);
#1466=VECTOR('',#5263,10.);
#1467=VECTOR('',#5268,10.);
#1468=VECTOR('',#5269,10.);
#1469=VECTOR('',#5274,10.);
#1470=VECTOR('',#5275,10.);
#1471=VECTOR('',#5278,10.);
#1472=VECTOR('',#5281,10.);
#1473=VECTOR('',#5282,10.);
#1474=VECTOR('',#5285,10.);
#1475=VECTOR('',#5288,10.);
#1476=VECTOR('',#5289,10.);
#1477=VECTOR('',#5294,10.);
#1478=VECTOR('',#5295,10.);
#1479=VECTOR('',#5298,10.);
#1480=VECTOR('',#5301,2.1);
#1481=VECTOR('',#5304,2.1);
#1482=VECTOR('',#5307,2.1);
#1483=VECTOR('',#5310,2.1);
#1484=VECTOR('',#5313,10.);
#1485=VECTOR('',#5314,10.);
#1486=VECTOR('',#5317,10.);
#1487=VECTOR('',#5320,10.);
#1488=VECTOR('',#5323,10.);
#1489=VECTOR('',#5326,10.);
#1490=VECTOR('',#5329,10.);
#1491=VECTOR('',#5332,10.);
#1492=VECTOR('',#5335,10.);
#1493=VECTOR('',#5338,10.);
#1494=VECTOR('',#5341,10.);
#1495=VECTOR('',#5344,10.);
#1496=VECTOR('',#5347,10.);
#1497=VECTOR('',#5350,10.);
#1498=VECTOR('',#5353,10.);
#1499=VECTOR('',#5356,10.);
#1500=VECTOR('',#5359,10.);
#1501=VECTOR('',#5362,10.);
#1502=VECTOR('',#5365,10.);
#1503=VECTOR('',#5368,10.);
#1504=VECTOR('',#5371,10.);
#1505=VECTOR('',#5374,10.);
#1506=VECTOR('',#5383,10.);
#1507=VECTOR('',#5388,10.);
#1508=VECTOR('',#5393,10.);
#1509=VECTOR('',#5398,10.);
#1510=VECTOR('',#5403,10.);
#1511=VECTOR('',#5408,10.);
#1512=VECTOR('',#5413,10.);
#1513=VECTOR('',#5420,10.);
#1514=VECTOR('',#5421,10.);
#1515=VECTOR('',#5422,10.);
#1516=VECTOR('',#5423,10.);
#1517=VECTOR('',#5424,10.);
#1518=VECTOR('',#5431,10.);
#1519=VECTOR('',#5436,10.);
#1520=VECTOR('',#5437,10.);
#1521=VECTOR('',#5438,10.);
#1522=VECTOR('',#5441,10.);
#1523=VECTOR('',#5448,10.);
#1524=VECTOR('',#5451,10.);
#1525=VECTOR('',#5454,10.);
#1526=VECTOR('',#5461,10.);
#1527=VECTOR('',#5462,10.);
#1528=VECTOR('',#5465,10.);
#1529=VECTOR('',#5472,10.);
#1530=VECTOR('',#5473,10.);
#1531=VECTOR('',#5474,10.);
#1532=VECTOR('',#5479,10.);
#1533=VECTOR('',#5486,10.);
#1534=VECTOR('',#5489,10.);
#1535=VECTOR('',#5490,10.);
#1536=VECTOR('',#5491,10.);
#1537=VECTOR('',#5494,10.);
#1538=VECTOR('',#5497,10.);
#1539=VECTOR('',#5500,10.);
#1540=VECTOR('',#5503,10.);
#1541=VECTOR('',#5504,10.);
#1542=VECTOR('',#5507,10.);
#1543=VECTOR('',#5508,10.);
#1544=VECTOR('',#5511,10.);
#1545=VECTOR('',#5518,10.);
#1546=VECTOR('',#5519,10.);
#1547=VECTOR('',#5526,10.);
#1548=VECTOR('',#5527,10.);
#1549=VECTOR('',#5530,10.);
#1550=VECTOR('',#5537,2.);
#1551=VECTOR('',#5542,2.);
#1552=VECTOR('',#5547,10.);
#1553=VECTOR('',#5550,10.);
#1554=CIRCLE('',#4021,14.9);
#1555=CIRCLE('',#4022,10.);
#1556=CIRCLE('',#4024,36.);
#1557=CIRCLE('',#4025,6.);
#1558=CIRCLE('',#4026,36.);
#1559=CIRCLE('',#4027,6.);
#1560=CIRCLE('',#4028,36.);
#1561=CIRCLE('',#4029,6.);
#1562=CIRCLE('',#4030,36.);
#1563=CIRCLE('',#4031,6.);
#1564=CIRCLE('',#4032,2.);
#1565=CIRCLE('',#4033,2.);
#1566=CIRCLE('',#4034,2.);
#1567=CIRCLE('',#4035,2.);
#1568=CIRCLE('',#4037,1.6);
#1569=CIRCLE('',#4038,1.6);
#1570=CIRCLE('',#4040,1.6);
#1571=CIRCLE('',#4041,1.6);
#1572=CIRCLE('',#4043,1.6);
#1573=CIRCLE('',#4044,1.6);
#1574=CIRCLE('',#4046,1.6);
#1575=CIRCLE('',#4047,1.6);
#1576=CIRCLE('',#4049,1.6);
#1577=CIRCLE('',#4050,1.6);
#1578=CIRCLE('',#4053,6.);
#1579=CIRCLE('',#4054,36.);
#1580=CIRCLE('',#4055,6.);
#1581=CIRCLE('',#4056,36.);
#1582=CIRCLE('',#4057,6.);
#1583=CIRCLE('',#4058,36.);
#1584=CIRCLE('',#4059,6.);
#1585=CIRCLE('',#4060,36.);
#1586=CIRCLE('',#4061,2.);
#1587=CIRCLE('',#4062,2.);
#1588=CIRCLE('',#4063,2.);
#1589=CIRCLE('',#4064,2.);
#1590=CIRCLE('',#4093,2.1);
#1591=CIRCLE('',#4095,2.1);
#1592=CIRCLE('',#4096,4.7);
#1593=CIRCLE('',#4097,2.1);
#1594=CIRCLE('',#4099,5.);
#1595=CIRCLE('',#4101,2.1);
#1596=CIRCLE('',#4104,5.);
#1597=CIRCLE('',#4115,5.);
#1598=CIRCLE('',#4116,2.1);
#1599=CIRCLE('',#4123,5.);
#1600=CIRCLE('',#4124,2.1);
#1601=CIRCLE('',#4126,5.);
#1602=CIRCLE('',#4127,2.1);
#1603=CIRCLE('',#4129,5.);
#1604=CIRCLE('',#4133,5.);
#1605=CIRCLE('',#4134,2.1);
#1606=CIRCLE('',#4137,5.);
#1607=CIRCLE('',#4139,2.1);
#1608=CIRCLE('',#4146,1.6);
#1609=CIRCLE('',#4147,3.8);
#1610=CIRCLE('',#4149,5.);
#1611=CIRCLE('',#4150,3.);
#1612=CIRCLE('',#4151,29.0172362570916);
#1613=CIRCLE('',#4152,5.);
#1614=CIRCLE('',#4153,3.);
#1615=CIRCLE('',#4154,29.0172362570938);
#1616=CIRCLE('',#4155,5.);
#1617=CIRCLE('',#4156,3.);
#1618=CIRCLE('',#4157,29.0172362570903);
#1619=CIRCLE('',#4158,5.);
#1620=CIRCLE('',#4159,3.);
#1621=CIRCLE('',#4160,29.0172362570903);
#1622=CIRCLE('',#4161,3.8);
#1623=CIRCLE('',#4162,2.1);
#1624=CIRCLE('',#4163,2.1);
#1625=CIRCLE('',#4164,2.1);
#1626=CIRCLE('',#4165,2.1);
#1627=CIRCLE('',#4166,2.1);
#1628=CIRCLE('',#4167,2.1);
#1629=CIRCLE('',#4168,2.1);
#1630=CIRCLE('',#4169,2.1);
#1631=CIRCLE('',#4170,2.1);
#1632=CIRCLE('',#4171,2.1);
#1633=CIRCLE('',#4172,2.1);
#1634=CIRCLE('',#4173,2.1);
#1635=CIRCLE('',#4174,2.1);
#1636=CIRCLE('',#4175,2.1);
#1637=CIRCLE('',#4176,12.);
#1638=CIRCLE('',#4177,12.);
#1639=CIRCLE('',#4178,12.);
#1640=CIRCLE('',#4179,12.);
#1641=CIRCLE('',#4180,2.1);
#1642=CIRCLE('',#4181,2.1);
#1643=CIRCLE('',#4182,1.);
#1644=CIRCLE('',#4183,1.);
#1645=CIRCLE('',#4184,1.);
#1646=CIRCLE('',#4185,1.);
#1647=CIRCLE('',#4186,3.8);
#1648=CIRCLE('',#4188,1.6);
#1649=CIRCLE('',#4190,1.6);
#1650=CIRCLE('',#4192,1.6);
#1651=CIRCLE('',#4194,1.6);
#1652=CIRCLE('',#4196,1.6);
#1653=CIRCLE('',#4198,1.);
#1654=CIRCLE('',#4200,1.);
#1655=CIRCLE('',#4202,1.);
#1656=CIRCLE('',#4204,1.);
#1657=CIRCLE('',#4206,2.1);
#1658=CIRCLE('',#4207,2.1);
#1659=CIRCLE('',#4210,2.1);
#1660=CIRCLE('',#4211,2.1);
#1661=CIRCLE('',#4214,2.1);
#1662=CIRCLE('',#4215,2.1);
#1663=CIRCLE('',#4218,2.1);
#1664=CIRCLE('',#4219,2.1);
#1665=CIRCLE('',#4222,2.1);
#1666=CIRCLE('',#4223,4.7);
#1667=CIRCLE('',#4225,29.0172362570903);
#1668=CIRCLE('',#4226,3.);
#1669=CIRCLE('',#4227,5.);
#1670=CIRCLE('',#4228,29.0172362570903);
#1671=CIRCLE('',#4229,3.);
#1672=CIRCLE('',#4230,5.);
#1673=CIRCLE('',#4231,29.0172362570938);
#1674=CIRCLE('',#4232,3.);
#1675=CIRCLE('',#4233,5.);
#1676=CIRCLE('',#4234,29.0172362570916);
#1677=CIRCLE('',#4235,3.);
#1678=CIRCLE('',#4236,5.);
#1679=CIRCLE('',#4237,4.7);
#1680=CIRCLE('',#4238,4.7);
#1681=CIRCLE('',#4239,4.7);
#1682=CIRCLE('',#4240,4.7);
#1683=CIRCLE('',#4241,4.7);
#1684=CIRCLE('',#4242,4.7);
#1685=CIRCLE('',#4243,12.);
#1686=CIRCLE('',#4244,12.);
#1687=CIRCLE('',#4245,12.);
#1688=CIRCLE('',#4246,12.);
#1689=CIRCLE('',#4247,2.1);
#1690=CIRCLE('',#4248,2.1);
#1691=CIRCLE('',#4249,2.1);
#1692=CIRCLE('',#4250,2.1);
#1693=CIRCLE('',#4251,4.7);
#1694=CIRCLE('',#4252,4.7);
#1695=CIRCLE('',#4253,4.7);
#1696=CIRCLE('',#4254,4.7);
#1697=CIRCLE('',#4255,4.7);
#1698=CIRCLE('',#4258,2.1);
#1699=CIRCLE('',#4261,2.1);
#1700=CIRCLE('',#4264,2.1);
#1701=CIRCLE('',#4267,2.1);
#1702=CIRCLE('',#4270,2.1);
#1703=CIRCLE('',#4273,2.1);
#1704=CIRCLE('',#4276,2.1);
#1705=CIRCLE('',#4279,2.1);
#1706=CIRCLE('',#4282,2.1);
#1707=CIRCLE('',#4285,2.1);
#1708=CIRCLE('',#4288,2.1);
#1709=CIRCLE('',#4364,6.50000000000006);
#1710=CIRCLE('',#4366,67.);
#1711=CIRCLE('',#4367,67.);
#1712=CIRCLE('',#4368,67.);
#1713=CIRCLE('',#4369,67.);
#1714=CIRCLE('',#4371,84.);
#1715=CIRCLE('',#4372,6.00000105798246);
#1716=CIRCLE('',#4374,89.);
#1717=CIRCLE('',#4377,89.);
#1718=CIRCLE('',#4380,84.);
#1719=CIRCLE('',#4384,6.00000105798246);
#1720=CIRCLE('',#4388,6.00000105798246);
#1721=CIRCLE('',#4390,6.);
#1722=CIRCLE('',#4391,2.);
#1723=CIRCLE('',#4392,2.);
#1724=CIRCLE('',#4395,6.);
#1725=CIRCLE('',#4397,2.);
#1726=CIRCLE('',#4399,2.);
#1727=CIRCLE('',#4401,6.00000105798246);
#1728=VERTEX_POINT('',#5566);
#1729=VERTEX_POINT('',#5568);
#1730=VERTEX_POINT('',#5572);
#1731=VERTEX_POINT('',#5573);
#1732=VERTEX_POINT('',#5575);
#1733=VERTEX_POINT('',#5577);
#1734=VERTEX_POINT('',#5579);
#1735=VERTEX_POINT('',#5581);
#1736=VERTEX_POINT('',#5583);
#1737=VERTEX_POINT('',#5585);
#1738=VERTEX_POINT('',#5587);
#1739=VERTEX_POINT('',#5589);
#1740=VERTEX_POINT('',#5591);
#1741=VERTEX_POINT('',#5593);
#1742=VERTEX_POINT('',#5595);
#1743=VERTEX_POINT('',#5597);
#1744=VERTEX_POINT('',#5599);
#1745=VERTEX_POINT('',#5601);
#1746=VERTEX_POINT('',#5604);
#1747=VERTEX_POINT('',#5606);
#1748=VERTEX_POINT('',#5608);
#1749=VERTEX_POINT('',#5610);
#1750=VERTEX_POINT('',#5613);
#1751=VERTEX_POINT('',#5615);
#1752=VERTEX_POINT('',#5619);
#1753=VERTEX_POINT('',#5621);
#1754=VERTEX_POINT('',#5625);
#1755=VERTEX_POINT('',#5627);
#1756=VERTEX_POINT('',#5631);
#1757=VERTEX_POINT('',#5633);
#1758=VERTEX_POINT('',#5637);
#1759=VERTEX_POINT('',#5639);
#1760=VERTEX_POINT('',#5644);
#1761=VERTEX_POINT('',#5645);
#1762=VERTEX_POINT('',#5647);
#1763=VERTEX_POINT('',#5649);
#1764=VERTEX_POINT('',#5651);
#1765=VERTEX_POINT('',#5653);
#1766=VERTEX_POINT('',#5655);
#1767=VERTEX_POINT('',#5657);
#1768=VERTEX_POINT('',#5659);
#1769=VERTEX_POINT('',#5661);
#1770=VERTEX_POINT('',#5663);
#1771=VERTEX_POINT('',#5665);
#1772=VERTEX_POINT('',#5667);
#1773=VERTEX_POINT('',#5669);
#1774=VERTEX_POINT('',#5671);
#1775=VERTEX_POINT('',#5673);
#1776=VERTEX_POINT('',#5676);
#1777=VERTEX_POINT('',#5678);
#1778=VERTEX_POINT('',#5680);
#1779=VERTEX_POINT('',#5682);
#1780=VERTEX_POINT('',#5726);
#1781=VERTEX_POINT('',#5727);
#1782=VERTEX_POINT('',#5729);
#1783=VERTEX_POINT('',#5731);
#1784=VERTEX_POINT('',#5735);
#1785=VERTEX_POINT('',#5737);
#1786=VERTEX_POINT('',#5741);
#1787=VERTEX_POINT('',#5743);
#1788=VERTEX_POINT('',#5747);
#1789=VERTEX_POINT('',#5749);
#1790=VERTEX_POINT('',#5753);
#1791=VERTEX_POINT('',#5755);
#1792=VERTEX_POINT('',#5762);
#1793=VERTEX_POINT('',#5765);
#1794=VERTEX_POINT('',#5766);
#1795=VERTEX_POINT('',#5768);
#1796=VERTEX_POINT('',#5773);
#1797=VERTEX_POINT('',#5774);
#1798=VERTEX_POINT('',#5776);
#1799=VERTEX_POINT('',#5778);
#1800=VERTEX_POINT('',#5782);
#1801=VERTEX_POINT('',#5786);
#1802=VERTEX_POINT('',#5787);
#1803=VERTEX_POINT('',#5792);
#1804=VERTEX_POINT('',#5794);
#1805=VERTEX_POINT('',#5798);
#1806=VERTEX_POINT('',#5800);
#1807=VERTEX_POINT('',#5802);
#1808=VERTEX_POINT('',#5804);
#1809=VERTEX_POINT('',#5806);
#1810=VERTEX_POINT('',#5808);
#1811=VERTEX_POINT('',#5810);
#1812=VERTEX_POINT('',#5812);
#1813=VERTEX_POINT('',#5814);
#1814=VERTEX_POINT('',#5816);
#1815=VERTEX_POINT('',#5818);
#1816=VERTEX_POINT('',#5820);
#1817=VERTEX_POINT('',#5822);
#1818=VERTEX_POINT('',#5824);
#1819=VERTEX_POINT('',#5828);
#1820=VERTEX_POINT('',#5830);
#1821=VERTEX_POINT('',#5834);
#1822=VERTEX_POINT('',#5836);
#1823=VERTEX_POINT('',#5840);
#1824=VERTEX_POINT('',#5842);
#1825=VERTEX_POINT('',#5846);
#1826=VERTEX_POINT('',#5847);
#1827=VERTEX_POINT('',#5849);
#1828=VERTEX_POINT('',#5851);
#1829=VERTEX_POINT('',#5856);
#1830=VERTEX_POINT('',#5858);
#1831=VERTEX_POINT('',#5860);
#1832=VERTEX_POINT('',#5862);
#1833=VERTEX_POINT('',#5864);
#1834=VERTEX_POINT('',#5866);
#1835=VERTEX_POINT('',#5868);
#1836=VERTEX_POINT('',#5870);
#1837=VERTEX_POINT('',#5872);
#1838=VERTEX_POINT('',#5874);
#1839=VERTEX_POINT('',#5879);
#1840=VERTEX_POINT('',#5881);
#1841=VERTEX_POINT('',#5888);
#1842=VERTEX_POINT('',#5890);
#1843=VERTEX_POINT('',#5894);
#1844=VERTEX_POINT('',#5898);
#1845=VERTEX_POINT('',#5901);
#1846=VERTEX_POINT('',#5907);
#1847=VERTEX_POINT('',#5909);
#1848=VERTEX_POINT('',#5913);
#1849=VERTEX_POINT('',#5915);
#1850=VERTEX_POINT('',#5923);
#1851=VERTEX_POINT('',#5927);
#1852=VERTEX_POINT('',#5935);
#1853=VERTEX_POINT('',#5941);
#1854=VERTEX_POINT('',#5952);
#1855=VERTEX_POINT('',#5954);
#1856=VERTEX_POINT('',#5958);
#1857=VERTEX_POINT('',#5959);
#1858=VERTEX_POINT('',#5961);
#1859=VERTEX_POINT('',#5963);
#1860=VERTEX_POINT('',#5965);
#1861=VERTEX_POINT('',#5967);
#1862=VERTEX_POINT('',#5969);
#1863=VERTEX_POINT('',#5971);
#1864=VERTEX_POINT('',#5973);
#1865=VERTEX_POINT('',#5975);
#1866=VERTEX_POINT('',#5977);
#1867=VERTEX_POINT('',#5979);
#1868=VERTEX_POINT('',#5981);
#1869=VERTEX_POINT('',#5983);
#1870=VERTEX_POINT('',#5985);
#1871=VERTEX_POINT('',#5987);
#1872=VERTEX_POINT('',#5989);
#1873=VERTEX_POINT('',#5991);
#1874=VERTEX_POINT('',#5993);
#1875=VERTEX_POINT('',#5995);
#1876=VERTEX_POINT('',#5997);
#1877=VERTEX_POINT('',#5999);
#1878=VERTEX_POINT('',#6001);
#1879=VERTEX_POINT('',#6003);
#1880=VERTEX_POINT('',#6005);
#1881=VERTEX_POINT('',#6007);
#1882=VERTEX_POINT('',#6009);
#1883=VERTEX_POINT('',#6011);
#1884=VERTEX_POINT('',#6013);
#1885=VERTEX_POINT('',#6015);
#1886=VERTEX_POINT('',#6017);
#1887=VERTEX_POINT('',#6019);
#1888=VERTEX_POINT('',#6021);
#1889=VERTEX_POINT('',#6023);
#1890=VERTEX_POINT('',#6025);
#1891=VERTEX_POINT('',#6027);
#1892=VERTEX_POINT('',#6029);
#1893=VERTEX_POINT('',#6031);
#1894=VERTEX_POINT('',#6033);
#1895=VERTEX_POINT('',#6035);
#1896=VERTEX_POINT('',#6038);
#1897=VERTEX_POINT('',#6040);
#1898=VERTEX_POINT('',#6042);
#1899=VERTEX_POINT('',#6044);
#1900=VERTEX_POINT('',#6046);
#1901=VERTEX_POINT('',#6048);
#1902=VERTEX_POINT('',#6050);
#1903=VERTEX_POINT('',#6052);
#1904=VERTEX_POINT('',#6054);
#1905=VERTEX_POINT('',#6056);
#1906=VERTEX_POINT('',#6058);
#1907=VERTEX_POINT('',#6060);
#1908=VERTEX_POINT('',#6062);
#1909=VERTEX_POINT('',#6064);
#1910=VERTEX_POINT('',#6066);
#1911=VERTEX_POINT('',#6068);
#1912=VERTEX_POINT('',#6069);
#1913=VERTEX_POINT('',#6071);
#1914=VERTEX_POINT('',#6073);
#1915=VERTEX_POINT('',#6075);
#1916=VERTEX_POINT('',#6077);
#1917=VERTEX_POINT('',#6079);
#1918=VERTEX_POINT('',#6081);
#1919=VERTEX_POINT('',#6083);
#1920=VERTEX_POINT('',#6085);
#1921=VERTEX_POINT('',#6087);
#1922=VERTEX_POINT('',#6089);
#1923=VERTEX_POINT('',#6091);
#1924=VERTEX_POINT('',#6093);
#1925=VERTEX_POINT('',#6095);
#1926=VERTEX_POINT('',#6097);
#1927=VERTEX_POINT('',#6099);
#1928=VERTEX_POINT('',#6101);
#1929=VERTEX_POINT('',#6103);
#1930=VERTEX_POINT('',#6105);
#1931=VERTEX_POINT('',#6107);
#1932=VERTEX_POINT('',#6109);
#1933=VERTEX_POINT('',#6112);
#1934=VERTEX_POINT('',#6114);
#1935=VERTEX_POINT('',#6116);
#1936=VERTEX_POINT('',#6118);
#1937=VERTEX_POINT('',#6120);
#1938=VERTEX_POINT('',#6122);
#1939=VERTEX_POINT('',#6124);
#1940=VERTEX_POINT('',#6127);
#1941=VERTEX_POINT('',#6131);
#1942=VERTEX_POINT('',#6135);
#1943=VERTEX_POINT('',#6139);
#1944=VERTEX_POINT('',#6143);
#1945=VERTEX_POINT('',#6147);
#1946=VERTEX_POINT('',#6151);
#1947=VERTEX_POINT('',#6155);
#1948=VERTEX_POINT('',#6159);
#1949=VERTEX_POINT('',#6163);
#1950=VERTEX_POINT('',#6165);
#1951=VERTEX_POINT('',#6170);
#1952=VERTEX_POINT('',#6172);
#1953=VERTEX_POINT('',#6177);
#1954=VERTEX_POINT('',#6179);
#1955=VERTEX_POINT('',#6184);
#1956=VERTEX_POINT('',#6186);
#1957=VERTEX_POINT('',#6191);
#1958=VERTEX_POINT('',#6193);
#1959=VERTEX_POINT('',#6197);
#1960=VERTEX_POINT('',#6198);
#1961=VERTEX_POINT('',#6200);
#1962=VERTEX_POINT('',#6202);
#1963=VERTEX_POINT('',#6204);
#1964=VERTEX_POINT('',#6206);
#1965=VERTEX_POINT('',#6208);
#1966=VERTEX_POINT('',#6210);
#1967=VERTEX_POINT('',#6212);
#1968=VERTEX_POINT('',#6214);
#1969=VERTEX_POINT('',#6216);
#1970=VERTEX_POINT('',#6218);
#1971=VERTEX_POINT('',#6220);
#1972=VERTEX_POINT('',#6222);
#1973=VERTEX_POINT('',#6224);
#1974=VERTEX_POINT('',#6226);
#1975=VERTEX_POINT('',#6228);
#1976=VERTEX_POINT('',#6230);
#1977=VERTEX_POINT('',#6232);
#1978=VERTEX_POINT('',#6234);
#1979=VERTEX_POINT('',#6236);
#1980=VERTEX_POINT('',#6238);
#1981=VERTEX_POINT('',#6240);
#1982=VERTEX_POINT('',#6242);
#1983=VERTEX_POINT('',#6244);
#1984=VERTEX_POINT('',#6246);
#1985=VERTEX_POINT('',#6248);
#1986=VERTEX_POINT('',#6250);
#1987=VERTEX_POINT('',#6252);
#1988=VERTEX_POINT('',#6254);
#1989=VERTEX_POINT('',#6256);
#1990=VERTEX_POINT('',#6258);
#1991=VERTEX_POINT('',#6260);
#1992=VERTEX_POINT('',#6262);
#1993=VERTEX_POINT('',#6264);
#1994=VERTEX_POINT('',#6266);
#1995=VERTEX_POINT('',#6268);
#1996=VERTEX_POINT('',#6270);
#1997=VERTEX_POINT('',#6272);
#1998=VERTEX_POINT('',#6274);
#1999=VERTEX_POINT('',#6277);
#2000=VERTEX_POINT('',#6279);
#2001=VERTEX_POINT('',#6281);
#2002=VERTEX_POINT('',#6283);
#2003=VERTEX_POINT('',#6285);
#2004=VERTEX_POINT('',#6287);
#2005=VERTEX_POINT('',#6289);
#2006=VERTEX_POINT('',#6290);
#2007=VERTEX_POINT('',#6292);
#2008=VERTEX_POINT('',#6294);
#2009=VERTEX_POINT('',#6296);
#2010=VERTEX_POINT('',#6298);
#2011=VERTEX_POINT('',#6300);
#2012=VERTEX_POINT('',#6302);
#2013=VERTEX_POINT('',#6304);
#2014=VERTEX_POINT('',#6306);
#2015=VERTEX_POINT('',#6308);
#2016=VERTEX_POINT('',#6310);
#2017=VERTEX_POINT('',#6312);
#2018=VERTEX_POINT('',#6314);
#2019=VERTEX_POINT('',#6316);
#2020=VERTEX_POINT('',#6318);
#2021=VERTEX_POINT('',#6320);
#2022=VERTEX_POINT('',#6322);
#2023=VERTEX_POINT('',#6324);
#2024=VERTEX_POINT('',#6326);
#2025=VERTEX_POINT('',#6328);
#2026=VERTEX_POINT('',#6330);
#2027=VERTEX_POINT('',#6333);
#2028=VERTEX_POINT('',#6335);
#2029=VERTEX_POINT('',#6337);
#2030=VERTEX_POINT('',#6339);
#2031=VERTEX_POINT('',#6341);
#2032=VERTEX_POINT('',#6343);
#2033=VERTEX_POINT('',#6345);
#2034=VERTEX_POINT('',#6347);
#2035=VERTEX_POINT('',#6349);
#2036=VERTEX_POINT('',#6354);
#2037=VERTEX_POINT('',#6360);
#2038=VERTEX_POINT('',#6366);
#2039=VERTEX_POINT('',#6372);
#2040=VERTEX_POINT('',#6378);
#2041=VERTEX_POINT('',#6384);
#2042=VERTEX_POINT('',#6390);
#2043=VERTEX_POINT('',#6396);
#2044=VERTEX_POINT('',#6402);
#2045=VERTEX_POINT('',#6408);
#2046=VERTEX_POINT('',#6414);
#2047=VERTEX_POINT('',#6553);
#2048=VERTEX_POINT('',#6554);
#2049=VERTEX_POINT('',#6556);
#2050=VERTEX_POINT('',#6558);
#2051=VERTEX_POINT('',#6560);
#2052=VERTEX_POINT('',#6564);
#2053=VERTEX_POINT('',#6566);
#2054=VERTEX_POINT('',#6568);
#2055=VERTEX_POINT('',#6572);
#2056=VERTEX_POINT('',#6574);
#2057=VERTEX_POINT('',#6576);
#2058=VERTEX_POINT('',#6582);
#2059=VERTEX_POINT('',#6586);
#2060=VERTEX_POINT('',#6588);
#2061=VERTEX_POINT('',#6590);
#2062=VERTEX_POINT('',#6592);
#2063=VERTEX_POINT('',#6594);
#2064=VERTEX_POINT('',#6596);
#2065=VERTEX_POINT('',#6600);
#2066=VERTEX_POINT('',#6602);
#2067=VERTEX_POINT('',#6604);
#2068=VERTEX_POINT('',#6606);
#2069=VERTEX_POINT('',#6610);
#2070=VERTEX_POINT('',#6616);
#2071=VERTEX_POINT('',#6618);
#2072=VERTEX_POINT('',#6622);
#2073=VERTEX_POINT('',#6624);
#2074=VERTEX_POINT('',#6628);
#2075=VERTEX_POINT('',#6632);
#2076=VERTEX_POINT('',#6634);
#2077=VERTEX_POINT('',#6640);
#2078=VERTEX_POINT('',#6642);
#2079=VERTEX_POINT('',#6646);
#2080=VERTEX_POINT('',#6650);
#2081=VERTEX_POINT('',#6654);
#2082=VERTEX_POINT('',#6658);
#2083=VERTEX_POINT('',#6659);
#2084=VERTEX_POINT('',#6663);
#2085=VERTEX_POINT('',#6665);
#2086=VERTEX_POINT('',#6668);
#2087=VERTEX_POINT('',#6675);
#2088=VERTEX_POINT('',#6679);
#2089=VERTEX_POINT('',#6683);
#2090=EDGE_CURVE('',#1728,#1728,#1554,.T.);
#2091=EDGE_CURVE('',#1728,#1729,#810,.T.);
#2092=EDGE_CURVE('',#1729,#1729,#1555,.T.);
#2093=EDGE_CURVE('',#1730,#1731,#811,.T.);
#2094=EDGE_CURVE('',#1731,#1732,#812,.T.);
#2095=EDGE_CURVE('',#1732,#1733,#1556,.T.);
#2096=EDGE_CURVE('',#1733,#1734,#1557,.T.);
#2097=EDGE_CURVE('',#1734,#1735,#813,.T.);
#2098=EDGE_CURVE('',#1735,#1736,#814,.T.);
#2099=EDGE_CURVE('',#1736,#1737,#1558,.T.);
#2100=EDGE_CURVE('',#1737,#1738,#1559,.T.);
#2101=EDGE_CURVE('',#1738,#1739,#815,.T.);
#2102=EDGE_CURVE('',#1739,#1740,#816,.T.);
#2103=EDGE_CURVE('',#1740,#1741,#1560,.T.);
#2104=EDGE_CURVE('',#1741,#1742,#1561,.T.);
#2105=EDGE_CURVE('',#1742,#1743,#817,.T.);
#2106=EDGE_CURVE('',#1743,#1744,#818,.T.);
#2107=EDGE_CURVE('',#1744,#1745,#1562,.T.);
#2108=EDGE_CURVE('',#1745,#1730,#1563,.T.);
#2109=EDGE_CURVE('',#1746,#1746,#1564,.T.);
#2110=EDGE_CURVE('',#1747,#1747,#1565,.T.);
#2111=EDGE_CURVE('',#1748,#1748,#1566,.T.);
#2112=EDGE_CURVE('',#1749,#1749,#1567,.T.);
#2113=EDGE_CURVE('',#1750,#1750,#1568,.T.);
#2114=EDGE_CURVE('',#1750,#1751,#819,.T.);
#2115=EDGE_CURVE('',#1751,#1751,#1569,.T.);
#2116=EDGE_CURVE('',#1752,#1752,#1570,.T.);
#2117=EDGE_CURVE('',#1752,#1753,#820,.T.);
#2118=EDGE_CURVE('',#1753,#1753,#1571,.T.);
#2119=EDGE_CURVE('',#1754,#1754,#1572,.T.);
#2120=EDGE_CURVE('',#1754,#1755,#821,.T.);
#2121=EDGE_CURVE('',#1755,#1755,#1573,.T.);
#2122=EDGE_CURVE('',#1756,#1756,#1574,.T.);
#2123=EDGE_CURVE('',#1756,#1757,#822,.T.);
#2124=EDGE_CURVE('',#1757,#1757,#1575,.T.);
#2125=EDGE_CURVE('',#1758,#1758,#1576,.T.);
#2126=EDGE_CURVE('',#1758,#1759,#823,.T.);
#2127=EDGE_CURVE('',#1759,#1759,#1577,.T.);
#2128=EDGE_CURVE('',#1760,#1761,#824,.T.);
#2129=EDGE_CURVE('',#1761,#1762,#1578,.T.);
#2130=EDGE_CURVE('',#1762,#1763,#1579,.T.);
#2131=EDGE_CURVE('',#1763,#1764,#825,.T.);
#2132=EDGE_CURVE('',#1764,#1765,#826,.T.);
#2133=EDGE_CURVE('',#1765,#1766,#1580,.T.);
#2134=EDGE_CURVE('',#1766,#1767,#1581,.T.);
#2135=EDGE_CURVE('',#1767,#1768,#827,.T.);
#2136=EDGE_CURVE('',#1768,#1769,#828,.T.);
#2137=EDGE_CURVE('',#1769,#1770,#1582,.T.);
#2138=EDGE_CURVE('',#1770,#1771,#1583,.T.);
#2139=EDGE_CURVE('',#1771,#1772,#829,.T.);
#2140=EDGE_CURVE('',#1772,#1773,#830,.T.);
#2141=EDGE_CURVE('',#1773,#1774,#1584,.T.);
#2142=EDGE_CURVE('',#1774,#1775,#1585,.T.);
#2143=EDGE_CURVE('',#1775,#1760,#831,.T.);
#2144=EDGE_CURVE('',#1776,#1776,#1586,.T.);
#2145=EDGE_CURVE('',#1777,#1777,#1587,.T.);
#2146=EDGE_CURVE('',#1778,#1778,#1588,.T.);
#2147=EDGE_CURVE('',#1779,#1779,#1589,.T.);
#2148=EDGE_CURVE('',#1779,#1746,#832,.T.);
#2149=EDGE_CURVE('',#1778,#1747,#833,.T.);
#2150=EDGE_CURVE('',#1777,#1748,#834,.T.);
#2151=EDGE_CURVE('',#1776,#1749,#835,.T.);
#2152=EDGE_CURVE('',#1730,#1761,#836,.T.);
#2153=EDGE_CURVE('',#1762,#1745,#837,.T.);
#2154=EDGE_CURVE('',#1763,#1744,#838,.T.);
#2155=EDGE_CURVE('',#1764,#1743,#839,.T.);
#2156=EDGE_CURVE('',#1765,#1742,#840,.T.);
#2157=EDGE_CURVE('',#1766,#1741,#841,.T.);
#2158=EDGE_CURVE('',#1767,#1740,#842,.T.);
#2159=EDGE_CURVE('',#1768,#1739,#843,.T.);
#2160=EDGE_CURVE('',#1769,#1738,#844,.T.);
#2161=EDGE_CURVE('',#1770,#1737,#845,.T.);
#2162=EDGE_CURVE('',#1771,#1736,#846,.T.);
#2163=EDGE_CURVE('',#1772,#1735,#847,.T.);
#2164=EDGE_CURVE('',#1773,#1734,#848,.T.);
#2165=EDGE_CURVE('',#1774,#1733,#849,.T.);
#2166=EDGE_CURVE('',#1775,#1732,#850,.T.);
#2167=EDGE_CURVE('',#1760,#1731,#851,.T.);
#2168=EDGE_CURVE('',#1780,#1781,#852,.T.);
#2169=EDGE_CURVE('',#1780,#1782,#853,.T.);
#2170=EDGE_CURVE('',#1782,#1783,#854,.T.);
#2171=EDGE_CURVE('',#1781,#1783,#855,.T.);
#2172=EDGE_CURVE('',#1784,#1780,#856,.T.);
#2173=EDGE_CURVE('',#1784,#1785,#857,.T.);
#2174=EDGE_CURVE('',#1785,#1782,#858,.T.);
#2175=EDGE_CURVE('',#1786,#1784,#859,.T.);
#2176=EDGE_CURVE('',#1786,#1787,#860,.T.);
#2177=EDGE_CURVE('',#1787,#1785,#861,.T.);
#2178=EDGE_CURVE('',#1788,#1786,#862,.T.);
#2179=EDGE_CURVE('',#1788,#1789,#863,.T.);
#2180=EDGE_CURVE('',#1789,#1787,#864,.T.);
#2181=EDGE_CURVE('',#1790,#1788,#865,.T.);
#2182=EDGE_CURVE('',#1790,#1791,#866,.T.);
#2183=EDGE_CURVE('',#1791,#1789,#867,.T.);
#2184=EDGE_CURVE('',#1781,#1790,#868,.T.);
#2185=EDGE_CURVE('',#1783,#1791,#869,.T.);
#2186=EDGE_CURVE('',#1792,#1792,#1590,.T.);
#2187=EDGE_CURVE('',#1793,#1794,#1591,.T.);
#2188=EDGE_CURVE('',#1794,#1795,#870,.T.);
#2189=EDGE_CURVE('',#1795,#1795,#1592,.T.);
#2190=EDGE_CURVE('',#1794,#1793,#1593,.T.);
#2191=EDGE_CURVE('',#1796,#1797,#871,.T.);
#2192=EDGE_CURVE('',#1798,#1796,#1594,.T.);
#2193=EDGE_CURVE('',#1799,#1798,#872,.T.);
#2194=EDGE_CURVE('',#1797,#1799,#873,.T.);
#2195=EDGE_CURVE('',#1800,#1800,#1595,.T.);
#2196=EDGE_CURVE('',#1800,#1793,#874,.T.);
#2197=EDGE_CURVE('',#1801,#1802,#875,.T.);
#2198=EDGE_CURVE('',#1797,#1801,#876,.T.);
#2199=EDGE_CURVE('',#1802,#1799,#877,.T.);
#2200=EDGE_CURVE('',#1803,#1796,#878,.T.);
#2201=EDGE_CURVE('',#1803,#1804,#1596,.T.);
#2202=EDGE_CURVE('',#1804,#1798,#879,.T.);
#2203=EDGE_CURVE('',#1801,#1805,#880,.T.);
#2204=EDGE_CURVE('',#1806,#1805,#881,.T.);
#2205=EDGE_CURVE('',#1807,#1806,#882,.T.);
#2206=EDGE_CURVE('',#1808,#1807,#883,.T.);
#2207=EDGE_CURVE('',#1808,#1809,#884,.T.);
#2208=EDGE_CURVE('',#1810,#1809,#885,.T.);
#2209=EDGE_CURVE('',#1810,#1811,#886,.T.);
#2210=EDGE_CURVE('',#1812,#1811,#887,.T.);
#2211=EDGE_CURVE('',#1813,#1812,#888,.T.);
#2212=EDGE_CURVE('',#1814,#1813,#889,.T.);
#2213=EDGE_CURVE('',#1814,#1815,#890,.T.);
#2214=EDGE_CURVE('',#1815,#1816,#891,.T.);
#2215=EDGE_CURVE('',#1816,#1817,#892,.T.);
#2216=EDGE_CURVE('',#1818,#1817,#893,.T.);
#2217=EDGE_CURVE('',#1818,#1803,#894,.T.);
#2218=EDGE_CURVE('',#1817,#1819,#895,.F.);
#2219=EDGE_CURVE('',#1819,#1820,#896,.T.);
#2220=EDGE_CURVE('',#1820,#1818,#897,.F.);
#2221=EDGE_CURVE('',#1819,#1821,#898,.T.);
#2222=EDGE_CURVE('',#1822,#1821,#899,.T.);
#2223=EDGE_CURVE('',#1820,#1822,#900,.T.);
#2224=EDGE_CURVE('',#1823,#1822,#901,.F.);
#2225=EDGE_CURVE('',#1821,#1824,#902,.F.);
#2226=EDGE_CURVE('',#1824,#1823,#903,.T.);
#2227=EDGE_CURVE('',#1825,#1826,#904,.T.);
#2228=EDGE_CURVE('',#1826,#1827,#905,.T.);
#2229=EDGE_CURVE('',#1827,#1828,#906,.F.);
#2230=EDGE_CURVE('',#1828,#1825,#907,.T.);
#2231=EDGE_CURVE('',#1804,#1823,#908,.T.);
#2232=EDGE_CURVE('',#1824,#1829,#909,.T.);
#2233=EDGE_CURVE('',#1830,#1829,#910,.T.);
#2234=EDGE_CURVE('',#1830,#1831,#911,.T.);
#2235=EDGE_CURVE('',#1832,#1831,#912,.T.);
#2236=EDGE_CURVE('',#1833,#1832,#913,.T.);
#2237=EDGE_CURVE('',#1834,#1833,#914,.T.);
#2238=EDGE_CURVE('',#1834,#1835,#915,.T.);
#2239=EDGE_CURVE('',#1836,#1835,#916,.T.);
#2240=EDGE_CURVE('',#1836,#1837,#917,.T.);
#2241=EDGE_CURVE('',#1838,#1837,#918,.T.);
#2242=EDGE_CURVE('',#1825,#1838,#919,.T.);
#2243=EDGE_CURVE('',#1828,#1802,#920,.T.);
#2244=EDGE_CURVE('',#1839,#1806,#921,.T.);
#2245=EDGE_CURVE('',#1805,#1840,#922,.F.);
#2246=EDGE_CURVE('',#1840,#1839,#923,.T.);
#2247=EDGE_CURVE('',#1839,#1826,#924,.T.);
#2248=EDGE_CURVE('',#1840,#1827,#925,.T.);
#2249=EDGE_CURVE('',#1841,#1832,#926,.T.);
#2250=EDGE_CURVE('',#1831,#1842,#927,.F.);
#2251=EDGE_CURVE('',#1842,#1841,#928,.T.);
#2252=EDGE_CURVE('',#1841,#1843,#929,.T.);
#2253=EDGE_CURVE('',#1813,#1843,#930,.T.);
#2254=EDGE_CURVE('',#1812,#1833,#1597,.T.);
#2255=EDGE_CURVE('',#1844,#1844,#1598,.T.);
#2256=EDGE_CURVE('',#1845,#1842,#931,.T.);
#2257=EDGE_CURVE('',#1843,#1845,#932,.T.);
#2258=EDGE_CURVE('',#1845,#1814,#933,.F.);
#2259=EDGE_CURVE('',#1835,#1846,#934,.F.);
#2260=EDGE_CURVE('',#1846,#1847,#935,.T.);
#2261=EDGE_CURVE('',#1847,#1836,#936,.F.);
#2262=EDGE_CURVE('',#1848,#1846,#937,.T.);
#2263=EDGE_CURVE('',#1849,#1848,#938,.T.);
#2264=EDGE_CURVE('',#1849,#1847,#939,.T.);
#2265=EDGE_CURVE('',#1809,#1849,#940,.F.);
#2266=EDGE_CURVE('',#1848,#1810,#941,.F.);
#2267=EDGE_CURVE('',#1837,#1808,#1599,.T.);
#2268=EDGE_CURVE('',#1850,#1850,#1600,.T.);
#2269=EDGE_CURVE('',#1811,#1834,#1601,.T.);
#2270=EDGE_CURVE('',#1851,#1851,#1602,.T.);
#2271=EDGE_CURVE('',#1815,#1830,#1603,.T.);
#2272=EDGE_CURVE('',#1829,#1816,#1604,.T.);
#2273=EDGE_CURVE('',#1852,#1852,#1605,.T.);
#2274=EDGE_CURVE('',#1838,#1807,#1606,.T.);
#2275=EDGE_CURVE('',#1853,#1853,#1607,.T.);
#2276=EDGE_CURVE('',#1844,#1851,#942,.T.);
#2277=EDGE_CURVE('',#1792,#1852,#943,.T.);
#2278=EDGE_CURVE('',#1850,#1853,#944,.T.);
#2279=EDGE_CURVE('',#1854,#1854,#1608,.T.);
#2280=EDGE_CURVE('',#1854,#1855,#945,.T.);
#2281=EDGE_CURVE('',#1855,#1855,#1609,.T.);
#2282=EDGE_CURVE('',#1856,#1857,#946,.T.);
#2283=EDGE_CURVE('',#1858,#1857,#947,.T.);
#2284=EDGE_CURVE('',#1859,#1858,#1610,.T.);
#2285=EDGE_CURVE('',#1860,#1859,#948,.T.);
#2286=EDGE_CURVE('',#1860,#1861,#1611,.T.);
#2287=EDGE_CURVE('',#1862,#1861,#949,.T.);
#2288=EDGE_CURVE('',#1862,#1863,#950,.T.);
#2289=EDGE_CURVE('',#1864,#1863,#951,.T.);
#2290=EDGE_CURVE('',#1865,#1864,#1612,.T.);
#2291=EDGE_CURVE('',#1866,#1865,#952,.T.);
#2292=EDGE_CURVE('',#1866,#1867,#953,.T.);
#2293=EDGE_CURVE('',#1868,#1867,#954,.T.);
#2294=EDGE_CURVE('',#1869,#1868,#1613,.T.);
#2295=EDGE_CURVE('',#1870,#1869,#955,.T.);
#2296=EDGE_CURVE('',#1870,#1871,#1614,.T.);
#2297=EDGE_CURVE('',#1872,#1871,#956,.T.);
#2298=EDGE_CURVE('',#1872,#1873,#957,.T.);
#2299=EDGE_CURVE('',#1874,#1873,#958,.T.);
#2300=EDGE_CURVE('',#1875,#1874,#1615,.T.);
#2301=EDGE_CURVE('',#1876,#1875,#959,.T.);
#2302=EDGE_CURVE('',#1876,#1877,#960,.T.);
#2303=EDGE_CURVE('',#1878,#1877,#961,.T.);
#2304=EDGE_CURVE('',#1879,#1878,#1616,.T.);
#2305=EDGE_CURVE('',#1880,#1879,#962,.T.);
#2306=EDGE_CURVE('',#1880,#1881,#1617,.T.);
#2307=EDGE_CURVE('',#1882,#1881,#963,.T.);
#2308=EDGE_CURVE('',#1882,#1883,#964,.T.);
#2309=EDGE_CURVE('',#1884,#1883,#965,.T.);
#2310=EDGE_CURVE('',#1885,#1884,#1618,.T.);
#2311=EDGE_CURVE('',#1886,#1885,#966,.T.);
#2312=EDGE_CURVE('',#1886,#1887,#967,.T.);
#2313=EDGE_CURVE('',#1888,#1887,#968,.T.);
#2314=EDGE_CURVE('',#1889,#1888,#1619,.T.);
#2315=EDGE_CURVE('',#1890,#1889,#969,.T.);
#2316=EDGE_CURVE('',#1890,#1891,#1620,.T.);
#2317=EDGE_CURVE('',#1892,#1891,#970,.T.);
#2318=EDGE_CURVE('',#1892,#1893,#971,.T.);
#2319=EDGE_CURVE('',#1894,#1893,#972,.T.);
#2320=EDGE_CURVE('',#1895,#1894,#1621,.T.);
#2321=EDGE_CURVE('',#1856,#1895,#973,.T.);
#2322=EDGE_CURVE('',#1896,#1896,#1622,.T.);
#2323=EDGE_CURVE('',#1897,#1897,#1623,.T.);
#2324=EDGE_CURVE('',#1898,#1898,#1624,.T.);
#2325=EDGE_CURVE('',#1899,#1899,#1625,.T.);
#2326=EDGE_CURVE('',#1900,#1900,#1626,.T.);
#2327=EDGE_CURVE('',#1901,#1901,#1627,.T.);
#2328=EDGE_CURVE('',#1902,#1902,#1628,.T.);
#2329=EDGE_CURVE('',#1903,#1903,#1629,.T.);
#2330=EDGE_CURVE('',#1904,#1904,#1630,.T.);
#2331=EDGE_CURVE('',#1905,#1905,#1631,.T.);
#2332=EDGE_CURVE('',#1906,#1906,#1632,.T.);
#2333=EDGE_CURVE('',#1907,#1907,#1633,.T.);
#2334=EDGE_CURVE('',#1908,#1908,#1634,.T.);
#2335=EDGE_CURVE('',#1909,#1909,#1635,.T.);
#2336=EDGE_CURVE('',#1910,#1910,#1636,.T.);
#2337=EDGE_CURVE('',#1911,#1912,#974,.T.);
#2338=EDGE_CURVE('',#1913,#1911,#975,.T.);
#2339=EDGE_CURVE('',#1914,#1913,#1637,.T.);
#2340=EDGE_CURVE('',#1915,#1914,#976,.T.);
#2341=EDGE_CURVE('',#1916,#1915,#977,.T.);
#2342=EDGE_CURVE('',#1917,#1916,#1638,.T.);
#2343=EDGE_CURVE('',#1918,#1917,#978,.T.);
#2344=EDGE_CURVE('',#1919,#1918,#979,.T.);
#2345=EDGE_CURVE('',#1920,#1919,#980,.T.);
#2346=EDGE_CURVE('',#1921,#1920,#981,.T.);
#2347=EDGE_CURVE('',#1922,#1921,#982,.T.);
#2348=EDGE_CURVE('',#1923,#1922,#983,.T.);
#2349=EDGE_CURVE('',#1924,#1923,#984,.T.);
#2350=EDGE_CURVE('',#1925,#1924,#1639,.T.);
#2351=EDGE_CURVE('',#1926,#1925,#985,.T.);
#2352=EDGE_CURVE('',#1927,#1926,#986,.T.);
#2353=EDGE_CURVE('',#1928,#1927,#1640,.T.);
#2354=EDGE_CURVE('',#1929,#1928,#987,.T.);
#2355=EDGE_CURVE('',#1930,#1929,#988,.T.);
#2356=EDGE_CURVE('',#1931,#1930,#989,.T.);
#2357=EDGE_CURVE('',#1932,#1931,#990,.T.);
#2358=EDGE_CURVE('',#1912,#1932,#991,.T.);
#2359=EDGE_CURVE('',#1933,#1933,#1641,.T.);
#2360=EDGE_CURVE('',#1934,#1934,#1642,.T.);
#2361=EDGE_CURVE('',#1935,#1935,#1643,.T.);
#2362=EDGE_CURVE('',#1936,#1936,#1644,.T.);
#2363=EDGE_CURVE('',#1937,#1937,#1645,.T.);
#2364=EDGE_CURVE('',#1938,#1938,#1646,.T.);
#2365=EDGE_CURVE('',#1939,#1939,#1647,.T.);
#2366=EDGE_CURVE('',#1854,#1940,#992,.T.);
#2367=EDGE_CURVE('',#1940,#1940,#1648,.T.);
#2368=EDGE_CURVE('',#1941,#1941,#1649,.T.);
#2369=EDGE_CURVE('',#1941,#1896,#993,.T.);
#2370=EDGE_CURVE('',#1941,#1942,#994,.T.);
#2371=EDGE_CURVE('',#1942,#1942,#1650,.T.);
#2372=EDGE_CURVE('',#1943,#1943,#1651,.T.);
#2373=EDGE_CURVE('',#1943,#1939,#995,.T.);
#2374=EDGE_CURVE('',#1943,#1944,#996,.T.);
#2375=EDGE_CURVE('',#1944,#1944,#1652,.T.);
#2376=EDGE_CURVE('',#1938,#1945,#997,.T.);
#2377=EDGE_CURVE('',#1945,#1945,#1653,.T.);
#2378=EDGE_CURVE('',#1937,#1946,#998,.T.);
#2379=EDGE_CURVE('',#1946,#1946,#1654,.T.);
#2380=EDGE_CURVE('',#1936,#1947,#999,.T.);
#2381=EDGE_CURVE('',#1947,#1947,#1655,.T.);
#2382=EDGE_CURVE('',#1935,#1948,#1000,.T.);
#2383=EDGE_CURVE('',#1948,#1948,#1656,.T.);
#2384=EDGE_CURVE('',#1949,#1949,#1657,.T.);
#2385=EDGE_CURVE('',#1949,#1950,#1001,.T.);
#2386=EDGE_CURVE('',#1950,#1950,#1658,.T.);
#2387=EDGE_CURVE('',#1951,#1951,#1659,.T.);
#2388=EDGE_CURVE('',#1951,#1952,#1002,.T.);
#2389=EDGE_CURVE('',#1952,#1952,#1660,.T.);
#2390=EDGE_CURVE('',#1953,#1953,#1661,.T.);
#2391=EDGE_CURVE('',#1953,#1954,#1003,.T.);
#2392=EDGE_CURVE('',#1954,#1954,#1662,.T.);
#2393=EDGE_CURVE('',#1955,#1955,#1663,.T.);
#2394=EDGE_CURVE('',#1955,#1956,#1004,.T.);
#2395=EDGE_CURVE('',#1956,#1956,#1664,.T.);
#2396=EDGE_CURVE('',#1957,#1957,#1665,.T.);
#2397=EDGE_CURVE('',#1957,#1958,#1005,.T.);
#2398=EDGE_CURVE('',#1958,#1958,#1666,.T.);
#2399=EDGE_CURVE('',#1959,#1960,#1006,.T.);
#2400=EDGE_CURVE('',#1960,#1961,#1007,.T.);
#2401=EDGE_CURVE('',#1961,#1962,#1667,.T.);
#2402=EDGE_CURVE('',#1963,#1962,#1008,.T.);
#2403=EDGE_CURVE('',#1963,#1964,#1009,.T.);
#2404=EDGE_CURVE('',#1965,#1964,#1010,.T.);
#2405=EDGE_CURVE('',#1965,#1966,#1668,.T.);
#2406=EDGE_CURVE('',#1967,#1966,#1011,.T.);
#2407=EDGE_CURVE('',#1967,#1968,#1669,.T.);
#2408=EDGE_CURVE('',#1968,#1969,#1012,.T.);
#2409=EDGE_CURVE('',#1969,#1970,#1013,.T.);
#2410=EDGE_CURVE('',#1970,#1971,#1014,.T.);
#2411=EDGE_CURVE('',#1971,#1972,#1670,.T.);
#2412=EDGE_CURVE('',#1973,#1972,#1015,.T.);
#2413=EDGE_CURVE('',#1973,#1974,#1016,.T.);
#2414=EDGE_CURVE('',#1975,#1974,#1017,.T.);
#2415=EDGE_CURVE('',#1975,#1976,#1671,.T.);
#2416=EDGE_CURVE('',#1977,#1976,#1018,.T.);
#2417=EDGE_CURVE('',#1977,#1978,#1672,.T.);
#2418=EDGE_CURVE('',#1978,#1979,#1019,.T.);
#2419=EDGE_CURVE('',#1979,#1980,#1020,.T.);
#2420=EDGE_CURVE('',#1980,#1981,#1021,.T.);
#2421=EDGE_CURVE('',#1981,#1982,#1673,.T.);
#2422=EDGE_CURVE('',#1983,#1982,#1022,.T.);
#2423=EDGE_CURVE('',#1983,#1984,#1023,.T.);
#2424=EDGE_CURVE('',#1985,#1984,#1024,.T.);
#2425=EDGE_CURVE('',#1985,#1986,#1674,.T.);
#2426=EDGE_CURVE('',#1987,#1986,#1025,.T.);
#2427=EDGE_CURVE('',#1987,#1988,#1675,.T.);
#2428=EDGE_CURVE('',#1988,#1989,#1026,.T.);
#2429=EDGE_CURVE('',#1989,#1990,#1027,.T.);
#2430=EDGE_CURVE('',#1990,#1991,#1028,.T.);
#2431=EDGE_CURVE('',#1991,#1992,#1676,.T.);
#2432=EDGE_CURVE('',#1993,#1992,#1029,.T.);
#2433=EDGE_CURVE('',#1993,#1994,#1030,.T.);
#2434=EDGE_CURVE('',#1995,#1994,#1031,.T.);
#2435=EDGE_CURVE('',#1995,#1996,#1677,.T.);
#2436=EDGE_CURVE('',#1997,#1996,#1032,.T.);
#2437=EDGE_CURVE('',#1997,#1998,#1678,.T.);
#2438=EDGE_CURVE('',#1998,#1959,#1033,.T.);
#2439=EDGE_CURVE('',#1999,#1999,#1679,.T.);
#2440=EDGE_CURVE('',#2000,#2000,#1680,.T.);
#2441=EDGE_CURVE('',#2001,#2001,#1681,.T.);
#2442=EDGE_CURVE('',#2002,#2002,#1682,.T.);
#2443=EDGE_CURVE('',#2003,#2003,#1683,.T.);
#2444=EDGE_CURVE('',#2004,#2004,#1684,.T.);
#2445=EDGE_CURVE('',#2005,#2006,#1034,.T.);
#2446=EDGE_CURVE('',#2006,#2007,#1035,.T.);
#2447=EDGE_CURVE('',#2007,#2008,#1036,.T.);
#2448=EDGE_CURVE('',#2008,#2009,#1037,.T.);
#2449=EDGE_CURVE('',#2009,#2010,#1038,.T.);
#2450=EDGE_CURVE('',#2010,#2011,#1039,.T.);
#2451=EDGE_CURVE('',#2011,#2012,#1685,.T.);
#2452=EDGE_CURVE('',#2012,#2013,#1040,.T.);
#2453=EDGE_CURVE('',#2013,#2014,#1041,.T.);
#2454=EDGE_CURVE('',#2014,#2015,#1686,.T.);
#2455=EDGE_CURVE('',#2015,#2016,#1042,.T.);
#2456=EDGE_CURVE('',#2016,#2017,#1043,.T.);
#2457=EDGE_CURVE('',#2017,#2018,#1044,.T.);
#2458=EDGE_CURVE('',#2018,#2019,#1045,.T.);
#2459=EDGE_CURVE('',#2019,#2020,#1046,.T.);
#2460=EDGE_CURVE('',#2020,#2021,#1047,.T.);
#2461=EDGE_CURVE('',#2021,#2022,#1048,.T.);
#2462=EDGE_CURVE('',#2022,#2023,#1687,.T.);
#2463=EDGE_CURVE('',#2023,#2024,#1049,.T.);
#2464=EDGE_CURVE('',#2024,#2025,#1050,.T.);
#2465=EDGE_CURVE('',#2025,#2026,#1688,.T.);
#2466=EDGE_CURVE('',#2026,#2005,#1051,.T.);
#2467=EDGE_CURVE('',#2027,#2027,#1689,.T.);
#2468=EDGE_CURVE('',#2028,#2028,#1690,.T.);
#2469=EDGE_CURVE('',#2029,#2029,#1691,.T.);
#2470=EDGE_CURVE('',#2030,#2030,#1692,.T.);
#2471=EDGE_CURVE('',#2031,#2031,#1693,.T.);
#2472=EDGE_CURVE('',#2032,#2032,#1694,.T.);
#2473=EDGE_CURVE('',#2033,#2033,#1695,.T.);
#2474=EDGE_CURVE('',#2034,#2034,#1696,.T.);
#2475=EDGE_CURVE('',#2035,#2035,#1697,.T.);
#2476=EDGE_CURVE('',#1897,#1957,#1052,.T.);
#2477=EDGE_CURVE('',#2036,#2036,#1698,.T.);
#2478=EDGE_CURVE('',#2036,#1999,#1053,.T.);
#2479=EDGE_CURVE('',#1902,#2036,#1054,.T.);
#2480=EDGE_CURVE('',#2037,#2037,#1699,.T.);
#2481=EDGE_CURVE('',#2037,#2035,#1055,.T.);
#2482=EDGE_CURVE('',#1934,#2037,#1056,.T.);
#2483=EDGE_CURVE('',#2038,#2038,#1700,.T.);
#2484=EDGE_CURVE('',#2038,#2000,#1057,.T.);
#2485=EDGE_CURVE('',#1900,#2038,#1058,.T.);
#2486=EDGE_CURVE('',#2039,#2039,#1701,.T.);
#2487=EDGE_CURVE('',#2039,#2034,#1059,.T.);
#2488=EDGE_CURVE('',#1933,#2039,#1060,.T.);
#2489=EDGE_CURVE('',#2040,#2040,#1702,.T.);
#2490=EDGE_CURVE('',#2040,#2001,#1061,.T.);
#2491=EDGE_CURVE('',#1908,#2040,#1062,.T.);
#2492=EDGE_CURVE('',#2041,#2041,#1703,.T.);
#2493=EDGE_CURVE('',#2041,#2033,#1063,.T.);
#2494=EDGE_CURVE('',#1899,#2041,#1064,.T.);
#2495=EDGE_CURVE('',#2042,#2042,#1704,.T.);
#2496=EDGE_CURVE('',#2042,#2002,#1065,.T.);
#2497=EDGE_CURVE('',#1898,#2042,#1066,.T.);
#2498=EDGE_CURVE('',#2043,#2043,#1705,.T.);
#2499=EDGE_CURVE('',#2043,#2032,#1067,.T.);
#2500=EDGE_CURVE('',#1907,#2043,#1068,.T.);
#2501=EDGE_CURVE('',#2044,#2044,#1706,.T.);
#2502=EDGE_CURVE('',#2044,#2003,#1069,.T.);
#2503=EDGE_CURVE('',#1909,#2044,#1070,.T.);
#2504=EDGE_CURVE('',#2045,#2045,#1707,.T.);
#2505=EDGE_CURVE('',#2045,#2031,#1071,.T.);
#2506=EDGE_CURVE('',#1906,#2045,#1072,.T.);
#2507=EDGE_CURVE('',#2046,#2046,#1708,.T.);
#2508=EDGE_CURVE('',#2046,#2004,#1073,.T.);
#2509=EDGE_CURVE('',#1903,#2046,#1074,.T.);
#2510=EDGE_CURVE('',#1861,#1995,#1075,.T.);
#2511=EDGE_CURVE('',#1996,#1860,#1076,.T.);
#2512=EDGE_CURVE('',#1997,#1859,#1077,.T.);
#2513=EDGE_CURVE('',#1871,#1985,#1078,.T.);
#2514=EDGE_CURVE('',#1986,#1870,#1079,.T.);
#2515=EDGE_CURVE('',#1987,#1869,#1080,.T.);
#2516=EDGE_CURVE('',#1881,#1975,#1081,.T.);
#2517=EDGE_CURVE('',#1976,#1880,#1082,.T.);
#2518=EDGE_CURVE('',#1977,#1879,#1083,.T.);
#2519=EDGE_CURVE('',#1891,#1965,#1084,.T.);
#2520=EDGE_CURVE('',#1966,#1890,#1085,.T.);
#2521=EDGE_CURVE('',#1967,#1889,#1086,.T.);
#2522=EDGE_CURVE('',#1960,#1856,#1087,.T.);
#2523=EDGE_CURVE('',#1857,#1959,#1088,.T.);
#2524=EDGE_CURVE('',#1961,#1895,#1089,.T.);
#2525=EDGE_CURVE('',#1990,#1866,#1090,.T.);
#2526=EDGE_CURVE('',#1867,#1989,#1091,.T.);
#2527=EDGE_CURVE('',#1991,#1865,#1092,.T.);
#2528=EDGE_CURVE('',#1994,#1862,#1093,.T.);
#2529=EDGE_CURVE('',#1863,#1993,#1094,.T.);
#2530=EDGE_CURVE('',#1984,#1872,#1095,.T.);
#2531=EDGE_CURVE('',#1873,#1983,#1096,.T.);
#2532=EDGE_CURVE('',#1980,#1876,#1097,.T.);
#2533=EDGE_CURVE('',#1877,#1979,#1098,.T.);
#2534=EDGE_CURVE('',#1981,#1875,#1099,.T.);
#2535=EDGE_CURVE('',#1970,#1886,#1100,.T.);
#2536=EDGE_CURVE('',#1887,#1969,#1101,.T.);
#2537=EDGE_CURVE('',#1971,#1885,#1102,.T.);
#2538=EDGE_CURVE('',#1964,#1892,#1103,.T.);
#2539=EDGE_CURVE('',#1893,#1963,#1104,.T.);
#2540=EDGE_CURVE('',#1974,#1882,#1105,.T.);
#2541=EDGE_CURVE('',#1883,#1973,#1106,.T.);
#2542=EDGE_CURVE('',#1972,#1884,#1107,.T.);
#2543=EDGE_CURVE('',#1901,#2030,#1108,.T.);
#2544=EDGE_CURVE('',#1904,#2029,#1109,.T.);
#2545=EDGE_CURVE('',#1905,#2028,#1110,.T.);
#2546=EDGE_CURVE('',#1910,#2027,#1111,.T.);
#2547=EDGE_CURVE('',#2026,#1913,#1112,.T.);
#2548=EDGE_CURVE('',#2005,#1911,#1113,.T.);
#2549=EDGE_CURVE('',#2025,#1914,#1114,.T.);
#2550=EDGE_CURVE('',#2024,#1915,#1115,.T.);
#2551=EDGE_CURVE('',#2023,#1916,#1116,.T.);
#2552=EDGE_CURVE('',#2022,#1917,#1117,.T.);
#2553=EDGE_CURVE('',#2021,#1918,#1118,.T.);
#2554=EDGE_CURVE('',#2020,#1919,#1119,.T.);
#2555=EDGE_CURVE('',#2019,#1920,#1120,.T.);
#2556=EDGE_CURVE('',#2018,#1921,#1121,.T.);
#2557=EDGE_CURVE('',#2017,#1922,#1122,.T.);
#2558=EDGE_CURVE('',#2016,#1923,#1123,.T.);
#2559=EDGE_CURVE('',#2015,#1924,#1124,.T.);
#2560=EDGE_CURVE('',#2014,#1925,#1125,.T.);
#2561=EDGE_CURVE('',#2013,#1926,#1126,.T.);
#2562=EDGE_CURVE('',#2012,#1927,#1127,.T.);
#2563=EDGE_CURVE('',#2011,#1928,#1128,.T.);
#2564=EDGE_CURVE('',#2010,#1929,#1129,.T.);
#2565=EDGE_CURVE('',#2009,#1930,#1130,.T.);
#2566=EDGE_CURVE('',#2008,#1931,#1131,.T.);
#2567=EDGE_CURVE('',#2007,#1932,#1132,.T.);
#2568=EDGE_CURVE('',#2006,#1912,#1133,.T.);
#2569=EDGE_CURVE('',#1968,#1888,#1134,.T.);
#2570=EDGE_CURVE('',#1962,#1894,#1135,.T.);
#2571=EDGE_CURVE('',#1998,#1858,#1136,.T.);
#2572=EDGE_CURVE('',#1992,#1864,#1137,.T.);
#2573=EDGE_CURVE('',#1988,#1868,#1138,.T.);
#2574=EDGE_CURVE('',#1982,#1874,#1139,.T.);
#2575=EDGE_CURVE('',#1978,#1878,#1140,.T.);
#2576=EDGE_CURVE('',#2047,#2048,#1141,.T.);
#2577=EDGE_CURVE('',#2049,#2047,#1142,.T.);
#2578=EDGE_CURVE('',#2050,#2049,#1143,.T.);
#2579=EDGE_CURVE('',#2051,#2050,#1144,.T.);
#2580=EDGE_CURVE('',#2051,#2048,#1145,.T.);
#2581=EDGE_CURVE('',#2048,#2052,#29,.T.);
#2582=EDGE_CURVE('',#2053,#2051,#30,.T.);
#2583=EDGE_CURVE('',#2053,#2054,#1146,.T.);
#2584=EDGE_CURVE('',#2052,#2054,#31,.T.);
#2585=EDGE_CURVE('',#2054,#2055,#1147,.T.);
#2586=EDGE_CURVE('',#2056,#2053,#1148,.T.);
#2587=EDGE_CURVE('',#2057,#2056,#27,.T.);
#2588=EDGE_CURVE('',#2055,#2057,#1149,.T.);
#2589=EDGE_CURVE('',#2052,#2058,#1150,.T.);
#2590=EDGE_CURVE('',#2047,#2058,#1709,.T.);
#2591=EDGE_CURVE('',#2059,#2055,#1710,.T.);
#2592=EDGE_CURVE('',#2059,#2060,#1151,.T.);
#2593=EDGE_CURVE('',#2060,#2061,#1711,.T.);
#2594=EDGE_CURVE('',#2061,#2062,#1152,.T.);
#2595=EDGE_CURVE('',#2063,#2062,#1712,.T.);
#2596=EDGE_CURVE('',#2063,#2064,#1153,.T.);
#2597=EDGE_CURVE('',#2058,#2064,#1713,.T.);
#2598=EDGE_CURVE('',#2065,#2057,#1714,.T.);
#2599=EDGE_CURVE('',#2065,#2066,#1154,.T.);
#2600=EDGE_CURVE('',#2066,#2067,#1155,.T.);
#2601=EDGE_CURVE('',#2067,#2068,#1715,.T.);
#2602=EDGE_CURVE('',#2068,#2059,#1156,.T.);
#2603=EDGE_CURVE('',#2056,#2069,#1716,.T.);
#2604=EDGE_CURVE('',#2069,#2065,#28,.T.);
#2605=EDGE_CURVE('',#2069,#2070,#1157,.T.);
#2606=EDGE_CURVE('',#2070,#2071,#1158,.T.);
#2607=EDGE_CURVE('',#2066,#2071,#1159,.T.);
#2608=EDGE_CURVE('',#2072,#2050,#1717,.T.);
#2609=EDGE_CURVE('',#2072,#2073,#1160,.T.);
#2610=EDGE_CURVE('',#2073,#2070,#32,.T.);
#2611=EDGE_CURVE('',#2049,#2074,#1718,.T.);
#2612=EDGE_CURVE('',#2074,#2072,#1161,.T.);
#2613=EDGE_CURVE('',#2075,#2074,#1162,.T.);
#2614=EDGE_CURVE('',#2076,#2075,#1163,.T.);
#2615=EDGE_CURVE('',#2073,#2076,#1164,.T.);
#2616=EDGE_CURVE('',#2071,#2076,#1165,.T.);
#2617=EDGE_CURVE('',#2064,#2077,#1166,.T.);
#2618=EDGE_CURVE('',#2077,#2078,#1719,.T.);
#2619=EDGE_CURVE('',#2078,#2075,#1167,.T.);
#2620=EDGE_CURVE('',#2079,#2078,#1168,.T.);
#2621=EDGE_CURVE('',#2079,#2076,#1169,.T.);
#2622=EDGE_CURVE('',#2068,#2080,#1170,.T.);
#2623=EDGE_CURVE('',#2080,#2060,#1171,.T.);
#2624=EDGE_CURVE('',#2067,#2081,#1172,.T.);
#2625=EDGE_CURVE('',#2081,#2080,#1720,.T.);
#2626=EDGE_CURVE('',#2082,#2083,#1721,.T.);
#2627=EDGE_CURVE('',#2061,#2082,#1173,.T.);
#2628=EDGE_CURVE('',#2083,#2081,#1174,.T.);
#2629=EDGE_CURVE('',#2084,#2084,#1722,.T.);
#2630=EDGE_CURVE('',#2085,#2085,#1723,.T.);
#2631=EDGE_CURVE('',#2082,#2086,#1175,.T.);
#2632=EDGE_CURVE('',#2062,#2086,#1176,.T.);
#2633=EDGE_CURVE('',#2083,#2076,#1177,.T.);
#2634=EDGE_CURVE('',#2086,#2076,#1724,.T.);
#2635=EDGE_CURVE('',#2087,#2087,#1725,.T.);
#2636=EDGE_CURVE('',#2087,#2084,#1178,.T.);
#2637=EDGE_CURVE('',#2088,#2088,#1726,.T.);
#2638=EDGE_CURVE('',#2088,#2085,#1179,.T.);
#2639=EDGE_CURVE('',#2089,#2079,#1727,.T.);
#2640=EDGE_CURVE('',#2063,#2089,#1180,.T.);
#2641=EDGE_CURVE('',#2089,#2077,#1181,.T.);
#2642=ORIENTED_EDGE('',*,*,#2090,.T.);
#2643=ORIENTED_EDGE('',*,*,#2091,.T.);
#2644=ORIENTED_EDGE('',*,*,#2092,.F.);
#2645=ORIENTED_EDGE('',*,*,#2091,.F.);
#2646=ORIENTED_EDGE('',*,*,#2093,.T.);
#2647=ORIENTED_EDGE('',*,*,#2094,.T.);
#2648=ORIENTED_EDGE('',*,*,#2095,.T.);
#2649=ORIENTED_EDGE('',*,*,#2096,.T.);
#2650=ORIENTED_EDGE('',*,*,#2097,.T.);
#2651=ORIENTED_EDGE('',*,*,#2098,.T.);
#2652=ORIENTED_EDGE('',*,*,#2099,.T.);
#2653=ORIENTED_EDGE('',*,*,#2100,.T.);
#2654=ORIENTED_EDGE('',*,*,#2101,.T.);
#2655=ORIENTED_EDGE('',*,*,#2102,.T.);
#2656=ORIENTED_EDGE('',*,*,#2103,.T.);
#2657=ORIENTED_EDGE('',*,*,#2104,.T.);
#2658=ORIENTED_EDGE('',*,*,#2105,.T.);
#2659=ORIENTED_EDGE('',*,*,#2106,.T.);
#2660=ORIENTED_EDGE('',*,*,#2107,.T.);
#2661=ORIENTED_EDGE('',*,*,#2108,.T.);
#2662=ORIENTED_EDGE('',*,*,#2109,.T.);
#2663=ORIENTED_EDGE('',*,*,#2110,.T.);
#2664=ORIENTED_EDGE('',*,*,#2111,.T.);
#2665=ORIENTED_EDGE('',*,*,#2112,.T.);
#2666=ORIENTED_EDGE('',*,*,#2090,.F.);
#2667=ORIENTED_EDGE('',*,*,#2113,.F.);
#2668=ORIENTED_EDGE('',*,*,#2114,.T.);
#2669=ORIENTED_EDGE('',*,*,#2115,.F.);
#2670=ORIENTED_EDGE('',*,*,#2114,.F.);
#2671=ORIENTED_EDGE('',*,*,#2116,.F.);
#2672=ORIENTED_EDGE('',*,*,#2117,.T.);
#2673=ORIENTED_EDGE('',*,*,#2118,.F.);
#2674=ORIENTED_EDGE('',*,*,#2117,.F.);
#2675=ORIENTED_EDGE('',*,*,#2119,.F.);
#2676=ORIENTED_EDGE('',*,*,#2120,.T.);
#2677=ORIENTED_EDGE('',*,*,#2121,.F.);
#2678=ORIENTED_EDGE('',*,*,#2120,.F.);
#2679=ORIENTED_EDGE('',*,*,#2122,.F.);
#2680=ORIENTED_EDGE('',*,*,#2123,.T.);
#2681=ORIENTED_EDGE('',*,*,#2124,.F.);
#2682=ORIENTED_EDGE('',*,*,#2123,.F.);
#2683=ORIENTED_EDGE('',*,*,#2125,.F.);
#2684=ORIENTED_EDGE('',*,*,#2126,.T.);
#2685=ORIENTED_EDGE('',*,*,#2127,.F.);
#2686=ORIENTED_EDGE('',*,*,#2126,.F.);
#2687=ORIENTED_EDGE('',*,*,#2092,.T.);
#2688=ORIENTED_EDGE('',*,*,#2113,.T.);
#2689=ORIENTED_EDGE('',*,*,#2116,.T.);
#2690=ORIENTED_EDGE('',*,*,#2119,.T.);
#2691=ORIENTED_EDGE('',*,*,#2122,.T.);
#2692=ORIENTED_EDGE('',*,*,#2125,.T.);
#2693=ORIENTED_EDGE('',*,*,#2128,.T.);
#2694=ORIENTED_EDGE('',*,*,#2129,.T.);
#2695=ORIENTED_EDGE('',*,*,#2130,.T.);
#2696=ORIENTED_EDGE('',*,*,#2131,.T.);
#2697=ORIENTED_EDGE('',*,*,#2132,.T.);
#2698=ORIENTED_EDGE('',*,*,#2133,.T.);
#2699=ORIENTED_EDGE('',*,*,#2134,.T.);
#2700=ORIENTED_EDGE('',*,*,#2135,.T.);
#2701=ORIENTED_EDGE('',*,*,#2136,.T.);
#2702=ORIENTED_EDGE('',*,*,#2137,.T.);
#2703=ORIENTED_EDGE('',*,*,#2138,.T.);
#2704=ORIENTED_EDGE('',*,*,#2139,.T.);
#2705=ORIENTED_EDGE('',*,*,#2140,.T.);
#2706=ORIENTED_EDGE('',*,*,#2141,.T.);
#2707=ORIENTED_EDGE('',*,*,#2142,.T.);
#2708=ORIENTED_EDGE('',*,*,#2143,.T.);
#2709=ORIENTED_EDGE('',*,*,#2115,.T.);
#2710=ORIENTED_EDGE('',*,*,#2118,.T.);
#2711=ORIENTED_EDGE('',*,*,#2121,.T.);
#2712=ORIENTED_EDGE('',*,*,#2124,.T.);
#2713=ORIENTED_EDGE('',*,*,#2127,.T.);
#2714=ORIENTED_EDGE('',*,*,#2144,.T.);
#2715=ORIENTED_EDGE('',*,*,#2145,.T.);
#2716=ORIENTED_EDGE('',*,*,#2146,.T.);
#2717=ORIENTED_EDGE('',*,*,#2147,.T.);
#2718=ORIENTED_EDGE('',*,*,#2147,.F.);
#2719=ORIENTED_EDGE('',*,*,#2148,.T.);
#2720=ORIENTED_EDGE('',*,*,#2109,.F.);
#2721=ORIENTED_EDGE('',*,*,#2148,.F.);
#2722=ORIENTED_EDGE('',*,*,#2146,.F.);
#2723=ORIENTED_EDGE('',*,*,#2149,.T.);
#2724=ORIENTED_EDGE('',*,*,#2110,.F.);
#2725=ORIENTED_EDGE('',*,*,#2149,.F.);
#2726=ORIENTED_EDGE('',*,*,#2145,.F.);
#2727=ORIENTED_EDGE('',*,*,#2150,.T.);
#2728=ORIENTED_EDGE('',*,*,#2111,.F.);
#2729=ORIENTED_EDGE('',*,*,#2150,.F.);
#2730=ORIENTED_EDGE('',*,*,#2144,.F.);
#2731=ORIENTED_EDGE('',*,*,#2151,.T.);
#2732=ORIENTED_EDGE('',*,*,#2112,.F.);
#2733=ORIENTED_EDGE('',*,*,#2151,.F.);
#2734=ORIENTED_EDGE('',*,*,#2152,.F.);
#2735=ORIENTED_EDGE('',*,*,#2108,.F.);
#2736=ORIENTED_EDGE('',*,*,#2153,.F.);
#2737=ORIENTED_EDGE('',*,*,#2129,.F.);
#2738=ORIENTED_EDGE('',*,*,#2153,.T.);
#2739=ORIENTED_EDGE('',*,*,#2107,.F.);
#2740=ORIENTED_EDGE('',*,*,#2154,.F.);
#2741=ORIENTED_EDGE('',*,*,#2130,.F.);
#2742=ORIENTED_EDGE('',*,*,#2154,.T.);
#2743=ORIENTED_EDGE('',*,*,#2106,.F.);
#2744=ORIENTED_EDGE('',*,*,#2155,.F.);
#2745=ORIENTED_EDGE('',*,*,#2131,.F.);
#2746=ORIENTED_EDGE('',*,*,#2155,.T.);
#2747=ORIENTED_EDGE('',*,*,#2105,.F.);
#2748=ORIENTED_EDGE('',*,*,#2156,.F.);
#2749=ORIENTED_EDGE('',*,*,#2132,.F.);
#2750=ORIENTED_EDGE('',*,*,#2156,.T.);
#2751=ORIENTED_EDGE('',*,*,#2104,.F.);
#2752=ORIENTED_EDGE('',*,*,#2157,.F.);
#2753=ORIENTED_EDGE('',*,*,#2133,.F.);
#2754=ORIENTED_EDGE('',*,*,#2157,.T.);
#2755=ORIENTED_EDGE('',*,*,#2103,.F.);
#2756=ORIENTED_EDGE('',*,*,#2158,.F.);
#2757=ORIENTED_EDGE('',*,*,#2134,.F.);
#2758=ORIENTED_EDGE('',*,*,#2158,.T.);
#2759=ORIENTED_EDGE('',*,*,#2102,.F.);
#2760=ORIENTED_EDGE('',*,*,#2159,.F.);
#2761=ORIENTED_EDGE('',*,*,#2135,.F.);
#2762=ORIENTED_EDGE('',*,*,#2159,.T.);
#2763=ORIENTED_EDGE('',*,*,#2101,.F.);
#2764=ORIENTED_EDGE('',*,*,#2160,.F.);
#2765=ORIENTED_EDGE('',*,*,#2136,.F.);
#2766=ORIENTED_EDGE('',*,*,#2160,.T.);
#2767=ORIENTED_EDGE('',*,*,#2100,.F.);
#2768=ORIENTED_EDGE('',*,*,#2161,.F.);
#2769=ORIENTED_EDGE('',*,*,#2137,.F.);
#2770=ORIENTED_EDGE('',*,*,#2161,.T.);
#2771=ORIENTED_EDGE('',*,*,#2099,.F.);
#2772=ORIENTED_EDGE('',*,*,#2162,.F.);
#2773=ORIENTED_EDGE('',*,*,#2138,.F.);
#2774=ORIENTED_EDGE('',*,*,#2162,.T.);
#2775=ORIENTED_EDGE('',*,*,#2098,.F.);
#2776=ORIENTED_EDGE('',*,*,#2163,.F.);
#2777=ORIENTED_EDGE('',*,*,#2139,.F.);
#2778=ORIENTED_EDGE('',*,*,#2163,.T.);
#2779=ORIENTED_EDGE('',*,*,#2097,.F.);
#2780=ORIENTED_EDGE('',*,*,#2164,.F.);
#2781=ORIENTED_EDGE('',*,*,#2140,.F.);
#2782=ORIENTED_EDGE('',*,*,#2164,.T.);
#2783=ORIENTED_EDGE('',*,*,#2096,.F.);
#2784=ORIENTED_EDGE('',*,*,#2165,.F.);
#2785=ORIENTED_EDGE('',*,*,#2141,.F.);
#2786=ORIENTED_EDGE('',*,*,#2165,.T.);
#2787=ORIENTED_EDGE('',*,*,#2095,.F.);
#2788=ORIENTED_EDGE('',*,*,#2166,.F.);
#2789=ORIENTED_EDGE('',*,*,#2142,.F.);
#2790=ORIENTED_EDGE('',*,*,#2166,.T.);
#2791=ORIENTED_EDGE('',*,*,#2094,.F.);
#2792=ORIENTED_EDGE('',*,*,#2167,.F.);
#2793=ORIENTED_EDGE('',*,*,#2143,.F.);
#2794=ORIENTED_EDGE('',*,*,#2167,.T.);
#2795=ORIENTED_EDGE('',*,*,#2093,.F.);
#2796=ORIENTED_EDGE('',*,*,#2152,.T.);
#2797=ORIENTED_EDGE('',*,*,#2128,.F.);
#2798=ORIENTED_EDGE('',*,*,#2168,.F.);
#2799=ORIENTED_EDGE('',*,*,#2169,.T.);
#2800=ORIENTED_EDGE('',*,*,#2170,.T.);
#2801=ORIENTED_EDGE('',*,*,#2171,.F.);
#2802=ORIENTED_EDGE('',*,*,#2172,.F.);
#2803=ORIENTED_EDGE('',*,*,#2173,.T.);
#2804=ORIENTED_EDGE('',*,*,#2174,.T.);
#2805=ORIENTED_EDGE('',*,*,#2169,.F.);
#2806=ORIENTED_EDGE('',*,*,#2175,.F.);
#2807=ORIENTED_EDGE('',*,*,#2176,.T.);
#2808=ORIENTED_EDGE('',*,*,#2177,.T.);
#2809=ORIENTED_EDGE('',*,*,#2173,.F.);
#2810=ORIENTED_EDGE('',*,*,#2178,.F.);
#2811=ORIENTED_EDGE('',*,*,#2179,.T.);
#2812=ORIENTED_EDGE('',*,*,#2180,.T.);
#2813=ORIENTED_EDGE('',*,*,#2176,.F.);
#2814=ORIENTED_EDGE('',*,*,#2181,.F.);
#2815=ORIENTED_EDGE('',*,*,#2182,.T.);
#2816=ORIENTED_EDGE('',*,*,#2183,.T.);
#2817=ORIENTED_EDGE('',*,*,#2179,.F.);
#2818=ORIENTED_EDGE('',*,*,#2184,.F.);
#2819=ORIENTED_EDGE('',*,*,#2171,.T.);
#2820=ORIENTED_EDGE('',*,*,#2185,.T.);
#2821=ORIENTED_EDGE('',*,*,#2182,.F.);
#2822=ORIENTED_EDGE('',*,*,#2185,.F.);
#2823=ORIENTED_EDGE('',*,*,#2170,.F.);
#2824=ORIENTED_EDGE('',*,*,#2174,.F.);
#2825=ORIENTED_EDGE('',*,*,#2177,.F.);
#2826=ORIENTED_EDGE('',*,*,#2180,.F.);
#2827=ORIENTED_EDGE('',*,*,#2183,.F.);
#2828=ORIENTED_EDGE('',*,*,#2186,.F.);
#2829=ORIENTED_EDGE('',*,*,#2187,.T.);
#2830=ORIENTED_EDGE('',*,*,#2188,.T.);
#2831=ORIENTED_EDGE('',*,*,#2189,.T.);
#2832=ORIENTED_EDGE('',*,*,#2188,.F.);
#2833=ORIENTED_EDGE('',*,*,#2190,.T.);
#2834=ORIENTED_EDGE('',*,*,#2191,.F.);
#2835=ORIENTED_EDGE('',*,*,#2192,.F.);
#2836=ORIENTED_EDGE('',*,*,#2193,.F.);
#2837=ORIENTED_EDGE('',*,*,#2194,.F.);
#2838=ORIENTED_EDGE('',*,*,#2189,.F.);
#2839=ORIENTED_EDGE('',*,*,#2195,.T.);
#2840=ORIENTED_EDGE('',*,*,#2196,.T.);
#2841=ORIENTED_EDGE('',*,*,#2190,.F.);
#2842=ORIENTED_EDGE('',*,*,#2187,.F.);
#2843=ORIENTED_EDGE('',*,*,#2196,.F.);
#2844=ORIENTED_EDGE('',*,*,#2197,.F.);
#2845=ORIENTED_EDGE('',*,*,#2198,.F.);
#2846=ORIENTED_EDGE('',*,*,#2194,.T.);
#2847=ORIENTED_EDGE('',*,*,#2199,.F.);
#2848=ORIENTED_EDGE('',*,*,#2192,.T.);
#2849=ORIENTED_EDGE('',*,*,#2200,.F.);
#2850=ORIENTED_EDGE('',*,*,#2201,.T.);
#2851=ORIENTED_EDGE('',*,*,#2202,.T.);
#2852=ORIENTED_EDGE('',*,*,#2191,.T.);
#2853=ORIENTED_EDGE('',*,*,#2198,.T.);
#2854=ORIENTED_EDGE('',*,*,#2203,.T.);
#2855=ORIENTED_EDGE('',*,*,#2204,.F.);
#2856=ORIENTED_EDGE('',*,*,#2205,.F.);
#2857=ORIENTED_EDGE('',*,*,#2206,.F.);
#2858=ORIENTED_EDGE('',*,*,#2207,.T.);
#2859=ORIENTED_EDGE('',*,*,#2208,.F.);
#2860=ORIENTED_EDGE('',*,*,#2209,.T.);
#2861=ORIENTED_EDGE('',*,*,#2210,.F.);
#2862=ORIENTED_EDGE('',*,*,#2211,.F.);
#2863=ORIENTED_EDGE('',*,*,#2212,.F.);
#2864=ORIENTED_EDGE('',*,*,#2213,.T.);
#2865=ORIENTED_EDGE('',*,*,#2214,.T.);
#2866=ORIENTED_EDGE('',*,*,#2215,.T.);
#2867=ORIENTED_EDGE('',*,*,#2216,.F.);
#2868=ORIENTED_EDGE('',*,*,#2217,.T.);
#2869=ORIENTED_EDGE('',*,*,#2200,.T.);
#2870=ORIENTED_EDGE('',*,*,#2218,.T.);
#2871=ORIENTED_EDGE('',*,*,#2219,.T.);
#2872=ORIENTED_EDGE('',*,*,#2220,.T.);
#2873=ORIENTED_EDGE('',*,*,#2216,.T.);
#2874=ORIENTED_EDGE('',*,*,#2219,.F.);
#2875=ORIENTED_EDGE('',*,*,#2221,.T.);
#2876=ORIENTED_EDGE('',*,*,#2222,.F.);
#2877=ORIENTED_EDGE('',*,*,#2223,.F.);
#2878=ORIENTED_EDGE('',*,*,#2224,.T.);
#2879=ORIENTED_EDGE('',*,*,#2222,.T.);
#2880=ORIENTED_EDGE('',*,*,#2225,.T.);
#2881=ORIENTED_EDGE('',*,*,#2226,.T.);
#2882=ORIENTED_EDGE('',*,*,#2227,.T.);
#2883=ORIENTED_EDGE('',*,*,#2228,.T.);
#2884=ORIENTED_EDGE('',*,*,#2229,.T.);
#2885=ORIENTED_EDGE('',*,*,#2230,.T.);
#2886=ORIENTED_EDGE('',*,*,#2193,.T.);
#2887=ORIENTED_EDGE('',*,*,#2202,.F.);
#2888=ORIENTED_EDGE('',*,*,#2231,.T.);
#2889=ORIENTED_EDGE('',*,*,#2226,.F.);
#2890=ORIENTED_EDGE('',*,*,#2232,.T.);
#2891=ORIENTED_EDGE('',*,*,#2233,.F.);
#2892=ORIENTED_EDGE('',*,*,#2234,.T.);
#2893=ORIENTED_EDGE('',*,*,#2235,.F.);
#2894=ORIENTED_EDGE('',*,*,#2236,.F.);
#2895=ORIENTED_EDGE('',*,*,#2237,.F.);
#2896=ORIENTED_EDGE('',*,*,#2238,.T.);
#2897=ORIENTED_EDGE('',*,*,#2239,.F.);
#2898=ORIENTED_EDGE('',*,*,#2240,.T.);
#2899=ORIENTED_EDGE('',*,*,#2241,.F.);
#2900=ORIENTED_EDGE('',*,*,#2242,.F.);
#2901=ORIENTED_EDGE('',*,*,#2230,.F.);
#2902=ORIENTED_EDGE('',*,*,#2243,.T.);
#2903=ORIENTED_EDGE('',*,*,#2199,.T.);
#2904=ORIENTED_EDGE('',*,*,#2244,.T.);
#2905=ORIENTED_EDGE('',*,*,#2204,.T.);
#2906=ORIENTED_EDGE('',*,*,#2245,.T.);
#2907=ORIENTED_EDGE('',*,*,#2246,.T.);
#2908=ORIENTED_EDGE('',*,*,#2228,.F.);
#2909=ORIENTED_EDGE('',*,*,#2247,.F.);
#2910=ORIENTED_EDGE('',*,*,#2246,.F.);
#2911=ORIENTED_EDGE('',*,*,#2248,.T.);
#2912=ORIENTED_EDGE('',*,*,#2249,.T.);
#2913=ORIENTED_EDGE('',*,*,#2235,.T.);
#2914=ORIENTED_EDGE('',*,*,#2250,.T.);
#2915=ORIENTED_EDGE('',*,*,#2251,.T.);
#2916=ORIENTED_EDGE('',*,*,#2249,.F.);
#2917=ORIENTED_EDGE('',*,*,#2252,.T.);
#2918=ORIENTED_EDGE('',*,*,#2253,.F.);
#2919=ORIENTED_EDGE('',*,*,#2211,.T.);
#2920=ORIENTED_EDGE('',*,*,#2254,.T.);
#2921=ORIENTED_EDGE('',*,*,#2236,.T.);
#2922=ORIENTED_EDGE('',*,*,#2255,.T.);
#2923=ORIENTED_EDGE('',*,*,#2251,.F.);
#2924=ORIENTED_EDGE('',*,*,#2256,.F.);
#2925=ORIENTED_EDGE('',*,*,#2257,.F.);
#2926=ORIENTED_EDGE('',*,*,#2252,.F.);
#2927=ORIENTED_EDGE('',*,*,#2253,.T.);
#2928=ORIENTED_EDGE('',*,*,#2257,.T.);
#2929=ORIENTED_EDGE('',*,*,#2258,.T.);
#2930=ORIENTED_EDGE('',*,*,#2212,.T.);
#2931=ORIENTED_EDGE('',*,*,#2259,.T.);
#2932=ORIENTED_EDGE('',*,*,#2260,.T.);
#2933=ORIENTED_EDGE('',*,*,#2261,.T.);
#2934=ORIENTED_EDGE('',*,*,#2239,.T.);
#2935=ORIENTED_EDGE('',*,*,#2260,.F.);
#2936=ORIENTED_EDGE('',*,*,#2262,.F.);
#2937=ORIENTED_EDGE('',*,*,#2263,.F.);
#2938=ORIENTED_EDGE('',*,*,#2264,.T.);
#2939=ORIENTED_EDGE('',*,*,#2265,.T.);
#2940=ORIENTED_EDGE('',*,*,#2263,.T.);
#2941=ORIENTED_EDGE('',*,*,#2266,.T.);
#2942=ORIENTED_EDGE('',*,*,#2208,.T.);
#2943=ORIENTED_EDGE('',*,*,#2267,.F.);
#2944=ORIENTED_EDGE('',*,*,#2240,.F.);
#2945=ORIENTED_EDGE('',*,*,#2261,.F.);
#2946=ORIENTED_EDGE('',*,*,#2264,.F.);
#2947=ORIENTED_EDGE('',*,*,#2265,.F.);
#2948=ORIENTED_EDGE('',*,*,#2207,.F.);
#2949=ORIENTED_EDGE('',*,*,#2268,.F.);
#2950=ORIENTED_EDGE('',*,*,#2269,.F.);
#2951=ORIENTED_EDGE('',*,*,#2209,.F.);
#2952=ORIENTED_EDGE('',*,*,#2266,.F.);
#2953=ORIENTED_EDGE('',*,*,#2262,.T.);
#2954=ORIENTED_EDGE('',*,*,#2259,.F.);
#2955=ORIENTED_EDGE('',*,*,#2238,.F.);
#2956=ORIENTED_EDGE('',*,*,#2270,.F.);
#2957=ORIENTED_EDGE('',*,*,#2271,.F.);
#2958=ORIENTED_EDGE('',*,*,#2213,.F.);
#2959=ORIENTED_EDGE('',*,*,#2258,.F.);
#2960=ORIENTED_EDGE('',*,*,#2256,.T.);
#2961=ORIENTED_EDGE('',*,*,#2250,.F.);
#2962=ORIENTED_EDGE('',*,*,#2234,.F.);
#2963=ORIENTED_EDGE('',*,*,#2168,.T.);
#2964=ORIENTED_EDGE('',*,*,#2184,.T.);
#2965=ORIENTED_EDGE('',*,*,#2181,.T.);
#2966=ORIENTED_EDGE('',*,*,#2178,.T.);
#2967=ORIENTED_EDGE('',*,*,#2175,.T.);
#2968=ORIENTED_EDGE('',*,*,#2172,.T.);
#2969=ORIENTED_EDGE('',*,*,#2197,.T.);
#2970=ORIENTED_EDGE('',*,*,#2243,.F.);
#2971=ORIENTED_EDGE('',*,*,#2229,.F.);
#2972=ORIENTED_EDGE('',*,*,#2248,.F.);
#2973=ORIENTED_EDGE('',*,*,#2245,.F.);
#2974=ORIENTED_EDGE('',*,*,#2203,.F.);
#2975=ORIENTED_EDGE('',*,*,#2201,.F.);
#2976=ORIENTED_EDGE('',*,*,#2217,.F.);
#2977=ORIENTED_EDGE('',*,*,#2220,.F.);
#2978=ORIENTED_EDGE('',*,*,#2223,.T.);
#2979=ORIENTED_EDGE('',*,*,#2224,.F.);
#2980=ORIENTED_EDGE('',*,*,#2231,.F.);
#2981=ORIENTED_EDGE('',*,*,#2195,.F.);
#2982=ORIENTED_EDGE('',*,*,#2272,.F.);
#2983=ORIENTED_EDGE('',*,*,#2232,.F.);
#2984=ORIENTED_EDGE('',*,*,#2225,.F.);
#2985=ORIENTED_EDGE('',*,*,#2221,.F.);
#2986=ORIENTED_EDGE('',*,*,#2218,.F.);
#2987=ORIENTED_EDGE('',*,*,#2215,.F.);
#2988=ORIENTED_EDGE('',*,*,#2273,.F.);
#2989=ORIENTED_EDGE('',*,*,#2269,.T.);
#2990=ORIENTED_EDGE('',*,*,#2237,.T.);
#2991=ORIENTED_EDGE('',*,*,#2254,.F.);
#2992=ORIENTED_EDGE('',*,*,#2210,.T.);
#2993=ORIENTED_EDGE('',*,*,#2267,.T.);
#2994=ORIENTED_EDGE('',*,*,#2206,.T.);
#2995=ORIENTED_EDGE('',*,*,#2274,.F.);
#2996=ORIENTED_EDGE('',*,*,#2241,.T.);
#2997=ORIENTED_EDGE('',*,*,#2227,.F.);
#2998=ORIENTED_EDGE('',*,*,#2242,.T.);
#2999=ORIENTED_EDGE('',*,*,#2274,.T.);
#3000=ORIENTED_EDGE('',*,*,#2205,.T.);
#3001=ORIENTED_EDGE('',*,*,#2244,.F.);
#3002=ORIENTED_EDGE('',*,*,#2247,.T.);
#3003=ORIENTED_EDGE('',*,*,#2275,.T.);
#3004=ORIENTED_EDGE('',*,*,#2271,.T.);
#3005=ORIENTED_EDGE('',*,*,#2233,.T.);
#3006=ORIENTED_EDGE('',*,*,#2272,.T.);
#3007=ORIENTED_EDGE('',*,*,#2214,.F.);
#3008=ORIENTED_EDGE('',*,*,#2255,.F.);
#3009=ORIENTED_EDGE('',*,*,#2276,.T.);
#3010=ORIENTED_EDGE('',*,*,#2270,.T.);
#3011=ORIENTED_EDGE('',*,*,#2276,.F.);
#3012=ORIENTED_EDGE('',*,*,#2186,.T.);
#3013=ORIENTED_EDGE('',*,*,#2277,.T.);
#3014=ORIENTED_EDGE('',*,*,#2273,.T.);
#3015=ORIENTED_EDGE('',*,*,#2277,.F.);
#3016=ORIENTED_EDGE('',*,*,#2268,.T.);
#3017=ORIENTED_EDGE('',*,*,#2278,.T.);
#3018=ORIENTED_EDGE('',*,*,#2275,.F.);
#3019=ORIENTED_EDGE('',*,*,#2278,.F.);
#3020=ORIENTED_EDGE('',*,*,#2279,.T.);
#3021=ORIENTED_EDGE('',*,*,#2280,.T.);
#3022=ORIENTED_EDGE('',*,*,#2281,.T.);
#3023=ORIENTED_EDGE('',*,*,#2280,.F.);
#3024=ORIENTED_EDGE('',*,*,#2282,.T.);
#3025=ORIENTED_EDGE('',*,*,#2283,.F.);
#3026=ORIENTED_EDGE('',*,*,#2284,.F.);
#3027=ORIENTED_EDGE('',*,*,#2285,.F.);
#3028=ORIENTED_EDGE('',*,*,#2286,.T.);
#3029=ORIENTED_EDGE('',*,*,#2287,.F.);
#3030=ORIENTED_EDGE('',*,*,#2288,.T.);
#3031=ORIENTED_EDGE('',*,*,#2289,.F.);
#3032=ORIENTED_EDGE('',*,*,#2290,.F.);
#3033=ORIENTED_EDGE('',*,*,#2291,.F.);
#3034=ORIENTED_EDGE('',*,*,#2292,.T.);
#3035=ORIENTED_EDGE('',*,*,#2293,.F.);
#3036=ORIENTED_EDGE('',*,*,#2294,.F.);
#3037=ORIENTED_EDGE('',*,*,#2295,.F.);
#3038=ORIENTED_EDGE('',*,*,#2296,.T.);
#3039=ORIENTED_EDGE('',*,*,#2297,.F.);
#3040=ORIENTED_EDGE('',*,*,#2298,.T.);
#3041=ORIENTED_EDGE('',*,*,#2299,.F.);
#3042=ORIENTED_EDGE('',*,*,#2300,.F.);
#3043=ORIENTED_EDGE('',*,*,#2301,.F.);
#3044=ORIENTED_EDGE('',*,*,#2302,.T.);
#3045=ORIENTED_EDGE('',*,*,#2303,.F.);
#3046=ORIENTED_EDGE('',*,*,#2304,.F.);
#3047=ORIENTED_EDGE('',*,*,#2305,.F.);
#3048=ORIENTED_EDGE('',*,*,#2306,.T.);
#3049=ORIENTED_EDGE('',*,*,#2307,.F.);
#3050=ORIENTED_EDGE('',*,*,#2308,.T.);
#3051=ORIENTED_EDGE('',*,*,#2309,.F.);
#3052=ORIENTED_EDGE('',*,*,#2310,.F.);
#3053=ORIENTED_EDGE('',*,*,#2311,.F.);
#3054=ORIENTED_EDGE('',*,*,#2312,.T.);
#3055=ORIENTED_EDGE('',*,*,#2313,.F.);
#3056=ORIENTED_EDGE('',*,*,#2314,.F.);
#3057=ORIENTED_EDGE('',*,*,#2315,.F.);
#3058=ORIENTED_EDGE('',*,*,#2316,.T.);
#3059=ORIENTED_EDGE('',*,*,#2317,.F.);
#3060=ORIENTED_EDGE('',*,*,#2318,.T.);
#3061=ORIENTED_EDGE('',*,*,#2319,.F.);
#3062=ORIENTED_EDGE('',*,*,#2320,.F.);
#3063=ORIENTED_EDGE('',*,*,#2321,.F.);
#3064=ORIENTED_EDGE('',*,*,#2322,.F.);
#3065=ORIENTED_EDGE('',*,*,#2323,.F.);
#3066=ORIENTED_EDGE('',*,*,#2324,.F.);
#3067=ORIENTED_EDGE('',*,*,#2325,.F.);
#3068=ORIENTED_EDGE('',*,*,#2326,.F.);
#3069=ORIENTED_EDGE('',*,*,#2327,.F.);
#3070=ORIENTED_EDGE('',*,*,#2328,.F.);
#3071=ORIENTED_EDGE('',*,*,#2329,.F.);
#3072=ORIENTED_EDGE('',*,*,#2330,.F.);
#3073=ORIENTED_EDGE('',*,*,#2331,.F.);
#3074=ORIENTED_EDGE('',*,*,#2332,.F.);
#3075=ORIENTED_EDGE('',*,*,#2333,.F.);
#3076=ORIENTED_EDGE('',*,*,#2334,.F.);
#3077=ORIENTED_EDGE('',*,*,#2335,.F.);
#3078=ORIENTED_EDGE('',*,*,#2336,.F.);
#3079=ORIENTED_EDGE('',*,*,#2337,.F.);
#3080=ORIENTED_EDGE('',*,*,#2338,.F.);
#3081=ORIENTED_EDGE('',*,*,#2339,.F.);
#3082=ORIENTED_EDGE('',*,*,#2340,.F.);
#3083=ORIENTED_EDGE('',*,*,#2341,.F.);
#3084=ORIENTED_EDGE('',*,*,#2342,.F.);
#3085=ORIENTED_EDGE('',*,*,#2343,.F.);
#3086=ORIENTED_EDGE('',*,*,#2344,.F.);
#3087=ORIENTED_EDGE('',*,*,#2345,.F.);
#3088=ORIENTED_EDGE('',*,*,#2346,.F.);
#3089=ORIENTED_EDGE('',*,*,#2347,.F.);
#3090=ORIENTED_EDGE('',*,*,#2348,.F.);
#3091=ORIENTED_EDGE('',*,*,#2349,.F.);
#3092=ORIENTED_EDGE('',*,*,#2350,.F.);
#3093=ORIENTED_EDGE('',*,*,#2351,.F.);
#3094=ORIENTED_EDGE('',*,*,#2352,.F.);
#3095=ORIENTED_EDGE('',*,*,#2353,.F.);
#3096=ORIENTED_EDGE('',*,*,#2354,.F.);
#3097=ORIENTED_EDGE('',*,*,#2355,.F.);
#3098=ORIENTED_EDGE('',*,*,#2356,.F.);
#3099=ORIENTED_EDGE('',*,*,#2357,.F.);
#3100=ORIENTED_EDGE('',*,*,#2358,.F.);
#3101=ORIENTED_EDGE('',*,*,#2359,.F.);
#3102=ORIENTED_EDGE('',*,*,#2360,.F.);
#3103=ORIENTED_EDGE('',*,*,#2361,.F.);
#3104=ORIENTED_EDGE('',*,*,#2362,.F.);
#3105=ORIENTED_EDGE('',*,*,#2363,.F.);
#3106=ORIENTED_EDGE('',*,*,#2364,.F.);
#3107=ORIENTED_EDGE('',*,*,#2365,.F.);
#3108=ORIENTED_EDGE('',*,*,#2281,.F.);
#3109=ORIENTED_EDGE('',*,*,#2279,.F.);
#3110=ORIENTED_EDGE('',*,*,#2366,.T.);
#3111=ORIENTED_EDGE('',*,*,#2367,.F.);
#3112=ORIENTED_EDGE('',*,*,#2366,.F.);
#3113=ORIENTED_EDGE('',*,*,#2368,.T.);
#3114=ORIENTED_EDGE('',*,*,#2369,.T.);
#3115=ORIENTED_EDGE('',*,*,#2322,.T.);
#3116=ORIENTED_EDGE('',*,*,#2369,.F.);
#3117=ORIENTED_EDGE('',*,*,#2368,.F.);
#3118=ORIENTED_EDGE('',*,*,#2370,.T.);
#3119=ORIENTED_EDGE('',*,*,#2371,.F.);
#3120=ORIENTED_EDGE('',*,*,#2370,.F.);
#3121=ORIENTED_EDGE('',*,*,#2372,.T.);
#3122=ORIENTED_EDGE('',*,*,#2373,.T.);
#3123=ORIENTED_EDGE('',*,*,#2365,.T.);
#3124=ORIENTED_EDGE('',*,*,#2373,.F.);
#3125=ORIENTED_EDGE('',*,*,#2372,.F.);
#3126=ORIENTED_EDGE('',*,*,#2374,.T.);
#3127=ORIENTED_EDGE('',*,*,#2375,.F.);
#3128=ORIENTED_EDGE('',*,*,#2374,.F.);
#3129=ORIENTED_EDGE('',*,*,#2364,.T.);
#3130=ORIENTED_EDGE('',*,*,#2376,.T.);
#3131=ORIENTED_EDGE('',*,*,#2377,.T.);
#3132=ORIENTED_EDGE('',*,*,#2376,.F.);
#3133=ORIENTED_EDGE('',*,*,#2363,.T.);
#3134=ORIENTED_EDGE('',*,*,#2378,.T.);
#3135=ORIENTED_EDGE('',*,*,#2379,.T.);
#3136=ORIENTED_EDGE('',*,*,#2378,.F.);
#3137=ORIENTED_EDGE('',*,*,#2362,.T.);
#3138=ORIENTED_EDGE('',*,*,#2380,.T.);
#3139=ORIENTED_EDGE('',*,*,#2381,.T.);
#3140=ORIENTED_EDGE('',*,*,#2380,.F.);
#3141=ORIENTED_EDGE('',*,*,#2361,.T.);
#3142=ORIENTED_EDGE('',*,*,#2382,.T.);
#3143=ORIENTED_EDGE('',*,*,#2383,.T.);
#3144=ORIENTED_EDGE('',*,*,#2382,.F.);
#3145=ORIENTED_EDGE('',*,*,#2384,.T.);
#3146=ORIENTED_EDGE('',*,*,#2385,.T.);
#3147=ORIENTED_EDGE('',*,*,#2386,.T.);
#3148=ORIENTED_EDGE('',*,*,#2385,.F.);
#3149=ORIENTED_EDGE('',*,*,#2386,.F.);
#3150=ORIENTED_EDGE('',*,*,#2377,.F.);
#3151=ORIENTED_EDGE('',*,*,#2387,.T.);
#3152=ORIENTED_EDGE('',*,*,#2388,.T.);
#3153=ORIENTED_EDGE('',*,*,#2389,.T.);
#3154=ORIENTED_EDGE('',*,*,#2388,.F.);
#3155=ORIENTED_EDGE('',*,*,#2389,.F.);
#3156=ORIENTED_EDGE('',*,*,#2379,.F.);
#3157=ORIENTED_EDGE('',*,*,#2390,.T.);
#3158=ORIENTED_EDGE('',*,*,#2391,.T.);
#3159=ORIENTED_EDGE('',*,*,#2392,.T.);
#3160=ORIENTED_EDGE('',*,*,#2391,.F.);
#3161=ORIENTED_EDGE('',*,*,#2392,.F.);
#3162=ORIENTED_EDGE('',*,*,#2381,.F.);
#3163=ORIENTED_EDGE('',*,*,#2393,.T.);
#3164=ORIENTED_EDGE('',*,*,#2394,.T.);
#3165=ORIENTED_EDGE('',*,*,#2395,.T.);
#3166=ORIENTED_EDGE('',*,*,#2394,.F.);
#3167=ORIENTED_EDGE('',*,*,#2395,.F.);
#3168=ORIENTED_EDGE('',*,*,#2383,.F.);
#3169=ORIENTED_EDGE('',*,*,#2396,.F.);
#3170=ORIENTED_EDGE('',*,*,#2397,.T.);
#3171=ORIENTED_EDGE('',*,*,#2398,.F.);
#3172=ORIENTED_EDGE('',*,*,#2397,.F.);
#3173=ORIENTED_EDGE('',*,*,#2399,.T.);
#3174=ORIENTED_EDGE('',*,*,#2400,.T.);
#3175=ORIENTED_EDGE('',*,*,#2401,.T.);
#3176=ORIENTED_EDGE('',*,*,#2402,.F.);
#3177=ORIENTED_EDGE('',*,*,#2403,.T.);
#3178=ORIENTED_EDGE('',*,*,#2404,.F.);
#3179=ORIENTED_EDGE('',*,*,#2405,.T.);
#3180=ORIENTED_EDGE('',*,*,#2406,.F.);
#3181=ORIENTED_EDGE('',*,*,#2407,.T.);
#3182=ORIENTED_EDGE('',*,*,#2408,.T.);
#3183=ORIENTED_EDGE('',*,*,#2409,.T.);
#3184=ORIENTED_EDGE('',*,*,#2410,.T.);
#3185=ORIENTED_EDGE('',*,*,#2411,.T.);
#3186=ORIENTED_EDGE('',*,*,#2412,.F.);
#3187=ORIENTED_EDGE('',*,*,#2413,.T.);
#3188=ORIENTED_EDGE('',*,*,#2414,.F.);
#3189=ORIENTED_EDGE('',*,*,#2415,.T.);
#3190=ORIENTED_EDGE('',*,*,#2416,.F.);
#3191=ORIENTED_EDGE('',*,*,#2417,.T.);
#3192=ORIENTED_EDGE('',*,*,#2418,.T.);
#3193=ORIENTED_EDGE('',*,*,#2419,.T.);
#3194=ORIENTED_EDGE('',*,*,#2420,.T.);
#3195=ORIENTED_EDGE('',*,*,#2421,.T.);
#3196=ORIENTED_EDGE('',*,*,#2422,.F.);
#3197=ORIENTED_EDGE('',*,*,#2423,.T.);
#3198=ORIENTED_EDGE('',*,*,#2424,.F.);
#3199=ORIENTED_EDGE('',*,*,#2425,.T.);
#3200=ORIENTED_EDGE('',*,*,#2426,.F.);
#3201=ORIENTED_EDGE('',*,*,#2427,.T.);
#3202=ORIENTED_EDGE('',*,*,#2428,.T.);
#3203=ORIENTED_EDGE('',*,*,#2429,.T.);
#3204=ORIENTED_EDGE('',*,*,#2430,.T.);
#3205=ORIENTED_EDGE('',*,*,#2431,.T.);
#3206=ORIENTED_EDGE('',*,*,#2432,.F.);
#3207=ORIENTED_EDGE('',*,*,#2433,.T.);
#3208=ORIENTED_EDGE('',*,*,#2434,.F.);
#3209=ORIENTED_EDGE('',*,*,#2435,.T.);
#3210=ORIENTED_EDGE('',*,*,#2436,.F.);
#3211=ORIENTED_EDGE('',*,*,#2437,.T.);
#3212=ORIENTED_EDGE('',*,*,#2438,.T.);
#3213=ORIENTED_EDGE('',*,*,#2384,.F.);
#3214=ORIENTED_EDGE('',*,*,#2387,.F.);
#3215=ORIENTED_EDGE('',*,*,#2390,.F.);
#3216=ORIENTED_EDGE('',*,*,#2393,.F.);
#3217=ORIENTED_EDGE('',*,*,#2439,.T.);
#3218=ORIENTED_EDGE('',*,*,#2440,.T.);
#3219=ORIENTED_EDGE('',*,*,#2441,.T.);
#3220=ORIENTED_EDGE('',*,*,#2442,.T.);
#3221=ORIENTED_EDGE('',*,*,#2443,.T.);
#3222=ORIENTED_EDGE('',*,*,#2444,.T.);
#3223=ORIENTED_EDGE('',*,*,#2445,.T.);
#3224=ORIENTED_EDGE('',*,*,#2446,.T.);
#3225=ORIENTED_EDGE('',*,*,#2447,.T.);
#3226=ORIENTED_EDGE('',*,*,#2448,.T.);
#3227=ORIENTED_EDGE('',*,*,#2449,.T.);
#3228=ORIENTED_EDGE('',*,*,#2450,.T.);
#3229=ORIENTED_EDGE('',*,*,#2451,.T.);
#3230=ORIENTED_EDGE('',*,*,#2452,.T.);
#3231=ORIENTED_EDGE('',*,*,#2453,.T.);
#3232=ORIENTED_EDGE('',*,*,#2454,.T.);
#3233=ORIENTED_EDGE('',*,*,#2455,.T.);
#3234=ORIENTED_EDGE('',*,*,#2456,.T.);
#3235=ORIENTED_EDGE('',*,*,#2457,.T.);
#3236=ORIENTED_EDGE('',*,*,#2458,.T.);
#3237=ORIENTED_EDGE('',*,*,#2459,.T.);
#3238=ORIENTED_EDGE('',*,*,#2460,.T.);
#3239=ORIENTED_EDGE('',*,*,#2461,.T.);
#3240=ORIENTED_EDGE('',*,*,#2462,.T.);
#3241=ORIENTED_EDGE('',*,*,#2463,.T.);
#3242=ORIENTED_EDGE('',*,*,#2464,.T.);
#3243=ORIENTED_EDGE('',*,*,#2465,.T.);
#3244=ORIENTED_EDGE('',*,*,#2466,.T.);
#3245=ORIENTED_EDGE('',*,*,#2467,.T.);
#3246=ORIENTED_EDGE('',*,*,#2367,.T.);
#3247=ORIENTED_EDGE('',*,*,#2468,.T.);
#3248=ORIENTED_EDGE('',*,*,#2469,.T.);
#3249=ORIENTED_EDGE('',*,*,#2470,.T.);
#3250=ORIENTED_EDGE('',*,*,#2375,.T.);
#3251=ORIENTED_EDGE('',*,*,#2371,.T.);
#3252=ORIENTED_EDGE('',*,*,#2471,.T.);
#3253=ORIENTED_EDGE('',*,*,#2472,.T.);
#3254=ORIENTED_EDGE('',*,*,#2473,.T.);
#3255=ORIENTED_EDGE('',*,*,#2474,.T.);
#3256=ORIENTED_EDGE('',*,*,#2475,.T.);
#3257=ORIENTED_EDGE('',*,*,#2398,.T.);
#3258=ORIENTED_EDGE('',*,*,#2323,.T.);
#3259=ORIENTED_EDGE('',*,*,#2476,.T.);
#3260=ORIENTED_EDGE('',*,*,#2396,.T.);
#3261=ORIENTED_EDGE('',*,*,#2476,.F.);
#3262=ORIENTED_EDGE('',*,*,#2477,.F.);
#3263=ORIENTED_EDGE('',*,*,#2478,.T.);
#3264=ORIENTED_EDGE('',*,*,#2439,.F.);
#3265=ORIENTED_EDGE('',*,*,#2478,.F.);
#3266=ORIENTED_EDGE('',*,*,#2328,.T.);
#3267=ORIENTED_EDGE('',*,*,#2479,.T.);
#3268=ORIENTED_EDGE('',*,*,#2477,.T.);
#3269=ORIENTED_EDGE('',*,*,#2479,.F.);
#3270=ORIENTED_EDGE('',*,*,#2480,.F.);
#3271=ORIENTED_EDGE('',*,*,#2481,.T.);
#3272=ORIENTED_EDGE('',*,*,#2475,.F.);
#3273=ORIENTED_EDGE('',*,*,#2481,.F.);
#3274=ORIENTED_EDGE('',*,*,#2360,.T.);
#3275=ORIENTED_EDGE('',*,*,#2482,.T.);
#3276=ORIENTED_EDGE('',*,*,#2480,.T.);
#3277=ORIENTED_EDGE('',*,*,#2482,.F.);
#3278=ORIENTED_EDGE('',*,*,#2483,.F.);
#3279=ORIENTED_EDGE('',*,*,#2484,.T.);
#3280=ORIENTED_EDGE('',*,*,#2440,.F.);
#3281=ORIENTED_EDGE('',*,*,#2484,.F.);
#3282=ORIENTED_EDGE('',*,*,#2326,.T.);
#3283=ORIENTED_EDGE('',*,*,#2485,.T.);
#3284=ORIENTED_EDGE('',*,*,#2483,.T.);
#3285=ORIENTED_EDGE('',*,*,#2485,.F.);
#3286=ORIENTED_EDGE('',*,*,#2486,.F.);
#3287=ORIENTED_EDGE('',*,*,#2487,.T.);
#3288=ORIENTED_EDGE('',*,*,#2474,.F.);
#3289=ORIENTED_EDGE('',*,*,#2487,.F.);
#3290=ORIENTED_EDGE('',*,*,#2359,.T.);
#3291=ORIENTED_EDGE('',*,*,#2488,.T.);
#3292=ORIENTED_EDGE('',*,*,#2486,.T.);
#3293=ORIENTED_EDGE('',*,*,#2488,.F.);
#3294=ORIENTED_EDGE('',*,*,#2489,.F.);
#3295=ORIENTED_EDGE('',*,*,#2490,.T.);
#3296=ORIENTED_EDGE('',*,*,#2441,.F.);
#3297=ORIENTED_EDGE('',*,*,#2490,.F.);
#3298=ORIENTED_EDGE('',*,*,#2334,.T.);
#3299=ORIENTED_EDGE('',*,*,#2491,.T.);
#3300=ORIENTED_EDGE('',*,*,#2489,.T.);
#3301=ORIENTED_EDGE('',*,*,#2491,.F.);
#3302=ORIENTED_EDGE('',*,*,#2492,.F.);
#3303=ORIENTED_EDGE('',*,*,#2493,.T.);
#3304=ORIENTED_EDGE('',*,*,#2473,.F.);
#3305=ORIENTED_EDGE('',*,*,#2493,.F.);
#3306=ORIENTED_EDGE('',*,*,#2325,.T.);
#3307=ORIENTED_EDGE('',*,*,#2494,.T.);
#3308=ORIENTED_EDGE('',*,*,#2492,.T.);
#3309=ORIENTED_EDGE('',*,*,#2494,.F.);
#3310=ORIENTED_EDGE('',*,*,#2495,.F.);
#3311=ORIENTED_EDGE('',*,*,#2496,.T.);
#3312=ORIENTED_EDGE('',*,*,#2442,.F.);
#3313=ORIENTED_EDGE('',*,*,#2496,.F.);
#3314=ORIENTED_EDGE('',*,*,#2324,.T.);
#3315=ORIENTED_EDGE('',*,*,#2497,.T.);
#3316=ORIENTED_EDGE('',*,*,#2495,.T.);
#3317=ORIENTED_EDGE('',*,*,#2497,.F.);
#3318=ORIENTED_EDGE('',*,*,#2498,.F.);
#3319=ORIENTED_EDGE('',*,*,#2499,.T.);
#3320=ORIENTED_EDGE('',*,*,#2472,.F.);
#3321=ORIENTED_EDGE('',*,*,#2499,.F.);
#3322=ORIENTED_EDGE('',*,*,#2333,.T.);
#3323=ORIENTED_EDGE('',*,*,#2500,.T.);
#3324=ORIENTED_EDGE('',*,*,#2498,.T.);
#3325=ORIENTED_EDGE('',*,*,#2500,.F.);
#3326=ORIENTED_EDGE('',*,*,#2501,.F.);
#3327=ORIENTED_EDGE('',*,*,#2502,.T.);
#3328=ORIENTED_EDGE('',*,*,#2443,.F.);
#3329=ORIENTED_EDGE('',*,*,#2502,.F.);
#3330=ORIENTED_EDGE('',*,*,#2335,.T.);
#3331=ORIENTED_EDGE('',*,*,#2503,.T.);
#3332=ORIENTED_EDGE('',*,*,#2501,.T.);
#3333=ORIENTED_EDGE('',*,*,#2503,.F.);
#3334=ORIENTED_EDGE('',*,*,#2504,.F.);
#3335=ORIENTED_EDGE('',*,*,#2505,.T.);
#3336=ORIENTED_EDGE('',*,*,#2471,.F.);
#3337=ORIENTED_EDGE('',*,*,#2505,.F.);
#3338=ORIENTED_EDGE('',*,*,#2332,.T.);
#3339=ORIENTED_EDGE('',*,*,#2506,.T.);
#3340=ORIENTED_EDGE('',*,*,#2504,.T.);
#3341=ORIENTED_EDGE('',*,*,#2506,.F.);
#3342=ORIENTED_EDGE('',*,*,#2507,.F.);
#3343=ORIENTED_EDGE('',*,*,#2508,.T.);
#3344=ORIENTED_EDGE('',*,*,#2444,.F.);
#3345=ORIENTED_EDGE('',*,*,#2508,.F.);
#3346=ORIENTED_EDGE('',*,*,#2329,.T.);
#3347=ORIENTED_EDGE('',*,*,#2509,.T.);
#3348=ORIENTED_EDGE('',*,*,#2507,.T.);
#3349=ORIENTED_EDGE('',*,*,#2509,.F.);
#3350=ORIENTED_EDGE('',*,*,#2435,.F.);
#3351=ORIENTED_EDGE('',*,*,#2510,.F.);
#3352=ORIENTED_EDGE('',*,*,#2286,.F.);
#3353=ORIENTED_EDGE('',*,*,#2511,.F.);
#3354=ORIENTED_EDGE('',*,*,#2511,.T.);
#3355=ORIENTED_EDGE('',*,*,#2285,.T.);
#3356=ORIENTED_EDGE('',*,*,#2512,.F.);
#3357=ORIENTED_EDGE('',*,*,#2436,.T.);
#3358=ORIENTED_EDGE('',*,*,#2425,.F.);
#3359=ORIENTED_EDGE('',*,*,#2513,.F.);
#3360=ORIENTED_EDGE('',*,*,#2296,.F.);
#3361=ORIENTED_EDGE('',*,*,#2514,.F.);
#3362=ORIENTED_EDGE('',*,*,#2514,.T.);
#3363=ORIENTED_EDGE('',*,*,#2295,.T.);
#3364=ORIENTED_EDGE('',*,*,#2515,.F.);
#3365=ORIENTED_EDGE('',*,*,#2426,.T.);
#3366=ORIENTED_EDGE('',*,*,#2415,.F.);
#3367=ORIENTED_EDGE('',*,*,#2516,.F.);
#3368=ORIENTED_EDGE('',*,*,#2306,.F.);
#3369=ORIENTED_EDGE('',*,*,#2517,.F.);
#3370=ORIENTED_EDGE('',*,*,#2517,.T.);
#3371=ORIENTED_EDGE('',*,*,#2305,.T.);
#3372=ORIENTED_EDGE('',*,*,#2518,.F.);
#3373=ORIENTED_EDGE('',*,*,#2416,.T.);
#3374=ORIENTED_EDGE('',*,*,#2405,.F.);
#3375=ORIENTED_EDGE('',*,*,#2519,.F.);
#3376=ORIENTED_EDGE('',*,*,#2316,.F.);
#3377=ORIENTED_EDGE('',*,*,#2520,.F.);
#3378=ORIENTED_EDGE('',*,*,#2520,.T.);
#3379=ORIENTED_EDGE('',*,*,#2315,.T.);
#3380=ORIENTED_EDGE('',*,*,#2521,.F.);
#3381=ORIENTED_EDGE('',*,*,#2406,.T.);
#3382=ORIENTED_EDGE('',*,*,#2282,.F.);
#3383=ORIENTED_EDGE('',*,*,#2522,.F.);
#3384=ORIENTED_EDGE('',*,*,#2399,.F.);
#3385=ORIENTED_EDGE('',*,*,#2523,.F.);
#3386=ORIENTED_EDGE('',*,*,#2522,.T.);
#3387=ORIENTED_EDGE('',*,*,#2321,.T.);
#3388=ORIENTED_EDGE('',*,*,#2524,.F.);
#3389=ORIENTED_EDGE('',*,*,#2400,.F.);
#3390=ORIENTED_EDGE('',*,*,#2292,.F.);
#3391=ORIENTED_EDGE('',*,*,#2525,.F.);
#3392=ORIENTED_EDGE('',*,*,#2429,.F.);
#3393=ORIENTED_EDGE('',*,*,#2526,.F.);
#3394=ORIENTED_EDGE('',*,*,#2525,.T.);
#3395=ORIENTED_EDGE('',*,*,#2291,.T.);
#3396=ORIENTED_EDGE('',*,*,#2527,.F.);
#3397=ORIENTED_EDGE('',*,*,#2430,.F.);
#3398=ORIENTED_EDGE('',*,*,#2288,.F.);
#3399=ORIENTED_EDGE('',*,*,#2528,.F.);
#3400=ORIENTED_EDGE('',*,*,#2433,.F.);
#3401=ORIENTED_EDGE('',*,*,#2529,.F.);
#3402=ORIENTED_EDGE('',*,*,#2510,.T.);
#3403=ORIENTED_EDGE('',*,*,#2434,.T.);
#3404=ORIENTED_EDGE('',*,*,#2528,.T.);
#3405=ORIENTED_EDGE('',*,*,#2287,.T.);
#3406=ORIENTED_EDGE('',*,*,#2298,.F.);
#3407=ORIENTED_EDGE('',*,*,#2530,.F.);
#3408=ORIENTED_EDGE('',*,*,#2423,.F.);
#3409=ORIENTED_EDGE('',*,*,#2531,.F.);
#3410=ORIENTED_EDGE('',*,*,#2513,.T.);
#3411=ORIENTED_EDGE('',*,*,#2424,.T.);
#3412=ORIENTED_EDGE('',*,*,#2530,.T.);
#3413=ORIENTED_EDGE('',*,*,#2297,.T.);
#3414=ORIENTED_EDGE('',*,*,#2302,.F.);
#3415=ORIENTED_EDGE('',*,*,#2532,.F.);
#3416=ORIENTED_EDGE('',*,*,#2419,.F.);
#3417=ORIENTED_EDGE('',*,*,#2533,.F.);
#3418=ORIENTED_EDGE('',*,*,#2532,.T.);
#3419=ORIENTED_EDGE('',*,*,#2301,.T.);
#3420=ORIENTED_EDGE('',*,*,#2534,.F.);
#3421=ORIENTED_EDGE('',*,*,#2420,.F.);
#3422=ORIENTED_EDGE('',*,*,#2312,.F.);
#3423=ORIENTED_EDGE('',*,*,#2535,.F.);
#3424=ORIENTED_EDGE('',*,*,#2409,.F.);
#3425=ORIENTED_EDGE('',*,*,#2536,.F.);
#3426=ORIENTED_EDGE('',*,*,#2535,.T.);
#3427=ORIENTED_EDGE('',*,*,#2311,.T.);
#3428=ORIENTED_EDGE('',*,*,#2537,.F.);
#3429=ORIENTED_EDGE('',*,*,#2410,.F.);
#3430=ORIENTED_EDGE('',*,*,#2318,.F.);
#3431=ORIENTED_EDGE('',*,*,#2538,.F.);
#3432=ORIENTED_EDGE('',*,*,#2403,.F.);
#3433=ORIENTED_EDGE('',*,*,#2539,.F.);
#3434=ORIENTED_EDGE('',*,*,#2519,.T.);
#3435=ORIENTED_EDGE('',*,*,#2404,.T.);
#3436=ORIENTED_EDGE('',*,*,#2538,.T.);
#3437=ORIENTED_EDGE('',*,*,#2317,.T.);
#3438=ORIENTED_EDGE('',*,*,#2308,.F.);
#3439=ORIENTED_EDGE('',*,*,#2540,.F.);
#3440=ORIENTED_EDGE('',*,*,#2413,.F.);
#3441=ORIENTED_EDGE('',*,*,#2541,.F.);
#3442=ORIENTED_EDGE('',*,*,#2541,.T.);
#3443=ORIENTED_EDGE('',*,*,#2412,.T.);
#3444=ORIENTED_EDGE('',*,*,#2542,.T.);
#3445=ORIENTED_EDGE('',*,*,#2309,.T.);
#3446=ORIENTED_EDGE('',*,*,#2327,.T.);
#3447=ORIENTED_EDGE('',*,*,#2543,.T.);
#3448=ORIENTED_EDGE('',*,*,#2470,.F.);
#3449=ORIENTED_EDGE('',*,*,#2543,.F.);
#3450=ORIENTED_EDGE('',*,*,#2330,.T.);
#3451=ORIENTED_EDGE('',*,*,#2544,.T.);
#3452=ORIENTED_EDGE('',*,*,#2469,.F.);
#3453=ORIENTED_EDGE('',*,*,#2544,.F.);
#3454=ORIENTED_EDGE('',*,*,#2331,.T.);
#3455=ORIENTED_EDGE('',*,*,#2545,.T.);
#3456=ORIENTED_EDGE('',*,*,#2468,.F.);
#3457=ORIENTED_EDGE('',*,*,#2545,.F.);
#3458=ORIENTED_EDGE('',*,*,#2336,.T.);
#3459=ORIENTED_EDGE('',*,*,#2546,.T.);
#3460=ORIENTED_EDGE('',*,*,#2467,.F.);
#3461=ORIENTED_EDGE('',*,*,#2546,.F.);
#3462=ORIENTED_EDGE('',*,*,#2466,.F.);
#3463=ORIENTED_EDGE('',*,*,#2547,.T.);
#3464=ORIENTED_EDGE('',*,*,#2338,.T.);
#3465=ORIENTED_EDGE('',*,*,#2548,.F.);
#3466=ORIENTED_EDGE('',*,*,#2465,.F.);
#3467=ORIENTED_EDGE('',*,*,#2549,.T.);
#3468=ORIENTED_EDGE('',*,*,#2339,.T.);
#3469=ORIENTED_EDGE('',*,*,#2547,.F.);
#3470=ORIENTED_EDGE('',*,*,#2464,.F.);
#3471=ORIENTED_EDGE('',*,*,#2550,.T.);
#3472=ORIENTED_EDGE('',*,*,#2340,.T.);
#3473=ORIENTED_EDGE('',*,*,#2549,.F.);
#3474=ORIENTED_EDGE('',*,*,#2463,.F.);
#3475=ORIENTED_EDGE('',*,*,#2551,.T.);
#3476=ORIENTED_EDGE('',*,*,#2341,.T.);
#3477=ORIENTED_EDGE('',*,*,#2550,.F.);
#3478=ORIENTED_EDGE('',*,*,#2462,.F.);
#3479=ORIENTED_EDGE('',*,*,#2552,.T.);
#3480=ORIENTED_EDGE('',*,*,#2342,.T.);
#3481=ORIENTED_EDGE('',*,*,#2551,.F.);
#3482=ORIENTED_EDGE('',*,*,#2461,.F.);
#3483=ORIENTED_EDGE('',*,*,#2553,.T.);
#3484=ORIENTED_EDGE('',*,*,#2343,.T.);
#3485=ORIENTED_EDGE('',*,*,#2552,.F.);
#3486=ORIENTED_EDGE('',*,*,#2460,.F.);
#3487=ORIENTED_EDGE('',*,*,#2554,.T.);
#3488=ORIENTED_EDGE('',*,*,#2344,.T.);
#3489=ORIENTED_EDGE('',*,*,#2553,.F.);
#3490=ORIENTED_EDGE('',*,*,#2459,.F.);
#3491=ORIENTED_EDGE('',*,*,#2555,.T.);
#3492=ORIENTED_EDGE('',*,*,#2345,.T.);
#3493=ORIENTED_EDGE('',*,*,#2554,.F.);
#3494=ORIENTED_EDGE('',*,*,#2458,.F.);
#3495=ORIENTED_EDGE('',*,*,#2556,.T.);
#3496=ORIENTED_EDGE('',*,*,#2346,.T.);
#3497=ORIENTED_EDGE('',*,*,#2555,.F.);
#3498=ORIENTED_EDGE('',*,*,#2457,.F.);
#3499=ORIENTED_EDGE('',*,*,#2557,.T.);
#3500=ORIENTED_EDGE('',*,*,#2347,.T.);
#3501=ORIENTED_EDGE('',*,*,#2556,.F.);
#3502=ORIENTED_EDGE('',*,*,#2456,.F.);
#3503=ORIENTED_EDGE('',*,*,#2558,.T.);
#3504=ORIENTED_EDGE('',*,*,#2348,.T.);
#3505=ORIENTED_EDGE('',*,*,#2557,.F.);
#3506=ORIENTED_EDGE('',*,*,#2455,.F.);
#3507=ORIENTED_EDGE('',*,*,#2559,.T.);
#3508=ORIENTED_EDGE('',*,*,#2349,.T.);
#3509=ORIENTED_EDGE('',*,*,#2558,.F.);
#3510=ORIENTED_EDGE('',*,*,#2454,.F.);
#3511=ORIENTED_EDGE('',*,*,#2560,.T.);
#3512=ORIENTED_EDGE('',*,*,#2350,.T.);
#3513=ORIENTED_EDGE('',*,*,#2559,.F.);
#3514=ORIENTED_EDGE('',*,*,#2453,.F.);
#3515=ORIENTED_EDGE('',*,*,#2561,.T.);
#3516=ORIENTED_EDGE('',*,*,#2351,.T.);
#3517=ORIENTED_EDGE('',*,*,#2560,.F.);
#3518=ORIENTED_EDGE('',*,*,#2452,.F.);
#3519=ORIENTED_EDGE('',*,*,#2562,.T.);
#3520=ORIENTED_EDGE('',*,*,#2352,.T.);
#3521=ORIENTED_EDGE('',*,*,#2561,.F.);
#3522=ORIENTED_EDGE('',*,*,#2451,.F.);
#3523=ORIENTED_EDGE('',*,*,#2563,.T.);
#3524=ORIENTED_EDGE('',*,*,#2353,.T.);
#3525=ORIENTED_EDGE('',*,*,#2562,.F.);
#3526=ORIENTED_EDGE('',*,*,#2450,.F.);
#3527=ORIENTED_EDGE('',*,*,#2564,.T.);
#3528=ORIENTED_EDGE('',*,*,#2354,.T.);
#3529=ORIENTED_EDGE('',*,*,#2563,.F.);
#3530=ORIENTED_EDGE('',*,*,#2449,.F.);
#3531=ORIENTED_EDGE('',*,*,#2565,.T.);
#3532=ORIENTED_EDGE('',*,*,#2355,.T.);
#3533=ORIENTED_EDGE('',*,*,#2564,.F.);
#3534=ORIENTED_EDGE('',*,*,#2448,.F.);
#3535=ORIENTED_EDGE('',*,*,#2566,.T.);
#3536=ORIENTED_EDGE('',*,*,#2356,.T.);
#3537=ORIENTED_EDGE('',*,*,#2565,.F.);
#3538=ORIENTED_EDGE('',*,*,#2447,.F.);
#3539=ORIENTED_EDGE('',*,*,#2567,.T.);
#3540=ORIENTED_EDGE('',*,*,#2357,.T.);
#3541=ORIENTED_EDGE('',*,*,#2566,.F.);
#3542=ORIENTED_EDGE('',*,*,#2446,.F.);
#3543=ORIENTED_EDGE('',*,*,#2568,.T.);
#3544=ORIENTED_EDGE('',*,*,#2358,.T.);
#3545=ORIENTED_EDGE('',*,*,#2567,.F.);
#3546=ORIENTED_EDGE('',*,*,#2445,.F.);
#3547=ORIENTED_EDGE('',*,*,#2548,.T.);
#3548=ORIENTED_EDGE('',*,*,#2337,.T.);
#3549=ORIENTED_EDGE('',*,*,#2568,.F.);
#3550=ORIENTED_EDGE('',*,*,#2516,.T.);
#3551=ORIENTED_EDGE('',*,*,#2414,.T.);
#3552=ORIENTED_EDGE('',*,*,#2540,.T.);
#3553=ORIENTED_EDGE('',*,*,#2307,.T.);
#3554=ORIENTED_EDGE('',*,*,#2411,.F.);
#3555=ORIENTED_EDGE('',*,*,#2537,.T.);
#3556=ORIENTED_EDGE('',*,*,#2310,.T.);
#3557=ORIENTED_EDGE('',*,*,#2542,.F.);
#3558=ORIENTED_EDGE('',*,*,#2536,.T.);
#3559=ORIENTED_EDGE('',*,*,#2408,.F.);
#3560=ORIENTED_EDGE('',*,*,#2569,.T.);
#3561=ORIENTED_EDGE('',*,*,#2313,.T.);
#3562=ORIENTED_EDGE('',*,*,#2407,.F.);
#3563=ORIENTED_EDGE('',*,*,#2521,.T.);
#3564=ORIENTED_EDGE('',*,*,#2314,.T.);
#3565=ORIENTED_EDGE('',*,*,#2569,.F.);
#3566=ORIENTED_EDGE('',*,*,#2539,.T.);
#3567=ORIENTED_EDGE('',*,*,#2402,.T.);
#3568=ORIENTED_EDGE('',*,*,#2570,.T.);
#3569=ORIENTED_EDGE('',*,*,#2319,.T.);
#3570=ORIENTED_EDGE('',*,*,#2401,.F.);
#3571=ORIENTED_EDGE('',*,*,#2524,.T.);
#3572=ORIENTED_EDGE('',*,*,#2320,.T.);
#3573=ORIENTED_EDGE('',*,*,#2570,.F.);
#3574=ORIENTED_EDGE('',*,*,#2523,.T.);
#3575=ORIENTED_EDGE('',*,*,#2438,.F.);
#3576=ORIENTED_EDGE('',*,*,#2571,.T.);
#3577=ORIENTED_EDGE('',*,*,#2283,.T.);
#3578=ORIENTED_EDGE('',*,*,#2437,.F.);
#3579=ORIENTED_EDGE('',*,*,#2512,.T.);
#3580=ORIENTED_EDGE('',*,*,#2284,.T.);
#3581=ORIENTED_EDGE('',*,*,#2571,.F.);
#3582=ORIENTED_EDGE('',*,*,#2529,.T.);
#3583=ORIENTED_EDGE('',*,*,#2432,.T.);
#3584=ORIENTED_EDGE('',*,*,#2572,.T.);
#3585=ORIENTED_EDGE('',*,*,#2289,.T.);
#3586=ORIENTED_EDGE('',*,*,#2431,.F.);
#3587=ORIENTED_EDGE('',*,*,#2527,.T.);
#3588=ORIENTED_EDGE('',*,*,#2290,.T.);
#3589=ORIENTED_EDGE('',*,*,#2572,.F.);
#3590=ORIENTED_EDGE('',*,*,#2526,.T.);
#3591=ORIENTED_EDGE('',*,*,#2428,.F.);
#3592=ORIENTED_EDGE('',*,*,#2573,.T.);
#3593=ORIENTED_EDGE('',*,*,#2293,.T.);
#3594=ORIENTED_EDGE('',*,*,#2427,.F.);
#3595=ORIENTED_EDGE('',*,*,#2515,.T.);
#3596=ORIENTED_EDGE('',*,*,#2294,.T.);
#3597=ORIENTED_EDGE('',*,*,#2573,.F.);
#3598=ORIENTED_EDGE('',*,*,#2531,.T.);
#3599=ORIENTED_EDGE('',*,*,#2422,.T.);
#3600=ORIENTED_EDGE('',*,*,#2574,.T.);
#3601=ORIENTED_EDGE('',*,*,#2299,.T.);
#3602=ORIENTED_EDGE('',*,*,#2421,.F.);
#3603=ORIENTED_EDGE('',*,*,#2534,.T.);
#3604=ORIENTED_EDGE('',*,*,#2300,.T.);
#3605=ORIENTED_EDGE('',*,*,#2574,.F.);
#3606=ORIENTED_EDGE('',*,*,#2533,.T.);
#3607=ORIENTED_EDGE('',*,*,#2418,.F.);
#3608=ORIENTED_EDGE('',*,*,#2575,.T.);
#3609=ORIENTED_EDGE('',*,*,#2303,.T.);
#3610=ORIENTED_EDGE('',*,*,#2417,.F.);
#3611=ORIENTED_EDGE('',*,*,#2518,.T.);
#3612=ORIENTED_EDGE('',*,*,#2304,.T.);
#3613=ORIENTED_EDGE('',*,*,#2575,.F.);
#3614=ORIENTED_EDGE('',*,*,#2576,.F.);
#3615=ORIENTED_EDGE('',*,*,#2577,.F.);
#3616=ORIENTED_EDGE('',*,*,#2578,.F.);
#3617=ORIENTED_EDGE('',*,*,#2579,.F.);
#3618=ORIENTED_EDGE('',*,*,#2580,.T.);
#3619=ORIENTED_EDGE('',*,*,#2581,.F.);
#3620=ORIENTED_EDGE('',*,*,#2580,.F.);
#3621=ORIENTED_EDGE('',*,*,#2582,.F.);
#3622=ORIENTED_EDGE('',*,*,#2583,.T.);
#3623=ORIENTED_EDGE('',*,*,#2584,.F.);
#3624=ORIENTED_EDGE('',*,*,#2585,.F.);
#3625=ORIENTED_EDGE('',*,*,#2583,.F.);
#3626=ORIENTED_EDGE('',*,*,#2586,.F.);
#3627=ORIENTED_EDGE('',*,*,#2587,.F.);
#3628=ORIENTED_EDGE('',*,*,#2588,.F.);
#3629=ORIENTED_EDGE('',*,*,#2576,.T.);
#3630=ORIENTED_EDGE('',*,*,#2581,.T.);
#3631=ORIENTED_EDGE('',*,*,#2589,.T.);
#3632=ORIENTED_EDGE('',*,*,#2590,.F.);
#3633=ORIENTED_EDGE('',*,*,#2584,.T.);
#3634=ORIENTED_EDGE('',*,*,#2585,.T.);
#3635=ORIENTED_EDGE('',*,*,#2591,.F.);
#3636=ORIENTED_EDGE('',*,*,#2592,.T.);
#3637=ORIENTED_EDGE('',*,*,#2593,.T.);
#3638=ORIENTED_EDGE('',*,*,#2594,.T.);
#3639=ORIENTED_EDGE('',*,*,#2595,.F.);
#3640=ORIENTED_EDGE('',*,*,#2596,.T.);
#3641=ORIENTED_EDGE('',*,*,#2597,.F.);
#3642=ORIENTED_EDGE('',*,*,#2589,.F.);
#3643=ORIENTED_EDGE('',*,*,#2588,.T.);
#3644=ORIENTED_EDGE('',*,*,#2598,.F.);
#3645=ORIENTED_EDGE('',*,*,#2599,.T.);
#3646=ORIENTED_EDGE('',*,*,#2600,.T.);
#3647=ORIENTED_EDGE('',*,*,#2601,.T.);
#3648=ORIENTED_EDGE('',*,*,#2602,.T.);
#3649=ORIENTED_EDGE('',*,*,#2591,.T.);
#3650=ORIENTED_EDGE('',*,*,#2587,.T.);
#3651=ORIENTED_EDGE('',*,*,#2603,.T.);
#3652=ORIENTED_EDGE('',*,*,#2604,.T.);
#3653=ORIENTED_EDGE('',*,*,#2598,.T.);
#3654=ORIENTED_EDGE('',*,*,#2604,.F.);
#3655=ORIENTED_EDGE('',*,*,#2605,.T.);
#3656=ORIENTED_EDGE('',*,*,#2606,.T.);
#3657=ORIENTED_EDGE('',*,*,#2607,.F.);
#3658=ORIENTED_EDGE('',*,*,#2599,.F.);
#3659=ORIENTED_EDGE('',*,*,#2579,.T.);
#3660=ORIENTED_EDGE('',*,*,#2608,.F.);
#3661=ORIENTED_EDGE('',*,*,#2609,.T.);
#3662=ORIENTED_EDGE('',*,*,#2610,.T.);
#3663=ORIENTED_EDGE('',*,*,#2605,.F.);
#3664=ORIENTED_EDGE('',*,*,#2603,.F.);
#3665=ORIENTED_EDGE('',*,*,#2586,.T.);
#3666=ORIENTED_EDGE('',*,*,#2582,.T.);
#3667=ORIENTED_EDGE('',*,*,#2578,.T.);
#3668=ORIENTED_EDGE('',*,*,#2611,.T.);
#3669=ORIENTED_EDGE('',*,*,#2612,.T.);
#3670=ORIENTED_EDGE('',*,*,#2608,.T.);
#3671=ORIENTED_EDGE('',*,*,#2612,.F.);
#3672=ORIENTED_EDGE('',*,*,#2613,.F.);
#3673=ORIENTED_EDGE('',*,*,#2614,.F.);
#3674=ORIENTED_EDGE('',*,*,#2615,.F.);
#3675=ORIENTED_EDGE('',*,*,#2609,.F.);
#3676=ORIENTED_EDGE('',*,*,#2610,.F.);
#3677=ORIENTED_EDGE('',*,*,#2615,.T.);
#3678=ORIENTED_EDGE('',*,*,#2616,.F.);
#3679=ORIENTED_EDGE('',*,*,#2606,.F.);
#3680=ORIENTED_EDGE('',*,*,#2577,.T.);
#3681=ORIENTED_EDGE('',*,*,#2590,.T.);
#3682=ORIENTED_EDGE('',*,*,#2597,.T.);
#3683=ORIENTED_EDGE('',*,*,#2617,.T.);
#3684=ORIENTED_EDGE('',*,*,#2618,.T.);
#3685=ORIENTED_EDGE('',*,*,#2619,.T.);
#3686=ORIENTED_EDGE('',*,*,#2613,.T.);
#3687=ORIENTED_EDGE('',*,*,#2611,.F.);
#3688=ORIENTED_EDGE('',*,*,#2614,.T.);
#3689=ORIENTED_EDGE('',*,*,#2619,.F.);
#3690=ORIENTED_EDGE('',*,*,#2620,.F.);
#3691=ORIENTED_EDGE('',*,*,#2621,.T.);
#3692=ORIENTED_EDGE('',*,*,#2602,.F.);
#3693=ORIENTED_EDGE('',*,*,#2622,.T.);
#3694=ORIENTED_EDGE('',*,*,#2623,.T.);
#3695=ORIENTED_EDGE('',*,*,#2592,.F.);
#3696=ORIENTED_EDGE('',*,*,#2601,.F.);
#3697=ORIENTED_EDGE('',*,*,#2624,.T.);
#3698=ORIENTED_EDGE('',*,*,#2625,.T.);
#3699=ORIENTED_EDGE('',*,*,#2622,.F.);
#3700=ORIENTED_EDGE('',*,*,#2626,.F.);
#3701=ORIENTED_EDGE('',*,*,#2627,.F.);
#3702=ORIENTED_EDGE('',*,*,#2593,.F.);
#3703=ORIENTED_EDGE('',*,*,#2623,.F.);
#3704=ORIENTED_EDGE('',*,*,#2625,.F.);
#3705=ORIENTED_EDGE('',*,*,#2628,.F.);
#3706=ORIENTED_EDGE('',*,*,#2629,.F.);
#3707=ORIENTED_EDGE('',*,*,#2630,.F.);
#3708=ORIENTED_EDGE('',*,*,#2627,.T.);
#3709=ORIENTED_EDGE('',*,*,#2631,.T.);
#3710=ORIENTED_EDGE('',*,*,#2632,.F.);
#3711=ORIENTED_EDGE('',*,*,#2594,.F.);
#3712=ORIENTED_EDGE('',*,*,#2626,.T.);
#3713=ORIENTED_EDGE('',*,*,#2633,.T.);
#3714=ORIENTED_EDGE('',*,*,#2634,.F.);
#3715=ORIENTED_EDGE('',*,*,#2631,.F.);
#3716=ORIENTED_EDGE('',*,*,#2635,.F.);
#3717=ORIENTED_EDGE('',*,*,#2636,.T.);
#3718=ORIENTED_EDGE('',*,*,#2629,.T.);
#3719=ORIENTED_EDGE('',*,*,#2636,.F.);
#3720=ORIENTED_EDGE('',*,*,#2637,.F.);
#3721=ORIENTED_EDGE('',*,*,#2638,.T.);
#3722=ORIENTED_EDGE('',*,*,#2630,.T.);
#3723=ORIENTED_EDGE('',*,*,#2638,.F.);
#3724=ORIENTED_EDGE('',*,*,#2634,.T.);
#3725=ORIENTED_EDGE('',*,*,#2621,.F.);
#3726=ORIENTED_EDGE('',*,*,#2639,.F.);
#3727=ORIENTED_EDGE('',*,*,#2640,.F.);
#3728=ORIENTED_EDGE('',*,*,#2595,.T.);
#3729=ORIENTED_EDGE('',*,*,#2632,.T.);
#3730=ORIENTED_EDGE('',*,*,#2637,.T.);
#3731=ORIENTED_EDGE('',*,*,#2635,.T.);
#3732=ORIENTED_EDGE('',*,*,#2640,.T.);
#3733=ORIENTED_EDGE('',*,*,#2641,.T.);
#3734=ORIENTED_EDGE('',*,*,#2617,.F.);
#3735=ORIENTED_EDGE('',*,*,#2596,.F.);
#3736=ORIENTED_EDGE('',*,*,#2639,.T.);
#3737=ORIENTED_EDGE('',*,*,#2620,.T.);
#3738=ORIENTED_EDGE('',*,*,#2618,.F.);
#3739=ORIENTED_EDGE('',*,*,#2641,.F.);
#3740=ORIENTED_EDGE('',*,*,#2616,.T.);
#3741=ORIENTED_EDGE('',*,*,#2633,.F.);
#3742=ORIENTED_EDGE('',*,*,#2628,.T.);
#3743=ORIENTED_EDGE('',*,*,#2624,.F.);
#3744=ORIENTED_EDGE('',*,*,#2600,.F.);
#3745=ORIENTED_EDGE('',*,*,#2607,.T.);
#3746=CONICAL_SURFACE('',#4020,12.45,0.785398163397448);
#3747=CONICAL_SURFACE('',#4094,3.4,0.785398163397449);
#3748=CONICAL_SURFACE('',#4145,2.7,0.785398163397448);
#3749=CONICAL_SURFACE('',#4189,2.7,0.785398163397448);
#3750=CONICAL_SURFACE('',#4193,2.7,0.785398163397449);
#3751=CONICAL_SURFACE('',#4221,3.4,0.785398163397448);
#3752=CONICAL_SURFACE('',#4257,3.4,0.785398163397448);
#3753=CONICAL_SURFACE('',#4260,3.4,0.785398163397448);
#3754=CONICAL_SURFACE('',#4263,3.4,0.785398163397448);
#3755=CONICAL_SURFACE('',#4266,3.4,0.785398163397448);
#3756=CONICAL_SURFACE('',#4269,3.4,0.785398163397448);
#3757=CONICAL_SURFACE('',#4272,3.4,0.785398163397448);
#3758=CONICAL_SURFACE('',#4275,3.4,0.785398163397448);
#3759=CONICAL_SURFACE('',#4278,3.4,0.785398163397448);
#3760=CONICAL_SURFACE('',#4281,3.4,0.785398163397448);
#3761=CONICAL_SURFACE('',#4284,3.4,0.785398163397448);
#3762=CONICAL_SURFACE('',#4287,3.4,0.785398163397448);
#3763=CONICAL_SURFACE('',#4373,86.5,0.785398163397449);
#3764=CONICAL_SURFACE('',#4379,86.5,0.785398163397449);
#3765=ADVANCED_FACE('',(#318),#3746,.T.);
#3766=ADVANCED_FACE('',(#319,#125,#126,#127,#128,#129),#209,.T.);
#3767=ADVANCED_FACE('',(#320),#49,.F.);
#3768=ADVANCED_FACE('',(#321),#50,.F.);
#3769=ADVANCED_FACE('',(#322),#51,.F.);
#3770=ADVANCED_FACE('',(#323),#52,.F.);
#3771=ADVANCED_FACE('',(#324),#53,.F.);
#3772=ADVANCED_FACE('',(#325,#130,#131,#132,#133,#134),#210,.T.);
#3773=ADVANCED_FACE('',(#326,#135,#136,#137,#138,#139,#140,#141,#142,#143),
#211,.F.);
#3774=ADVANCED_FACE('',(#327),#54,.F.);
#3775=ADVANCED_FACE('',(#328),#55,.F.);
#3776=ADVANCED_FACE('',(#329),#56,.F.);
#3777=ADVANCED_FACE('',(#330),#57,.F.);
#3778=ADVANCED_FACE('',(#331),#58,.T.);
#3779=ADVANCED_FACE('',(#332),#59,.T.);
#3780=ADVANCED_FACE('',(#333),#212,.T.);
#3781=ADVANCED_FACE('',(#334),#213,.T.);
#3782=ADVANCED_FACE('',(#335),#60,.T.);
#3783=ADVANCED_FACE('',(#336),#61,.T.);
#3784=ADVANCED_FACE('',(#337),#214,.T.);
#3785=ADVANCED_FACE('',(#338),#215,.T.);
#3786=ADVANCED_FACE('',(#339),#62,.T.);
#3787=ADVANCED_FACE('',(#340),#63,.T.);
#3788=ADVANCED_FACE('',(#341),#216,.T.);
#3789=ADVANCED_FACE('',(#342),#217,.T.);
#3790=ADVANCED_FACE('',(#343),#64,.T.);
#3791=ADVANCED_FACE('',(#344),#65,.T.);
#3792=ADVANCED_FACE('',(#345),#218,.T.);
#3793=ADVANCED_FACE('',(#346),#219,.T.);
#3794=ADVANCED_FACE('',(#347),#220,.F.);
#3795=ADVANCED_FACE('',(#348),#221,.F.);
#3796=ADVANCED_FACE('',(#349),#222,.F.);
#3797=ADVANCED_FACE('',(#350),#223,.F.);
#3798=ADVANCED_FACE('',(#351),#224,.F.);
#3799=ADVANCED_FACE('',(#352),#225,.F.);
#3800=ADVANCED_FACE('',(#353,#144),#226,.T.);
#3801=ADVANCED_FACE('',(#354),#3747,.F.);
#3802=ADVANCED_FACE('',(#355,#145),#227,.T.);
#3803=ADVANCED_FACE('',(#356),#66,.F.);
#3804=ADVANCED_FACE('',(#357),#228,.F.);
#3805=ADVANCED_FACE('',(#358),#67,.T.);
#3806=ADVANCED_FACE('',(#359),#229,.T.);
#3807=ADVANCED_FACE('',(#360),#230,.T.);
#3808=ADVANCED_FACE('',(#361),#231,.F.);
#3809=ADVANCED_FACE('',(#362),#232,.T.);
#3810=ADVANCED_FACE('',(#363),#233,.T.);
#3811=ADVANCED_FACE('',(#364),#234,.T.);
#3812=ADVANCED_FACE('',(#365),#235,.T.);
#3813=ADVANCED_FACE('',(#366),#236,.F.);
#3814=ADVANCED_FACE('',(#367),#237,.T.);
#3815=ADVANCED_FACE('',(#368,#146),#238,.F.);
#3816=ADVANCED_FACE('',(#369),#239,.F.);
#3817=ADVANCED_FACE('',(#370),#240,.T.);
#3818=ADVANCED_FACE('',(#371),#241,.T.);
#3819=ADVANCED_FACE('',(#372),#242,.F.);
#3820=ADVANCED_FACE('',(#373),#243,.T.);
#3821=ADVANCED_FACE('',(#374,#147),#244,.F.);
#3822=ADVANCED_FACE('',(#375,#148),#245,.F.);
#3823=ADVANCED_FACE('',(#376,#149),#246,.F.);
#3824=ADVANCED_FACE('',(#377),#247,.F.);
#3825=ADVANCED_FACE('',(#378,#150),#248,.F.);
#3826=ADVANCED_FACE('',(#379,#151),#249,.F.);
#3827=ADVANCED_FACE('',(#380),#68,.T.);
#3828=ADVANCED_FACE('',(#381),#69,.T.);
#3829=ADVANCED_FACE('',(#382,#152),#250,.T.);
#3830=ADVANCED_FACE('',(#383),#70,.T.);
#3831=ADVANCED_FACE('',(#384),#71,.F.);
#3832=ADVANCED_FACE('',(#385),#72,.F.);
#3833=ADVANCED_FACE('',(#386),#73,.F.);
#3834=ADVANCED_FACE('',(#387),#3748,.F.);
#3835=ADVANCED_FACE('',(#388,#153,#154,#155,#156,#157,#158,#159,#160,#161,
#162,#163,#164,#165,#166,#167,#168,#169,#170,#171,#172,#173,#174,#175,#176),
#251,.F.);
#3836=ADVANCED_FACE('',(#389),#74,.F.);
#3837=ADVANCED_FACE('',(#390),#3749,.F.);
#3838=ADVANCED_FACE('',(#391),#75,.F.);
#3839=ADVANCED_FACE('',(#392),#3750,.F.);
#3840=ADVANCED_FACE('',(#393),#76,.F.);
#3841=ADVANCED_FACE('',(#394),#77,.F.);
#3842=ADVANCED_FACE('',(#395),#78,.F.);
#3843=ADVANCED_FACE('',(#396),#79,.F.);
#3844=ADVANCED_FACE('',(#397),#80,.F.);
#3845=ADVANCED_FACE('',(#398),#81,.T.);
#3846=ADVANCED_FACE('',(#399,#177),#252,.T.);
#3847=ADVANCED_FACE('',(#400),#82,.T.);
#3848=ADVANCED_FACE('',(#401,#178),#253,.T.);
#3849=ADVANCED_FACE('',(#402),#83,.T.);
#3850=ADVANCED_FACE('',(#403,#179),#254,.T.);
#3851=ADVANCED_FACE('',(#404),#84,.T.);
#3852=ADVANCED_FACE('',(#405,#180),#255,.T.);
#3853=ADVANCED_FACE('',(#406),#3751,.F.);
#3854=ADVANCED_FACE('',(#407,#181,#182,#183,#184,#185,#186,#187,#188,#189,
#190,#191,#192,#193,#194,#195,#196,#197,#198,#199,#200,#201,#202,#203,#204),
#256,.T.);
#3855=ADVANCED_FACE('',(#408),#85,.F.);
#3856=ADVANCED_FACE('',(#409),#3752,.F.);
#3857=ADVANCED_FACE('',(#410),#86,.F.);
#3858=ADVANCED_FACE('',(#411),#3753,.F.);
#3859=ADVANCED_FACE('',(#412),#87,.F.);
#3860=ADVANCED_FACE('',(#413),#3754,.F.);
#3861=ADVANCED_FACE('',(#414),#88,.F.);
#3862=ADVANCED_FACE('',(#415),#3755,.F.);
#3863=ADVANCED_FACE('',(#416),#89,.F.);
#3864=ADVANCED_FACE('',(#417),#3756,.F.);
#3865=ADVANCED_FACE('',(#418),#90,.F.);
#3866=ADVANCED_FACE('',(#419),#3757,.F.);
#3867=ADVANCED_FACE('',(#420),#91,.F.);
#3868=ADVANCED_FACE('',(#421),#3758,.F.);
#3869=ADVANCED_FACE('',(#422),#92,.F.);
#3870=ADVANCED_FACE('',(#423),#3759,.F.);
#3871=ADVANCED_FACE('',(#424),#93,.F.);
#3872=ADVANCED_FACE('',(#425),#3760,.F.);
#3873=ADVANCED_FACE('',(#426),#94,.F.);
#3874=ADVANCED_FACE('',(#427),#3761,.F.);
#3875=ADVANCED_FACE('',(#428),#95,.F.);
#3876=ADVANCED_FACE('',(#429),#3762,.F.);
#3877=ADVANCED_FACE('',(#430),#96,.F.);
#3878=ADVANCED_FACE('',(#431),#97,.F.);
#3879=ADVANCED_FACE('',(#432),#257,.F.);
#3880=ADVANCED_FACE('',(#433),#98,.F.);
#3881=ADVANCED_FACE('',(#434),#258,.F.);
#3882=ADVANCED_FACE('',(#435),#99,.F.);
#3883=ADVANCED_FACE('',(#436),#259,.F.);
#3884=ADVANCED_FACE('',(#437),#100,.F.);
#3885=ADVANCED_FACE('',(#438),#260,.F.);
#3886=ADVANCED_FACE('',(#439),#261,.F.);
#3887=ADVANCED_FACE('',(#440),#262,.F.);
#3888=ADVANCED_FACE('',(#441),#263,.F.);
#3889=ADVANCED_FACE('',(#442),#264,.F.);
#3890=ADVANCED_FACE('',(#443),#265,.F.);
#3891=ADVANCED_FACE('',(#444),#266,.F.);
#3892=ADVANCED_FACE('',(#445),#267,.F.);
#3893=ADVANCED_FACE('',(#446),#268,.F.);
#3894=ADVANCED_FACE('',(#447),#269,.F.);
#3895=ADVANCED_FACE('',(#448),#270,.F.);
#3896=ADVANCED_FACE('',(#449),#271,.F.);
#3897=ADVANCED_FACE('',(#450),#272,.F.);
#3898=ADVANCED_FACE('',(#451),#273,.F.);
#3899=ADVANCED_FACE('',(#452),#274,.F.);
#3900=ADVANCED_FACE('',(#453),#275,.F.);
#3901=ADVANCED_FACE('',(#454),#276,.F.);
#3902=ADVANCED_FACE('',(#455),#101,.F.);
#3903=ADVANCED_FACE('',(#456),#102,.F.);
#3904=ADVANCED_FACE('',(#457),#103,.F.);
#3905=ADVANCED_FACE('',(#458),#104,.F.);
#3906=ADVANCED_FACE('',(#459),#277,.F.);
#3907=ADVANCED_FACE('',(#460),#105,.F.);
#3908=ADVANCED_FACE('',(#461),#278,.F.);
#3909=ADVANCED_FACE('',(#462),#279,.F.);
#3910=ADVANCED_FACE('',(#463),#106,.F.);
#3911=ADVANCED_FACE('',(#464),#280,.F.);
#3912=ADVANCED_FACE('',(#465),#281,.F.);
#3913=ADVANCED_FACE('',(#466),#282,.F.);
#3914=ADVANCED_FACE('',(#467),#283,.F.);
#3915=ADVANCED_FACE('',(#468),#284,.F.);
#3916=ADVANCED_FACE('',(#469),#285,.F.);
#3917=ADVANCED_FACE('',(#470),#286,.F.);
#3918=ADVANCED_FACE('',(#471),#107,.F.);
#3919=ADVANCED_FACE('',(#472),#287,.F.);
#3920=ADVANCED_FACE('',(#473),#288,.F.);
#3921=ADVANCED_FACE('',(#474),#108,.F.);
#3922=ADVANCED_FACE('',(#475),#289,.F.);
#3923=ADVANCED_FACE('',(#476),#290,.F.);
#3924=ADVANCED_FACE('',(#477),#291,.F.);
#3925=ADVANCED_FACE('',(#478),#292,.F.);
#3926=ADVANCED_FACE('',(#479),#293,.F.);
#3927=ADVANCED_FACE('',(#480),#294,.F.);
#3928=ADVANCED_FACE('',(#481),#295,.F.);
#3929=ADVANCED_FACE('',(#482),#109,.T.);
#3930=ADVANCED_FACE('',(#483),#296,.F.);
#3931=ADVANCED_FACE('',(#484),#110,.T.);
#3932=ADVANCED_FACE('',(#485),#297,.F.);
#3933=ADVANCED_FACE('',(#486),#111,.T.);
#3934=ADVANCED_FACE('',(#487),#298,.F.);
#3935=ADVANCED_FACE('',(#488),#112,.T.);
#3936=ADVANCED_FACE('',(#489),#299,.F.);
#3937=ADVANCED_FACE('',(#490),#113,.T.);
#3938=ADVANCED_FACE('',(#491),#300,.F.);
#3939=ADVANCED_FACE('',(#492),#114,.T.);
#3940=ADVANCED_FACE('',(#493),#301,.F.);
#3941=ADVANCED_FACE('',(#494),#115,.T.);
#3942=ADVANCED_FACE('',(#495),#302,.F.);
#3943=ADVANCED_FACE('',(#496),#116,.T.);
#3944=ADVANCED_FACE('',(#497),#303,.F.);
#3945=ADVANCED_FACE('',(#498),#304,.F.);
#3946=ADVANCED_FACE('',(#499),#305,.F.);
#3947=ADVANCED_FACE('',(#500),#117,.F.);
#3948=ADVANCED_FACE('',(#501),#118,.F.);
#3949=ADVANCED_FACE('',(#502),#306,.F.);
#3950=ADVANCED_FACE('',(#503),#3763,.T.);
#3951=ADVANCED_FACE('',(#504),#307,.T.);
#3952=ADVANCED_FACE('',(#505),#119,.T.);
#3953=ADVANCED_FACE('',(#506),#3764,.T.);
#3954=ADVANCED_FACE('',(#507),#308,.F.);
#3955=ADVANCED_FACE('',(#508),#309,.F.);
#3956=ADVANCED_FACE('',(#509),#310,.T.);
#3957=ADVANCED_FACE('',(#510),#311,.T.);
#3958=ADVANCED_FACE('',(#511),#312,.F.);
#3959=ADVANCED_FACE('',(#512),#120,.F.);
#3960=ADVANCED_FACE('',(#513,#205,#206),#313,.F.);
#3961=ADVANCED_FACE('',(#514),#314,.T.);
#3962=ADVANCED_FACE('',(#515),#121,.T.);
#3963=ADVANCED_FACE('',(#516),#122,.F.);
#3964=ADVANCED_FACE('',(#517),#123,.F.);
#3965=ADVANCED_FACE('',(#518,#207,#208),#315,.T.);
#3966=ADVANCED_FACE('',(#519),#316,.T.);
#3967=ADVANCED_FACE('',(#520),#124,.F.);
#3968=ADVANCED_FACE('',(#521),#317,.T.);
#3969=CLOSED_SHELL('',(#3765,#3766,#3767,#3768,#3769,#3770,#3771,#3772,
#3773,#3774,#3775,#3776,#3777,#3778,#3779,#3780,#3781,#3782,#3783,#3784,
#3785,#3786,#3787,#3788,#3789,#3790,#3791,#3792,#3793));
#3970=CLOSED_SHELL('',(#3794,#3795,#3796,#3797,#3798,#3799,#3800,#3801,
#3802,#3803,#3804,#3805,#3806,#3807,#3808,#3809,#3810,#3811,#3812,#3813,
#3814,#3815,#3816,#3817,#3818,#3819,#3820,#3821,#3822,#3823,#3824,#3825,
#3826,#3827,#3828,#3829,#3830,#3831,#3832,#3833));
#3971=CLOSED_SHELL('',(#3834,#3835,#3836,#3837,#3838,#3839,#3840,#3841,
#3842,#3843,#3844,#3845,#3846,#3847,#3848,#3849,#3850,#3851,#3852,#3853,
#3854,#3855,#3856,#3857,#3858,#3859,#3860,#3861,#3862,#3863,#3864,#3865,
#3866,#3867,#3868,#3869,#3870,#3871,#3872,#3873,#3874,#3875,#3876,#3877,
#3878,#3879,#3880,#3881,#3882,#3883,#3884,#3885,#3886,#3887,#3888,#3889,
#3890,#3891,#3892,#3893,#3894,#3895,#3896,#3897,#3898,#3899,#3900,#3901,
#3902,#3903,#3904,#3905,#3906,#3907,#3908,#3909,#3910,#3911,#3912,#3913,
#3914,#3915,#3916,#3917,#3918,#3919,#3920,#3921,#3922,#3923,#3924,#3925,
#3926,#3927,#3928,#3929,#3930,#3931,#3932,#3933,#3934,#3935,#3936,#3937,
#3938,#3939,#3940,#3941,#3942,#3943));
#3972=CLOSED_SHELL('',(#3944,#3945,#3946,#3947,#3948,#3949,#3950,#3951,
#3952,#3953,#3954,#3955,#3956,#3957,#3958,#3959,#3960,#3961,#3962,#3963,
#3964,#3965,#3966,#3967,#3968));
#3973=DERIVED_UNIT_ELEMENT(#3981,1.);
#3974=DERIVED_UNIT_ELEMENT(#6707,-3.);
#3975=DERIVED_UNIT_ELEMENT(#3981,1.);
#3976=DERIVED_UNIT_ELEMENT(#6707,-3.);
#3977=DERIVED_UNIT_ELEMENT(#3981,1.);
#3978=DERIVED_UNIT_ELEMENT(#6707,-3.);
#3979=DERIVED_UNIT_ELEMENT(#3981,1.);
#3980=DERIVED_UNIT_ELEMENT(#6707,-3.);
#3981=(
MASS_UNIT()
NAMED_UNIT(*)
SI_UNIT(.KILO.,.GRAM.)
);
#3982=DERIVED_UNIT((#3973,#3974));
#3983=DERIVED_UNIT((#3975,#3976));
#3984=DERIVED_UNIT((#3977,#3978));
#3985=DERIVED_UNIT((#3979,#3980));
#3986=MEASURE_REPRESENTATION_ITEM('density measure',
POSITIVE_RATIO_MEASURE(7850.),#3982);
#3987=MEASURE_REPRESENTATION_ITEM('density measure',
POSITIVE_RATIO_MEASURE(7850.),#3983);
#3988=MEASURE_REPRESENTATION_ITEM('density measure',
POSITIVE_RATIO_MEASURE(7850.),#3984);
#3989=MEASURE_REPRESENTATION_ITEM('density measure',
POSITIVE_RATIO_MEASURE(7850.),#3985);
#3990=PROPERTY_DEFINITION_REPRESENTATION(#4010,#3998);
#3991=PROPERTY_DEFINITION_REPRESENTATION(#4011,#3999);
#3992=PROPERTY_DEFINITION_REPRESENTATION(#4012,#4000);
#3993=PROPERTY_DEFINITION_REPRESENTATION(#4013,#4001);
#3994=PROPERTY_DEFINITION_REPRESENTATION(#4014,#4002);
#3995=PROPERTY_DEFINITION_REPRESENTATION(#4015,#4003);
#3996=PROPERTY_DEFINITION_REPRESENTATION(#4016,#4004);
#3997=PROPERTY_DEFINITION_REPRESENTATION(#4017,#4005);
#3998=REPRESENTATION('material name',(#4006),#6701);
#3999=REPRESENTATION('density',(#3986),#6701);
#4000=REPRESENTATION('material name',(#4007),#6702);
#4001=REPRESENTATION('density',(#3987),#6702);
#4002=REPRESENTATION('material name',(#4008),#6703);
#4003=REPRESENTATION('density',(#3988),#6703);
#4004=REPRESENTATION('material name',(#4009),#6704);
#4005=REPRESENTATION('density',(#3989),#6704);
#4006=DESCRIPTIVE_REPRESENTATION_ITEM('\X2\94A2\X0\','\X2\94A2\X0\');
#4007=DESCRIPTIVE_REPRESENTATION_ITEM('\X2\94A2\X0\','\X2\94A2\X0\');
#4008=DESCRIPTIVE_REPRESENTATION_ITEM('\X2\94A2\X0\','\X2\94A2\X0\');
#4009=DESCRIPTIVE_REPRESENTATION_ITEM('Steel','Steel');
#4010=PROPERTY_DEFINITION('material property','material name',#6731);
#4011=PROPERTY_DEFINITION('material property','density of part',#6731);
#4012=PROPERTY_DEFINITION('material property','material name',#6732);
#4013=PROPERTY_DEFINITION('material property','density of part',#6732);
#4014=PROPERTY_DEFINITION('material property','material name',#6733);
#4015=PROPERTY_DEFINITION('material property','density of part',#6733);
#4016=PROPERTY_DEFINITION('material property','material name',#6734);
#4017=PROPERTY_DEFINITION('material property','density of part',#6734);
#4018=AXIS2_PLACEMENT_3D('',#5563,#4409,#4410);
#4019=AXIS2_PLACEMENT_3D('',#5564,#4411,#4412);
#4020=AXIS2_PLACEMENT_3D('',#5565,#4413,#4414);
#4021=AXIS2_PLACEMENT_3D('',#5567,#4415,#4416);
#4022=AXIS2_PLACEMENT_3D('',#5570,#4418,#4419);
#4023=AXIS2_PLACEMENT_3D('',#5571,#4420,#4421);
#4024=AXIS2_PLACEMENT_3D('',#5578,#4424,#4425);
#4025=AXIS2_PLACEMENT_3D('',#5580,#4426,#4427);
#4026=AXIS2_PLACEMENT_3D('',#5586,#4430,#4431);
#4027=AXIS2_PLACEMENT_3D('',#5588,#4432,#4433);
#4028=AXIS2_PLACEMENT_3D('',#5594,#4436,#4437);
#4029=AXIS2_PLACEMENT_3D('',#5596,#4438,#4439);
#4030=AXIS2_PLACEMENT_3D('',#5602,#4442,#4443);
#4031=AXIS2_PLACEMENT_3D('',#5603,#4444,#4445);
#4032=AXIS2_PLACEMENT_3D('',#5605,#4446,#4447);
#4033=AXIS2_PLACEMENT_3D('',#5607,#4448,#4449);
#4034=AXIS2_PLACEMENT_3D('',#5609,#4450,#4451);
#4035=AXIS2_PLACEMENT_3D('',#5611,#4452,#4453);
#4036=AXIS2_PLACEMENT_3D('',#5612,#4454,#4455);
#4037=AXIS2_PLACEMENT_3D('',#5614,#4456,#4457);
#4038=AXIS2_PLACEMENT_3D('',#5617,#4459,#4460);
#4039=AXIS2_PLACEMENT_3D('',#5618,#4461,#4462);
#4040=AXIS2_PLACEMENT_3D('',#5620,#4463,#4464);
#4041=AXIS2_PLACEMENT_3D('',#5623,#4466,#4467);
#4042=AXIS2_PLACEMENT_3D('',#5624,#4468,#4469);
#4043=AXIS2_PLACEMENT_3D('',#5626,#4470,#4471);
#4044=AXIS2_PLACEMENT_3D('',#5629,#4473,#4474);
#4045=AXIS2_PLACEMENT_3D('',#5630,#4475,#4476);
#4046=AXIS2_PLACEMENT_3D('',#5632,#4477,#4478);
#4047=AXIS2_PLACEMENT_3D('',#5635,#4480,#4481);
#4048=AXIS2_PLACEMENT_3D('',#5636,#4482,#4483);
#4049=AXIS2_PLACEMENT_3D('',#5638,#4484,#4485);
#4050=AXIS2_PLACEMENT_3D('',#5641,#4487,#4488);
#4051=AXIS2_PLACEMENT_3D('',#5642,#4489,#4490);
#4052=AXIS2_PLACEMENT_3D('',#5643,#4491,#4492);
#4053=AXIS2_PLACEMENT_3D('',#5648,#4494,#4495);
#4054=AXIS2_PLACEMENT_3D('',#5650,#4496,#4497);
#4055=AXIS2_PLACEMENT_3D('',#5656,#4500,#4501);
#4056=AXIS2_PLACEMENT_3D('',#5658,#4502,#4503);
#4057=AXIS2_PLACEMENT_3D('',#5664,#4506,#4507);
#4058=AXIS2_PLACEMENT_3D('',#5666,#4508,#4509);
#4059=AXIS2_PLACEMENT_3D('',#5672,#4512,#4513);
#4060=AXIS2_PLACEMENT_3D('',#5674,#4514,#4515);
#4061=AXIS2_PLACEMENT_3D('',#5677,#4517,#4518);
#4062=AXIS2_PLACEMENT_3D('',#5679,#4519,#4520);
#4063=AXIS2_PLACEMENT_3D('',#5681,#4521,#4522);
#4064=AXIS2_PLACEMENT_3D('',#5683,#4523,#4524);
#4065=AXIS2_PLACEMENT_3D('',#5684,#4525,#4526);
#4066=AXIS2_PLACEMENT_3D('',#5686,#4528,#4529);
#4067=AXIS2_PLACEMENT_3D('',#5688,#4531,#4532);
#4068=AXIS2_PLACEMENT_3D('',#5690,#4534,#4535);
#4069=AXIS2_PLACEMENT_3D('',#5692,#4537,#4538);
#4070=AXIS2_PLACEMENT_3D('',#5695,#4541,#4542);
#4071=AXIS2_PLACEMENT_3D('',#5697,#4544,#4545);
#4072=AXIS2_PLACEMENT_3D('',#5699,#4547,#4548);
#4073=AXIS2_PLACEMENT_3D('',#5701,#4550,#4551);
#4074=AXIS2_PLACEMENT_3D('',#5703,#4553,#4554);
#4075=AXIS2_PLACEMENT_3D('',#5705,#4556,#4557);
#4076=AXIS2_PLACEMENT_3D('',#5707,#4559,#4560);
#4077=AXIS2_PLACEMENT_3D('',#5709,#4562,#4563);
#4078=AXIS2_PLACEMENT_3D('',#5711,#4565,#4566);
#4079=AXIS2_PLACEMENT_3D('',#5713,#4568,#4569);
#4080=AXIS2_PLACEMENT_3D('',#5715,#4571,#4572);
#4081=AXIS2_PLACEMENT_3D('',#5717,#4574,#4575);
#4082=AXIS2_PLACEMENT_3D('',#5719,#4577,#4578);
#4083=AXIS2_PLACEMENT_3D('',#5721,#4580,#4581);
#4084=AXIS2_PLACEMENT_3D('',#5723,#4583,#4584);
#4085=AXIS2_PLACEMENT_3D('',#5724,#4585,#4586);
#4086=AXIS2_PLACEMENT_3D('',#5725,#4587,#4588);
#4087=AXIS2_PLACEMENT_3D('',#5734,#4593,#4594);
#4088=AXIS2_PLACEMENT_3D('',#5740,#4598,#4599);
#4089=AXIS2_PLACEMENT_3D('',#5746,#4603,#4604);
#4090=AXIS2_PLACEMENT_3D('',#5752,#4608,#4609);
#4091=AXIS2_PLACEMENT_3D('',#5758,#4613,#4614);
#4092=AXIS2_PLACEMENT_3D('',#5761,#4617,#4618);
#4093=AXIS2_PLACEMENT_3D('',#5763,#4619,#4620);
#4094=AXIS2_PLACEMENT_3D('',#5764,#4621,#4622);
#4095=AXIS2_PLACEMENT_3D('',#5767,#4623,#4624);
#4096=AXIS2_PLACEMENT_3D('',#5770,#4626,#4627);
#4097=AXIS2_PLACEMENT_3D('',#5771,#4628,#4629);
#4098=AXIS2_PLACEMENT_3D('',#5772,#4630,#4631);
#4099=AXIS2_PLACEMENT_3D('',#5777,#4633,#4634);
#4100=AXIS2_PLACEMENT_3D('',#5781,#4637,#4638);
#4101=AXIS2_PLACEMENT_3D('',#5783,#4639,#4640);
#4102=AXIS2_PLACEMENT_3D('',#5785,#4642,#4643);
#4103=AXIS2_PLACEMENT_3D('',#5791,#4647,#4648);
#4104=AXIS2_PLACEMENT_3D('',#5795,#4650,#4651);
#4105=AXIS2_PLACEMENT_3D('',#5797,#4653,#4654);
#4106=AXIS2_PLACEMENT_3D('',#5827,#4670,#4671);
#4107=AXIS2_PLACEMENT_3D('',#5833,#4675,#4676);
#4108=AXIS2_PLACEMENT_3D('',#5839,#4680,#4681);
#4109=AXIS2_PLACEMENT_3D('',#5845,#4685,#4686);
#4110=AXIS2_PLACEMENT_3D('',#5854,#4691,#4692);
#4111=AXIS2_PLACEMENT_3D('',#5878,#4706,#4707);
#4112=AXIS2_PLACEMENT_3D('',#5884,#4711,#4712);
#4113=AXIS2_PLACEMENT_3D('',#5887,#4715,#4716);
#4114=AXIS2_PLACEMENT_3D('',#5893,#4720,#4721);
#4115=AXIS2_PLACEMENT_3D('',#5897,#4724,#4725);
#4116=AXIS2_PLACEMENT_3D('',#5899,#4726,#4727);
#4117=AXIS2_PLACEMENT_3D('',#5900,#4728,#4729);
#4118=AXIS2_PLACEMENT_3D('',#5904,#4732,#4733);
#4119=AXIS2_PLACEMENT_3D('',#5906,#4735,#4736);
#4120=AXIS2_PLACEMENT_3D('',#5912,#4740,#4741);
#4121=AXIS2_PLACEMENT_3D('',#5918,#4745,#4746);
#4122=AXIS2_PLACEMENT_3D('',#5921,#4749,#4750);
#4123=AXIS2_PLACEMENT_3D('',#5922,#4751,#4752);
#4124=AXIS2_PLACEMENT_3D('',#5924,#4753,#4754);
#4125=AXIS2_PLACEMENT_3D('',#5925,#4755,#4756);
#4126=AXIS2_PLACEMENT_3D('',#5926,#4757,#4758);
#4127=AXIS2_PLACEMENT_3D('',#5928,#4759,#4760);
#4128=AXIS2_PLACEMENT_3D('',#5929,#4761,#4762);
#4129=AXIS2_PLACEMENT_3D('',#5930,#4763,#4764);
#4130=AXIS2_PLACEMENT_3D('',#5931,#4765,#4766);
#4131=AXIS2_PLACEMENT_3D('',#5932,#4767,#4768);
#4132=AXIS2_PLACEMENT_3D('',#5933,#4769,#4770);
#4133=AXIS2_PLACEMENT_3D('',#5934,#4771,#4772);
#4134=AXIS2_PLACEMENT_3D('',#5936,#4773,#4774);
#4135=AXIS2_PLACEMENT_3D('',#5937,#4775,#4776);
#4136=AXIS2_PLACEMENT_3D('',#5938,#4777,#4778);
#4137=AXIS2_PLACEMENT_3D('',#5939,#4779,#4780);
#4138=AXIS2_PLACEMENT_3D('',#5940,#4781,#4782);
#4139=AXIS2_PLACEMENT_3D('',#5942,#4783,#4784);
#4140=AXIS2_PLACEMENT_3D('',#5943,#4785,#4786);
#4141=AXIS2_PLACEMENT_3D('',#5944,#4787,#4788);
#4142=AXIS2_PLACEMENT_3D('',#5946,#4790,#4791);
#4143=AXIS2_PLACEMENT_3D('',#5948,#4793,#4794);
#4144=AXIS2_PLACEMENT_3D('',#5950,#4796,#4797);
#4145=AXIS2_PLACEMENT_3D('',#5951,#4798,#4799);
#4146=AXIS2_PLACEMENT_3D('',#5953,#4800,#4801);
#4147=AXIS2_PLACEMENT_3D('',#5956,#4803,#4804);
#4148=AXIS2_PLACEMENT_3D('',#5957,#4805,#4806);
#4149=AXIS2_PLACEMENT_3D('',#5964,#4809,#4810);
#4150=AXIS2_PLACEMENT_3D('',#5968,#4812,#4813);
#4151=AXIS2_PLACEMENT_3D('',#5976,#4817,#4818);
#4152=AXIS2_PLACEMENT_3D('',#5984,#4822,#4823);
#4153=AXIS2_PLACEMENT_3D('',#5988,#4825,#4826);
#4154=AXIS2_PLACEMENT_3D('',#5996,#4830,#4831);
#4155=AXIS2_PLACEMENT_3D('',#6004,#4835,#4836);
#4156=AXIS2_PLACEMENT_3D('',#6008,#4838,#4839);
#4157=AXIS2_PLACEMENT_3D('',#6016,#4843,#4844);
#4158=AXIS2_PLACEMENT_3D('',#6024,#4848,#4849);
#4159=AXIS2_PLACEMENT_3D('',#6028,#4851,#4852);
#4160=AXIS2_PLACEMENT_3D('',#6036,#4856,#4857);
#4161=AXIS2_PLACEMENT_3D('',#6039,#4859,#4860);
#4162=AXIS2_PLACEMENT_3D('',#6041,#4861,#4862);
#4163=AXIS2_PLACEMENT_3D('',#6043,#4863,#4864);
#4164=AXIS2_PLACEMENT_3D('',#6045,#4865,#4866);
#4165=AXIS2_PLACEMENT_3D('',#6047,#4867,#4868);
#4166=AXIS2_PLACEMENT_3D('',#6049,#4869,#4870);
#4167=AXIS2_PLACEMENT_3D('',#6051,#4871,#4872);
#4168=AXIS2_PLACEMENT_3D('',#6053,#4873,#4874);
#4169=AXIS2_PLACEMENT_3D('',#6055,#4875,#4876);
#4170=AXIS2_PLACEMENT_3D('',#6057,#4877,#4878);
#4171=AXIS2_PLACEMENT_3D('',#6059,#4879,#4880);
#4172=AXIS2_PLACEMENT_3D('',#6061,#4881,#4882);
#4173=AXIS2_PLACEMENT_3D('',#6063,#4883,#4884);
#4174=AXIS2_PLACEMENT_3D('',#6065,#4885,#4886);
#4175=AXIS2_PLACEMENT_3D('',#6067,#4887,#4888);
#4176=AXIS2_PLACEMENT_3D('',#6074,#4891,#4892);
#4177=AXIS2_PLACEMENT_3D('',#6080,#4895,#4896);
#4178=AXIS2_PLACEMENT_3D('',#6096,#4904,#4905);
#4179=AXIS2_PLACEMENT_3D('',#6102,#4908,#4909);
#4180=AXIS2_PLACEMENT_3D('',#6113,#4915,#4916);
#4181=AXIS2_PLACEMENT_3D('',#6115,#4917,#4918);
#4182=AXIS2_PLACEMENT_3D('',#6117,#4919,#4920);
#4183=AXIS2_PLACEMENT_3D('',#6119,#4921,#4922);
#4184=AXIS2_PLACEMENT_3D('',#6121,#4923,#4924);
#4185=AXIS2_PLACEMENT_3D('',#6123,#4925,#4926);
#4186=AXIS2_PLACEMENT_3D('',#6125,#4927,#4928);
#4187=AXIS2_PLACEMENT_3D('',#6126,#4929,#4930);
#4188=AXIS2_PLACEMENT_3D('',#6129,#4932,#4933);
#4189=AXIS2_PLACEMENT_3D('',#6130,#4934,#4935);
#4190=AXIS2_PLACEMENT_3D('',#6132,#4936,#4937);
#4191=AXIS2_PLACEMENT_3D('',#6134,#4939,#4940);
#4192=AXIS2_PLACEMENT_3D('',#6137,#4942,#4943);
#4193=AXIS2_PLACEMENT_3D('',#6138,#4944,#4945);
#4194=AXIS2_PLACEMENT_3D('',#6140,#4946,#4947);
#4195=AXIS2_PLACEMENT_3D('',#6142,#4949,#4950);
#4196=AXIS2_PLACEMENT_3D('',#6145,#4952,#4953);
#4197=AXIS2_PLACEMENT_3D('',#6146,#4954,#4955);
#4198=AXIS2_PLACEMENT_3D('',#6149,#4957,#4958);
#4199=AXIS2_PLACEMENT_3D('',#6150,#4959,#4960);
#4200=AXIS2_PLACEMENT_3D('',#6153,#4962,#4963);
#4201=AXIS2_PLACEMENT_3D('',#6154,#4964,#4965);
#4202=AXIS2_PLACEMENT_3D('',#6157,#4967,#4968);
#4203=AXIS2_PLACEMENT_3D('',#6158,#4969,#4970);
#4204=AXIS2_PLACEMENT_3D('',#6161,#4972,#4973);
#4205=AXIS2_PLACEMENT_3D('',#6162,#4974,#4975);
#4206=AXIS2_PLACEMENT_3D('',#6164,#4976,#4977);
#4207=AXIS2_PLACEMENT_3D('',#6167,#4979,#4980);
#4208=AXIS2_PLACEMENT_3D('',#6168,#4981,#4982);
#4209=AXIS2_PLACEMENT_3D('',#6169,#4983,#4984);
#4210=AXIS2_PLACEMENT_3D('',#6171,#4985,#4986);
#4211=AXIS2_PLACEMENT_3D('',#6174,#4988,#4989);
#4212=AXIS2_PLACEMENT_3D('',#6175,#4990,#4991);
#4213=AXIS2_PLACEMENT_3D('',#6176,#4992,#4993);
#4214=AXIS2_PLACEMENT_3D('',#6178,#4994,#4995);
#4215=AXIS2_PLACEMENT_3D('',#6181,#4997,#4998);
#4216=AXIS2_PLACEMENT_3D('',#6182,#4999,#5000);
#4217=AXIS2_PLACEMENT_3D('',#6183,#5001,#5002);
#4218=AXIS2_PLACEMENT_3D('',#6185,#5003,#5004);
#4219=AXIS2_PLACEMENT_3D('',#6188,#5006,#5007);
#4220=AXIS2_PLACEMENT_3D('',#6189,#5008,#5009);
#4221=AXIS2_PLACEMENT_3D('',#6190,#5010,#5011);
#4222=AXIS2_PLACEMENT_3D('',#6192,#5012,#5013);
#4223=AXIS2_PLACEMENT_3D('',#6195,#5015,#5016);
#4224=AXIS2_PLACEMENT_3D('',#6196,#5017,#5018);
#4225=AXIS2_PLACEMENT_3D('',#6203,#5021,#5022);
#4226=AXIS2_PLACEMENT_3D('',#6211,#5026,#5027);
#4227=AXIS2_PLACEMENT_3D('',#6215,#5029,#5030);
#4228=AXIS2_PLACEMENT_3D('',#6223,#5034,#5035);
#4229=AXIS2_PLACEMENT_3D('',#6231,#5039,#5040);
#4230=AXIS2_PLACEMENT_3D('',#6235,#5042,#5043);
#4231=AXIS2_PLACEMENT_3D('',#6243,#5047,#5048);
#4232=AXIS2_PLACEMENT_3D('',#6251,#5052,#5053);
#4233=AXIS2_PLACEMENT_3D('',#6255,#5055,#5056);
#4234=AXIS2_PLACEMENT_3D('',#6263,#5060,#5061);
#4235=AXIS2_PLACEMENT_3D('',#6271,#5065,#5066);
#4236=AXIS2_PLACEMENT_3D('',#6275,#5068,#5069);
#4237=AXIS2_PLACEMENT_3D('',#6278,#5071,#5072);
#4238=AXIS2_PLACEMENT_3D('',#6280,#5073,#5074);
#4239=AXIS2_PLACEMENT_3D('',#6282,#5075,#5076);
#4240=AXIS2_PLACEMENT_3D('',#6284,#5077,#5078);
#4241=AXIS2_PLACEMENT_3D('',#6286,#5079,#5080);
#4242=AXIS2_PLACEMENT_3D('',#6288,#5081,#5082);
#4243=AXIS2_PLACEMENT_3D('',#6303,#5089,#5090);
#4244=AXIS2_PLACEMENT_3D('',#6309,#5093,#5094);
#4245=AXIS2_PLACEMENT_3D('',#6325,#5102,#5103);
#4246=AXIS2_PLACEMENT_3D('',#6331,#5106,#5107);
#4247=AXIS2_PLACEMENT_3D('',#6334,#5109,#5110);
#4248=AXIS2_PLACEMENT_3D('',#6336,#5111,#5112);
#4249=AXIS2_PLACEMENT_3D('',#6338,#5113,#5114);
#4250=AXIS2_PLACEMENT_3D('',#6340,#5115,#5116);
#4251=AXIS2_PLACEMENT_3D('',#6342,#5117,#5118);
#4252=AXIS2_PLACEMENT_3D('',#6344,#5119,#5120);
#4253=AXIS2_PLACEMENT_3D('',#6346,#5121,#5122);
#4254=AXIS2_PLACEMENT_3D('',#6348,#5123,#5124);
#4255=AXIS2_PLACEMENT_3D('',#6350,#5125,#5126);
#4256=AXIS2_PLACEMENT_3D('',#6351,#5127,#5128);
#4257=AXIS2_PLACEMENT_3D('',#6353,#5130,#5131);
#4258=AXIS2_PLACEMENT_3D('',#6355,#5132,#5133);
#4259=AXIS2_PLACEMENT_3D('',#6357,#5135,#5136);
#4260=AXIS2_PLACEMENT_3D('',#6359,#5138,#5139);
#4261=AXIS2_PLACEMENT_3D('',#6361,#5140,#5141);
#4262=AXIS2_PLACEMENT_3D('',#6363,#5143,#5144);
#4263=AXIS2_PLACEMENT_3D('',#6365,#5146,#5147);
#4264=AXIS2_PLACEMENT_3D('',#6367,#5148,#5149);
#4265=AXIS2_PLACEMENT_3D('',#6369,#5151,#5152);
#4266=AXIS2_PLACEMENT_3D('',#6371,#5154,#5155);
#4267=AXIS2_PLACEMENT_3D('',#6373,#5156,#5157);
#4268=AXIS2_PLACEMENT_3D('',#6375,#5159,#5160);
#4269=AXIS2_PLACEMENT_3D('',#6377,#5162,#5163);
#4270=AXIS2_PLACEMENT_3D('',#6379,#5164,#5165);
#4271=AXIS2_PLACEMENT_3D('',#6381,#5167,#5168);
#4272=AXIS2_PLACEMENT_3D('',#6383,#5170,#5171);
#4273=AXIS2_PLACEMENT_3D('',#6385,#5172,#5173);
#4274=AXIS2_PLACEMENT_3D('',#6387,#5175,#5176);
#4275=AXIS2_PLACEMENT_3D('',#6389,#5178,#5179);
#4276=AXIS2_PLACEMENT_3D('',#6391,#5180,#5181);
#4277=AXIS2_PLACEMENT_3D('',#6393,#5183,#5184);
#4278=AXIS2_PLACEMENT_3D('',#6395,#5186,#5187);
#4279=AXIS2_PLACEMENT_3D('',#6397,#5188,#5189);
#4280=AXIS2_PLACEMENT_3D('',#6399,#5191,#5192);
#4281=AXIS2_PLACEMENT_3D('',#6401,#5194,#5195);
#4282=AXIS2_PLACEMENT_3D('',#6403,#5196,#5197);
#4283=AXIS2_PLACEMENT_3D('',#6405,#5199,#5200);
#4284=AXIS2_PLACEMENT_3D('',#6407,#5202,#5203);
#4285=AXIS2_PLACEMENT_3D('',#6409,#5204,#5205);
#4286=AXIS2_PLACEMENT_3D('',#6411,#5207,#5208);
#4287=AXIS2_PLACEMENT_3D('',#6413,#5210,#5211);
#4288=AXIS2_PLACEMENT_3D('',#6415,#5212,#5213);
#4289=AXIS2_PLACEMENT_3D('',#6417,#5215,#5216);
#4290=AXIS2_PLACEMENT_3D('',#6419,#5218,#5219);
#4291=AXIS2_PLACEMENT_3D('',#6422,#5222,#5223);
#4292=AXIS2_PLACEMENT_3D('',#6424,#5225,#5226);
#4293=AXIS2_PLACEMENT_3D('',#6427,#5229,#5230);
#4294=AXIS2_PLACEMENT_3D('',#6429,#5232,#5233);
#4295=AXIS2_PLACEMENT_3D('',#6432,#5236,#5237);
#4296=AXIS2_PLACEMENT_3D('',#6434,#5239,#5240);
#4297=AXIS2_PLACEMENT_3D('',#6437,#5243,#5244);
#4298=AXIS2_PLACEMENT_3D('',#6439,#5246,#5247);
#4299=AXIS2_PLACEMENT_3D('',#6442,#5250,#5251);
#4300=AXIS2_PLACEMENT_3D('',#6444,#5253,#5254);
#4301=AXIS2_PLACEMENT_3D('',#6447,#5257,#5258);
#4302=AXIS2_PLACEMENT_3D('',#6449,#5260,#5261);
#4303=AXIS2_PLACEMENT_3D('',#6452,#5264,#5265);
#4304=AXIS2_PLACEMENT_3D('',#6453,#5266,#5267);
#4305=AXIS2_PLACEMENT_3D('',#6456,#5270,#5271);
#4306=AXIS2_PLACEMENT_3D('',#6457,#5272,#5273);
#4307=AXIS2_PLACEMENT_3D('',#6460,#5276,#5277);
#4308=AXIS2_PLACEMENT_3D('',#6462,#5279,#5280);
#4309=AXIS2_PLACEMENT_3D('',#6465,#5283,#5284);
#4310=AXIS2_PLACEMENT_3D('',#6467,#5286,#5287);
#4311=AXIS2_PLACEMENT_3D('',#6470,#5290,#5291);
#4312=AXIS2_PLACEMENT_3D('',#6471,#5292,#5293);
#4313=AXIS2_PLACEMENT_3D('',#6474,#5296,#5297);
#4314=AXIS2_PLACEMENT_3D('',#6476,#5299,#5300);
#4315=AXIS2_PLACEMENT_3D('',#6478,#5302,#5303);
#4316=AXIS2_PLACEMENT_3D('',#6480,#5305,#5306);
#4317=AXIS2_PLACEMENT_3D('',#6482,#5308,#5309);
#4318=AXIS2_PLACEMENT_3D('',#6484,#5311,#5312);
#4319=AXIS2_PLACEMENT_3D('',#6487,#5315,#5316);
#4320=AXIS2_PLACEMENT_3D('',#6489,#5318,#5319);
#4321=AXIS2_PLACEMENT_3D('',#6491,#5321,#5322);
#4322=AXIS2_PLACEMENT_3D('',#6493,#5324,#5325);
#4323=AXIS2_PLACEMENT_3D('',#6495,#5327,#5328);
#4324=AXIS2_PLACEMENT_3D('',#6497,#5330,#5331);
#4325=AXIS2_PLACEMENT_3D('',#6499,#5333,#5334);
#4326=AXIS2_PLACEMENT_3D('',#6501,#5336,#5337);
#4327=AXIS2_PLACEMENT_3D('',#6503,#5339,#5340);
#4328=AXIS2_PLACEMENT_3D('',#6505,#5342,#5343);
#4329=AXIS2_PLACEMENT_3D('',#6507,#5345,#5346);
#4330=AXIS2_PLACEMENT_3D('',#6509,#5348,#5349);
#4331=AXIS2_PLACEMENT_3D('',#6511,#5351,#5352);
#4332=AXIS2_PLACEMENT_3D('',#6513,#5354,#5355);
#4333=AXIS2_PLACEMENT_3D('',#6515,#5357,#5358);
#4334=AXIS2_PLACEMENT_3D('',#6517,#5360,#5361);
#4335=AXIS2_PLACEMENT_3D('',#6519,#5363,#5364);
#4336=AXIS2_PLACEMENT_3D('',#6521,#5366,#5367);
#4337=AXIS2_PLACEMENT_3D('',#6523,#5369,#5370);
#4338=AXIS2_PLACEMENT_3D('',#6525,#5372,#5373);
#4339=AXIS2_PLACEMENT_3D('',#6527,#5375,#5376);
#4340=AXIS2_PLACEMENT_3D('',#6528,#5377,#5378);
#4341=AXIS2_PLACEMENT_3D('',#6529,#5379,#5380);
#4342=AXIS2_PLACEMENT_3D('',#6530,#5381,#5382);
#4343=AXIS2_PLACEMENT_3D('',#6532,#5384,#5385);
#4344=AXIS2_PLACEMENT_3D('',#6533,#5386,#5387);
#4345=AXIS2_PLACEMENT_3D('',#6535,#5389,#5390);
#4346=AXIS2_PLACEMENT_3D('',#6536,#5391,#5392);
#4347=AXIS2_PLACEMENT_3D('',#6538,#5394,#5395);
#4348=AXIS2_PLACEMENT_3D('',#6539,#5396,#5397);
#4349=AXIS2_PLACEMENT_3D('',#6541,#5399,#5400);
#4350=AXIS2_PLACEMENT_3D('',#6542,#5401,#5402);
#4351=AXIS2_PLACEMENT_3D('',#6544,#5404,#5405);
#4352=AXIS2_PLACEMENT_3D('',#6545,#5406,#5407);
#4353=AXIS2_PLACEMENT_3D('',#6547,#5409,#5410);
#4354=AXIS2_PLACEMENT_3D('',#6548,#5411,#5412);
#4355=AXIS2_PLACEMENT_3D('',#6550,#5414,#5415);
#4356=AXIS2_PLACEMENT_3D('',#6551,#5416,#5417);
#4357=AXIS2_PLACEMENT_3D('',#6552,#5418,#5419);
#4358=AXIS2_PLACEMENT_3D('',#6563,#5425,#5426);
#4359=AXIS2_PLACEMENT_3D('',#6565,#5427,#5428);
#4360=AXIS2_PLACEMENT_3D('',#6567,#5429,#5430);
#4361=AXIS2_PLACEMENT_3D('',#6570,#5432,#5433);
#4362=AXIS2_PLACEMENT_3D('',#6571,#5434,#5435);
#4363=AXIS2_PLACEMENT_3D('',#6581,#5439,#5440);
#4364=AXIS2_PLACEMENT_3D('',#6584,#5442,#5443);
#4365=AXIS2_PLACEMENT_3D('',#6585,#5444,#5445);
#4366=AXIS2_PLACEMENT_3D('',#6587,#5446,#5447);
#4367=AXIS2_PLACEMENT_3D('',#6591,#5449,#5450);
#4368=AXIS2_PLACEMENT_3D('',#6595,#5452,#5453);
#4369=AXIS2_PLACEMENT_3D('',#6598,#5455,#5456);
#4370=AXIS2_PLACEMENT_3D('',#6599,#5457,#5458);
#4371=AXIS2_PLACEMENT_3D('',#6601,#5459,#5460);
#4372=AXIS2_PLACEMENT_3D('',#6607,#5463,#5464);
#4373=AXIS2_PLACEMENT_3D('',#6609,#5466,#5467);
#4374=AXIS2_PLACEMENT_3D('',#6611,#5468,#5469);
#4375=AXIS2_PLACEMENT_3D('',#6615,#5470,#5471);
#4376=AXIS2_PLACEMENT_3D('',#6621,#5475,#5476);
#4377=AXIS2_PLACEMENT_3D('',#6623,#5477,#5478);
#4378=AXIS2_PLACEMENT_3D('',#6626,#5480,#5481);
#4379=AXIS2_PLACEMENT_3D('',#6627,#5482,#5483);
#4380=AXIS2_PLACEMENT_3D('',#6629,#5484,#5485);
#4381=AXIS2_PLACEMENT_3D('',#6631,#5487,#5488);
#4382=AXIS2_PLACEMENT_3D('',#6637,#5492,#5493);
#4383=AXIS2_PLACEMENT_3D('',#6639,#5495,#5496);
#4384=AXIS2_PLACEMENT_3D('',#6643,#5498,#5499);
#4385=AXIS2_PLACEMENT_3D('',#6645,#5501,#5502);
#4386=AXIS2_PLACEMENT_3D('',#6649,#5505,#5506);
#4387=AXIS2_PLACEMENT_3D('',#6653,#5509,#5510);
#4388=AXIS2_PLACEMENT_3D('',#6656,#5512,#5513);
#4389=AXIS2_PLACEMENT_3D('',#6657,#5514,#5515);
#4390=AXIS2_PLACEMENT_3D('',#6660,#5516,#5517);
#4391=AXIS2_PLACEMENT_3D('',#6664,#5520,#5521);
#4392=AXIS2_PLACEMENT_3D('',#6666,#5522,#5523);
#4393=AXIS2_PLACEMENT_3D('',#6667,#5524,#5525);
#4394=AXIS2_PLACEMENT_3D('',#6671,#5528,#5529);
#4395=AXIS2_PLACEMENT_3D('',#6673,#5531,#5532);
#4396=AXIS2_PLACEMENT_3D('',#6674,#5533,#5534);
#4397=AXIS2_PLACEMENT_3D('',#6676,#5535,#5536);
#4398=AXIS2_PLACEMENT_3D('',#6678,#5538,#5539);
#4399=AXIS2_PLACEMENT_3D('',#6680,#5540,#5541);
#4400=AXIS2_PLACEMENT_3D('',#6682,#5543,#5544);
#4401=AXIS2_PLACEMENT_3D('',#6684,#5545,#5546);
#4402=AXIS2_PLACEMENT_3D('',#6686,#5548,#5549);
#4403=AXIS2_PLACEMENT_3D('',#6688,#5551,#5552);
#4404=AXIS2_PLACEMENT_3D('',#6689,#5553,#5554);
#4405=AXIS2_PLACEMENT_3D('',#6690,#5555,#5556);
#4406=AXIS2_PLACEMENT_3D('',#6691,#5557,#5558);
#4407=AXIS2_PLACEMENT_3D('',#6692,#5559,#5560);
#4408=AXIS2_PLACEMENT_3D('',#6693,#5561,#5562);
#4409=DIRECTION('axis',(0.,0.,1.));
#4410=DIRECTION('refdir',(1.,0.,0.));
#4411=DIRECTION('axis',(0.,0.,1.));
#4412=DIRECTION('refdir',(1.,0.,0.));
#4413=DIRECTION('center_axis',(0.,0.,-1.));
#4414=DIRECTION('ref_axis',(-1.,0.,0.));
#4415=DIRECTION('center_axis',(0.,0.,1.));
#4416=DIRECTION('ref_axis',(-1.,0.,0.));
#4417=DIRECTION('',(-0.707106781186547,8.65956056235493E-17,0.707106781186548));
#4418=DIRECTION('center_axis',(0.,0.,1.));
#4419=DIRECTION('ref_axis',(-1.,0.,0.));
#4420=DIRECTION('center_axis',(0.,0.,1.));
#4421=DIRECTION('ref_axis',(1.,0.,0.));
#4422=DIRECTION('',(-1.,3.9794093945983E-12,0.));
#4423=DIRECTION('',(4.00416208692886E-12,1.,0.));
#4424=DIRECTION('center_axis',(0.,0.,1.));
#4425=DIRECTION('ref_axis',(1.,0.,0.));
#4426=DIRECTION('center_axis',(0.,0.,1.));
#4427=DIRECTION('ref_axis',(1.,0.,0.));
#4428=DIRECTION('',(-4.00383430113986E-12,-1.,0.));
#4429=DIRECTION('',(-1.,4.00399658465201E-12,0.));
#4430=DIRECTION('center_axis',(0.,0.,1.));
#4431=DIRECTION('ref_axis',(1.,0.,0.));
#4432=DIRECTION('center_axis',(0.,0.,1.));
#4433=DIRECTION('ref_axis',(1.,0.,0.));
#4434=DIRECTION('',(1.,-4.10875037696691E-12,0.));
#4435=DIRECTION('',(-4.00399658465198E-12,-1.,0.));
#4436=DIRECTION('center_axis',(0.,0.,1.));
#4437=DIRECTION('ref_axis',(1.,0.,0.));
#4438=DIRECTION('center_axis',(0.,0.,1.));
#4439=DIRECTION('ref_axis',(1.,0.,0.));
#4440=DIRECTION('',(3.97903932025676E-12,1.,0.));
#4441=DIRECTION('',(1.,-4.00416208692886E-12,0.));
#4442=DIRECTION('center_axis',(0.,0.,1.));
#4443=DIRECTION('ref_axis',(1.,0.,0.));
#4444=DIRECTION('center_axis',(0.,0.,1.));
#4445=DIRECTION('ref_axis',(1.,0.,0.));
#4446=DIRECTION('center_axis',(0.,0.,-1.));
#4447=DIRECTION('ref_axis',(1.,0.,0.));
#4448=DIRECTION('center_axis',(0.,0.,-1.));
#4449=DIRECTION('ref_axis',(1.,0.,0.));
#4450=DIRECTION('center_axis',(0.,0.,-1.));
#4451=DIRECTION('ref_axis',(1.,0.,0.));
#4452=DIRECTION('center_axis',(0.,0.,-1.));
#4453=DIRECTION('ref_axis',(1.,0.,0.));
#4454=DIRECTION('center_axis',(0.,0.,-1.));
#4455=DIRECTION('ref_axis',(-1.,0.,0.));
#4456=DIRECTION('center_axis',(0.,0.,-1.));
#4457=DIRECTION('ref_axis',(-1.,0.,0.));
#4458=DIRECTION('',(0.,0.,-1.));
#4459=DIRECTION('center_axis',(0.,0.,1.));
#4460=DIRECTION('ref_axis',(-1.,0.,0.));
#4461=DIRECTION('center_axis',(0.,0.,-1.));
#4462=DIRECTION('ref_axis',(-1.,0.,0.));
#4463=DIRECTION('center_axis',(0.,0.,-1.));
#4464=DIRECTION('ref_axis',(-1.,0.,0.));
#4465=DIRECTION('',(0.,0.,-1.));
#4466=DIRECTION('center_axis',(0.,0.,1.));
#4467=DIRECTION('ref_axis',(-1.,0.,0.));
#4468=DIRECTION('center_axis',(0.,0.,-1.));
#4469=DIRECTION('ref_axis',(-1.,0.,0.));
#4470=DIRECTION('center_axis',(0.,0.,-1.));
#4471=DIRECTION('ref_axis',(-1.,0.,0.));
#4472=DIRECTION('',(0.,0.,-1.));
#4473=DIRECTION('center_axis',(0.,0.,1.));
#4474=DIRECTION('ref_axis',(-1.,0.,0.));
#4475=DIRECTION('center_axis',(0.,0.,-1.));
#4476=DIRECTION('ref_axis',(-1.,0.,0.));
#4477=DIRECTION('center_axis',(0.,0.,-1.));
#4478=DIRECTION('ref_axis',(-1.,0.,0.));
#4479=DIRECTION('',(0.,0.,-1.));
#4480=DIRECTION('center_axis',(0.,0.,1.));
#4481=DIRECTION('ref_axis',(-1.,0.,0.));
#4482=DIRECTION('center_axis',(0.,0.,-1.));
#4483=DIRECTION('ref_axis',(-1.,0.,0.));
#4484=DIRECTION('center_axis',(0.,0.,-1.));
#4485=DIRECTION('ref_axis',(-1.,0.,0.));
#4486=DIRECTION('',(0.,0.,-1.));
#4487=DIRECTION('center_axis',(0.,0.,1.));
#4488=DIRECTION('ref_axis',(-1.,0.,0.));
#4489=DIRECTION('center_axis',(0.,0.,1.));
#4490=DIRECTION('ref_axis',(-1.,0.,0.));
#4491=DIRECTION('center_axis',(0.,0.,1.));
#4492=DIRECTION('ref_axis',(1.,0.,0.));
#4493=DIRECTION('',(1.,-3.9794093945983E-12,0.));
#4494=DIRECTION('center_axis',(0.,0.,-1.));
#4495=DIRECTION('ref_axis',(1.,0.,0.));
#4496=DIRECTION('center_axis',(0.,0.,-1.));
#4497=DIRECTION('ref_axis',(1.,0.,0.));
#4498=DIRECTION('',(-1.,4.00416208692886E-12,0.));
#4499=DIRECTION('',(-3.97903932025676E-12,-1.,0.));
#4500=DIRECTION('center_axis',(0.,0.,-1.));
#4501=DIRECTION('ref_axis',(1.,0.,0.));
#4502=DIRECTION('center_axis',(0.,0.,-1.));
#4503=DIRECTION('ref_axis',(1.,0.,0.));
#4504=DIRECTION('',(4.00399658465198E-12,1.,0.));
#4505=DIRECTION('',(-1.,4.10875037696691E-12,0.));
#4506=DIRECTION('center_axis',(0.,0.,-1.));
#4507=DIRECTION('ref_axis',(1.,0.,0.));
#4508=DIRECTION('center_axis',(0.,0.,-1.));
#4509=DIRECTION('ref_axis',(1.,0.,0.));
#4510=DIRECTION('',(1.,-4.00399658465201E-12,0.));
#4511=DIRECTION('',(4.00383430113986E-12,1.,0.));
#4512=DIRECTION('center_axis',(0.,0.,-1.));
#4513=DIRECTION('ref_axis',(1.,0.,0.));
#4514=DIRECTION('center_axis',(0.,0.,-1.));
#4515=DIRECTION('ref_axis',(1.,0.,0.));
#4516=DIRECTION('',(-4.00416208692886E-12,-1.,0.));
#4517=DIRECTION('center_axis',(0.,0.,1.));
#4518=DIRECTION('ref_axis',(1.,0.,0.));
#4519=DIRECTION('center_axis',(0.,0.,1.));
#4520=DIRECTION('ref_axis',(1.,0.,0.));
#4521=DIRECTION('center_axis',(0.,0.,1.));
#4522=DIRECTION('ref_axis',(1.,0.,0.));
#4523=DIRECTION('center_axis',(0.,0.,1.));
#4524=DIRECTION('ref_axis',(1.,0.,0.));
#4525=DIRECTION('center_axis',(0.,0.,1.));
#4526=DIRECTION('ref_axis',(1.,0.,0.));
#4527=DIRECTION('',(0.,0.,1.));
#4528=DIRECTION('center_axis',(0.,0.,1.));
#4529=DIRECTION('ref_axis',(1.,0.,0.));
#4530=DIRECTION('',(0.,0.,1.));
#4531=DIRECTION('center_axis',(0.,0.,1.));
#4532=DIRECTION('ref_axis',(1.,0.,0.));
#4533=DIRECTION('',(0.,0.,1.));
#4534=DIRECTION('center_axis',(0.,0.,1.));
#4535=DIRECTION('ref_axis',(1.,0.,0.));
#4536=DIRECTION('',(0.,0.,1.));
#4537=DIRECTION('center_axis',(0.,0.,1.));
#4538=DIRECTION('ref_axis',(1.,0.,0.));
#4539=DIRECTION('',(0.,0.,-1.));
#4540=DIRECTION('',(0.,0.,1.));
#4541=DIRECTION('center_axis',(0.,0.,1.));
#4542=DIRECTION('ref_axis',(1.,0.,0.));
#4543=DIRECTION('',(0.,0.,1.));
#4544=DIRECTION('center_axis',(-4.00416208692886E-12,-1.,0.));
#4545=DIRECTION('ref_axis',(1.,-4.00416208692886E-12,0.));
#4546=DIRECTION('',(0.,0.,1.));
#4547=DIRECTION('center_axis',(1.,-3.97903932025676E-12,0.));
#4548=DIRECTION('ref_axis',(3.97903932025676E-12,1.,0.));
#4549=DIRECTION('',(0.,0.,1.));
#4550=DIRECTION('center_axis',(0.,0.,1.));
#4551=DIRECTION('ref_axis',(1.,0.,0.));
#4552=DIRECTION('',(0.,0.,1.));
#4553=DIRECTION('center_axis',(0.,0.,1.));
#4554=DIRECTION('ref_axis',(1.,0.,0.));
#4555=DIRECTION('',(0.,0.,1.));
#4556=DIRECTION('center_axis',(-1.,4.00399658465198E-12,0.));
#4557=DIRECTION('ref_axis',(-4.00399658465198E-12,-1.,0.));
#4558=DIRECTION('',(0.,0.,1.));
#4559=DIRECTION('center_axis',(-4.10875037696691E-12,-1.,0.));
#4560=DIRECTION('ref_axis',(1.,-4.10875037696691E-12,0.));
#4561=DIRECTION('',(0.,0.,1.));
#4562=DIRECTION('center_axis',(0.,0.,1.));
#4563=DIRECTION('ref_axis',(1.,0.,0.));
#4564=DIRECTION('',(0.,0.,1.));
#4565=DIRECTION('center_axis',(0.,0.,1.));
#4566=DIRECTION('ref_axis',(1.,0.,0.));
#4567=DIRECTION('',(0.,0.,1.));
#4568=DIRECTION('center_axis',(4.00399658465201E-12,1.,0.));
#4569=DIRECTION('ref_axis',(-1.,4.00399658465201E-12,0.));
#4570=DIRECTION('',(0.,0.,1.));
#4571=DIRECTION('center_axis',(-1.,4.00383430113986E-12,0.));
#4572=DIRECTION('ref_axis',(-4.00383430113986E-12,-1.,0.));
#4573=DIRECTION('',(0.,0.,1.));
#4574=DIRECTION('center_axis',(0.,0.,1.));
#4575=DIRECTION('ref_axis',(1.,0.,0.));
#4576=DIRECTION('',(0.,0.,1.));
#4577=DIRECTION('center_axis',(0.,0.,1.));
#4578=DIRECTION('ref_axis',(1.,0.,0.));
#4579=DIRECTION('',(0.,0.,1.));
#4580=DIRECTION('center_axis',(1.,-4.00416208692886E-12,0.));
#4581=DIRECTION('ref_axis',(4.00416208692886E-12,1.,0.));
#4582=DIRECTION('',(0.,0.,1.));
#4583=DIRECTION('center_axis',(3.9794093945983E-12,1.,0.));
#4584=DIRECTION('ref_axis',(-1.,3.9794093945983E-12,0.));
#4585=DIRECTION('axis',(0.,0.,1.));
#4586=DIRECTION('refdir',(1.,0.,0.));
#4587=DIRECTION('center_axis',(0.5,-0.866025403784439,6.04359701434834E-16));
#4588=DIRECTION('ref_axis',(0.866025403784439,0.5,-3.48927236310764E-16));
#4589=DIRECTION('',(0.866025403784439,0.5,-3.48927236310764E-16));
#4590=DIRECTION('',(0.,6.97854472621527E-16,1.));
#4591=DIRECTION('',(0.866025403784439,0.5,-3.48927236310764E-16));
#4592=DIRECTION('',(0.,6.97854472621527E-16,1.));
#4593=DIRECTION('center_axis',(-0.5,-0.866025403784439,6.04359701434834E-16));
#4594=DIRECTION('ref_axis',(0.866025403784439,-0.5,3.48927236310763E-16));
#4595=DIRECTION('',(0.866025403784439,-0.5,3.48927236310763E-16));
#4596=DIRECTION('',(0.,6.97854472621527E-16,1.));
#4597=DIRECTION('',(0.866025403784439,-0.5,3.48927236310763E-16));
#4598=DIRECTION('center_axis',(-1.,-2.59859822484265E-16,1.81344339375281E-31));
#4599=DIRECTION('ref_axis',(2.59859822484265E-16,-1.,6.97854472621527E-16));
#4600=DIRECTION('',(2.59859822484265E-16,-1.,6.97854472621527E-16));
#4601=DIRECTION('',(0.,6.97854472621527E-16,1.));
#4602=DIRECTION('',(2.59859822484265E-16,-1.,6.97854472621527E-16));
#4603=DIRECTION('center_axis',(-0.500000000000001,0.866025403784438,-6.04359701434834E-16));
#4604=DIRECTION('ref_axis',(-0.866025403784438,-0.500000000000001,3.48927236310764E-16));
#4605=DIRECTION('',(-0.866025403784438,-0.500000000000001,3.48927236310764E-16));
#4606=DIRECTION('',(0.,6.97854472621527E-16,1.));
#4607=DIRECTION('',(-0.866025403784438,-0.500000000000001,3.48927236310764E-16));
#4608=DIRECTION('center_axis',(0.499999999999999,0.866025403784439,-6.04359701434835E-16));
#4609=DIRECTION('ref_axis',(-0.866025403784439,0.499999999999999,-3.48927236310763E-16));
#4610=DIRECTION('',(-0.866025403784439,0.499999999999999,-3.48927236310763E-16));
#4611=DIRECTION('',(0.,6.97854472621527E-16,1.));
#4612=DIRECTION('',(-0.866025403784439,0.499999999999999,-3.48927236310763E-16));
#4613=DIRECTION('center_axis',(1.,2.59859822484265E-16,-1.8134433937528E-31));
#4614=DIRECTION('ref_axis',(-2.59859822484265E-16,1.,-6.97854472621527E-16));
#4615=DIRECTION('',(-2.59859822484265E-16,1.,-6.97854472621527E-16));
#4616=DIRECTION('',(-2.59859822484265E-16,1.,-6.97854472621527E-16));
#4617=DIRECTION('center_axis',(0.,-6.97854472621527E-16,-1.));
#4618=DIRECTION('ref_axis',(1.,0.,0.));
#4619=DIRECTION('center_axis',(0.,-6.97854472621527E-16,-1.));
#4620=DIRECTION('ref_axis',(1.,0.,0.));
#4621=DIRECTION('center_axis',(0.,-6.97854472621527E-16,1.));
#4622=DIRECTION('ref_axis',(-1.,0.,0.));
#4623=DIRECTION('center_axis',(0.,6.97854472621527E-16,-1.));
#4624=DIRECTION('ref_axis',(-1.,0.,0.));
#4625=DIRECTION('',(0.707106781186548,-4.06862024248494E-16,0.707106781186547));
#4626=DIRECTION('center_axis',(0.,-6.97854472621527E-16,1.));
#4627=DIRECTION('ref_axis',(-1.,0.,0.));
#4628=DIRECTION('center_axis',(0.,6.97854472621527E-16,-1.));
#4629=DIRECTION('ref_axis',(-1.,0.,0.));
#4630=DIRECTION('center_axis',(0.,-6.97854472621527E-16,1.));
#4631=DIRECTION('ref_axis',(-1.,0.,0.));
#4632=DIRECTION('',(0.,1.,6.97854472621527E-16));
#4633=DIRECTION('center_axis',(0.,6.97854472621527E-16,-1.));
#4634=DIRECTION('ref_axis',(1.,0.,0.));
#4635=DIRECTION('',(0.,-1.,-6.97854472621527E-16));
#4636=DIRECTION('',(1.,4.30086024206836E-48,-6.16297582203915E-33));
#4637=DIRECTION('center_axis',(0.,0.,1.));
#4638=DIRECTION('ref_axis',(1.,0.,0.));
#4639=DIRECTION('center_axis',(0.,4.75809867696496E-16,-1.));
#4640=DIRECTION('ref_axis',(1.,0.,0.));
#4641=DIRECTION('',(0.,0.,1.));
#4642=DIRECTION('center_axis',(1.82314900718588E-63,1.,6.97854472621527E-16));
#4643=DIRECTION('ref_axis',(1.,4.30086024206835E-48,-6.16297582203915E-33));
#4644=DIRECTION('',(1.,-1.82314900718588E-63,-1.27229268892016E-78));
#4645=DIRECTION('',(0.,-6.97854472621527E-16,1.));
#4646=DIRECTION('',(0.,6.97854472621527E-16,-1.));
#4647=DIRECTION('center_axis',(0.,0.,1.));
#4648=DIRECTION('ref_axis',(1.,0.,0.));
#4649=DIRECTION('',(0.,0.,1.));
#4650=DIRECTION('center_axis',(0.,-4.75809867696496E-16,1.));
#4651=DIRECTION('ref_axis',(1.,0.,0.));
#4652=DIRECTION('',(0.,0.,1.));
#4653=DIRECTION('center_axis',(-1.,0.,0.));
#4654=DIRECTION('ref_axis',(0.,-1.,0.));
#4655=DIRECTION('',(0.,1.,6.97854472621527E-16));
#4656=DIRECTION('',(0.,5.55111512312579E-16,-1.));
#4657=DIRECTION('',(0.,-1.,0.));
#4658=DIRECTION('',(0.,0.,1.));
#4659=DIRECTION('',(0.,-1.,0.));
#4660=DIRECTION('',(0.,0.,1.));
#4661=DIRECTION('',(0.,1.,-1.50990331349021E-15));
#4662=DIRECTION('',(0.,0.,1.));
#4663=DIRECTION('',(0.,1.,0.));
#4664=DIRECTION('',(0.,-5.55111512312579E-16,-1.));
#4665=DIRECTION('',(0.,-1.,6.97854472621527E-16));
#4666=DIRECTION('',(0.,0.,1.));
#4667=DIRECTION('',(0.,1.,-2.37904933848248E-16));
#4668=DIRECTION('',(0.,0.,-1.));
#4669=DIRECTION('',(0.,-1.,-4.75809867696496E-16));
#4670=DIRECTION('center_axis',(-0.707106781186549,-0.707106781186546,0.));
#4671=DIRECTION('ref_axis',(0.,0.,1.));
#4672=DIRECTION('',(-0.707106781186546,0.707106781186549,-1.68224192001833E-16));
#4673=DIRECTION('',(0.,0.,1.));
#4674=DIRECTION('',(0.707106781186546,-0.707106781186549,-3.36448384003667E-16));
#4675=DIRECTION('center_axis',(0.,1.,0.));
#4676=DIRECTION('ref_axis',(0.,0.,1.));
#4677=DIRECTION('',(1.,0.,0.));
#4678=DIRECTION('',(0.,0.,-1.));
#4679=DIRECTION('',(1.,0.,0.));
#4680=DIRECTION('center_axis',(0.707106781186548,-0.707106781186548,0.));
#4681=DIRECTION('ref_axis',(0.,0.,-1.));
#4682=DIRECTION('',(0.707106781186547,0.707106781186547,3.36448384003666E-16));
#4683=DIRECTION('',(-0.707106781186547,-0.707106781186547,1.68224192001833E-16));
#4684=DIRECTION('',(0.,0.,1.));
#4685=DIRECTION('center_axis',(0.707106781186546,-0.707106781186549,-3.92523114670945E-16));
#4686=DIRECTION('ref_axis',(-5.55111512312581E-16,3.94430452610506E-31,
-1.));
#4687=DIRECTION('',(-0.707106781186549,-0.707106781186546,0.));
#4688=DIRECTION('',(0.,5.55111512312579E-16,-1.));
#4689=DIRECTION('',(-0.707106781186549,-0.707106781186546,-4.93457629872043E-16));
#4690=DIRECTION('',(0.,-5.55111512312579E-16,1.));
#4691=DIRECTION('center_axis',(1.,0.,0.));
#4692=DIRECTION('ref_axis',(0.,1.,0.));
#4693=DIRECTION('',(0.,1.,4.75809867696496E-16));
#4694=DIRECTION('',(0.,-1.,2.37904933848248E-16));
#4695=DIRECTION('',(0.,0.,1.));
#4696=DIRECTION('',(0.,1.,-6.97854472621527E-16));
#4697=DIRECTION('',(0.,5.55111512312579E-16,1.));
#4698=DIRECTION('',(0.,-1.,0.));
#4699=DIRECTION('',(0.,0.,-1.));
#4700=DIRECTION('',(0.,-1.,1.50990331349021E-15));
#4701=DIRECTION('',(0.,0.,-1.));
#4702=DIRECTION('',(0.,1.,0.));
#4703=DIRECTION('',(0.,0.,-1.));
#4704=DIRECTION('',(0.,1.,0.));
#4705=DIRECTION('',(0.,-1.,-6.97854472621527E-16));
#4706=DIRECTION('center_axis',(-0.707106781186546,-0.707106781186549,-3.92523114670945E-16));
#4707=DIRECTION('ref_axis',(-5.55111512312581E-16,-3.94430452610506E-31,
1.));
#4708=DIRECTION('',(-0.707106781186549,0.707106781186546,0.));
#4709=DIRECTION('',(-0.707106781186549,0.707106781186546,4.93457629872043E-16));
#4710=DIRECTION('',(0.,-5.55111512312579E-16,1.));
#4711=DIRECTION('center_axis',(0.,1.,5.55111512312579E-16));
#4712=DIRECTION('ref_axis',(0.,-5.55111512312579E-16,1.));
#4713=DIRECTION('',(1.,0.,0.));
#4714=DIRECTION('',(1.,0.,0.));
#4715=DIRECTION('center_axis',(0.707106781186549,-0.707106781186546,3.92523114670943E-16));
#4716=DIRECTION('ref_axis',(5.55111512312576E-16,0.,-1.));
#4717=DIRECTION('',(0.707106781186546,0.707106781186549,0.));
#4718=DIRECTION('',(0.707106781186546,0.707106781186549,-4.93457629872045E-16));
#4719=DIRECTION('',(0.,-5.55111512312579E-16,-1.));
#4720=DIRECTION('center_axis',(0.,0.,1.));
#4721=DIRECTION('ref_axis',(1.,0.,0.));
#4722=DIRECTION('',(-1.,0.,0.));
#4723=DIRECTION('',(0.707106781186546,-0.707106781186549,0.));
#4724=DIRECTION('center_axis',(0.,0.,-1.));
#4725=DIRECTION('ref_axis',(1.,0.,0.));
#4726=DIRECTION('center_axis',(0.,0.,1.));
#4727=DIRECTION('ref_axis',(1.,0.,0.));
#4728=DIRECTION('center_axis',(0.,1.,-5.55111512312579E-16));
#4729=DIRECTION('ref_axis',(0.,5.55111512312579E-16,1.));
#4730=DIRECTION('',(1.,0.,0.));
#4731=DIRECTION('',(0.,5.55111512312579E-16,1.));
#4732=DIRECTION('center_axis',(-0.707106781186549,-0.707106781186546,3.92523114670943E-16));
#4733=DIRECTION('ref_axis',(5.55111512312576E-16,0.,1.));
#4734=DIRECTION('',(0.707106781186546,-0.707106781186549,4.93457629872045E-16));
#4735=DIRECTION('center_axis',(0.707106781186546,0.707106781186549,0.));
#4736=DIRECTION('ref_axis',(0.,0.,-1.));
#4737=DIRECTION('',(0.707106781186549,-0.707106781186546,1.06766287190497E-15));
#4738=DIRECTION('',(0.,0.,1.));
#4739=DIRECTION('',(-0.707106781186549,0.707106781186546,0.));
#4740=DIRECTION('center_axis',(0.,-1.,0.));
#4741=DIRECTION('ref_axis',(0.,0.,-1.));
#4742=DIRECTION('',(1.,0.,0.));
#4743=DIRECTION('',(0.,0.,-1.));
#4744=DIRECTION('',(1.,0.,0.));
#4745=DIRECTION('center_axis',(-0.707106781186546,0.707106781186549,0.));
#4746=DIRECTION('ref_axis',(0.,0.,1.));
#4747=DIRECTION('',(-0.707106781186549,-0.707106781186546,0.));
#4748=DIRECTION('',(0.707106781186549,0.707106781186546,-1.06766287190497E-15));
#4749=DIRECTION('center_axis',(0.,0.,1.));
#4750=DIRECTION('ref_axis',(0.,-1.,0.));
#4751=DIRECTION('center_axis',(0.,0.,1.));
#4752=DIRECTION('ref_axis',(1.,0.,0.));
#4753=DIRECTION('center_axis',(0.,0.,-1.));
#4754=DIRECTION('ref_axis',(1.,0.,0.));
#4755=DIRECTION('center_axis',(0.,-1.50990331349021E-15,-1.));
#4756=DIRECTION('ref_axis',(0.,1.,-1.50990331349021E-15));
#4757=DIRECTION('center_axis',(0.,-1.50990331349021E-15,-1.));
#4758=DIRECTION('ref_axis',(1.,0.,0.));
#4759=DIRECTION('center_axis',(0.,1.50990331349021E-15,1.));
#4760=DIRECTION('ref_axis',(1.,0.,0.));
#4761=DIRECTION('center_axis',(0.,6.97854472621527E-16,1.));
#4762=DIRECTION('ref_axis',(0.,-1.,6.97854472621527E-16));
#4763=DIRECTION('center_axis',(0.,6.97854472621527E-16,1.));
#4764=DIRECTION('ref_axis',(1.,0.,0.));
#4765=DIRECTION('center_axis',(0.,6.97854472621527E-16,-1.));
#4766=DIRECTION('ref_axis',(0.,1.,6.97854472621527E-16));
#4767=DIRECTION('center_axis',(0.,-4.75809867696496E-16,1.));
#4768=DIRECTION('ref_axis',(0.,-1.,-4.75809867696496E-16));
#4769=DIRECTION('center_axis',(0.,-2.37904933848248E-16,-1.));
#4770=DIRECTION('ref_axis',(0.,1.,-2.37904933848248E-16));
#4771=DIRECTION('center_axis',(0.,-2.37904933848248E-16,-1.));
#4772=DIRECTION('ref_axis',(1.,0.,0.));
#4773=DIRECTION('center_axis',(0.,2.37904933848248E-16,1.));
#4774=DIRECTION('ref_axis',(1.,0.,0.));
#4775=DIRECTION('center_axis',(0.,0.,1.));
#4776=DIRECTION('ref_axis',(1.,0.,0.));
#4777=DIRECTION('center_axis',(0.,0.,1.));
#4778=DIRECTION('ref_axis',(1.,0.,0.));
#4779=DIRECTION('center_axis',(0.,0.,1.));
#4780=DIRECTION('ref_axis',(1.,0.,0.));
#4781=DIRECTION('center_axis',(0.,0.,1.));
#4782=DIRECTION('ref_axis',(1.,0.,0.));
#4783=DIRECTION('center_axis',(0.,0.,-1.));
#4784=DIRECTION('ref_axis',(1.,0.,0.));
#4785=DIRECTION('center_axis',(0.,0.,1.));
#4786=DIRECTION('ref_axis',(1.,0.,0.));
#4787=DIRECTION('center_axis',(0.,0.,1.));
#4788=DIRECTION('ref_axis',(1.,0.,0.));
#4789=DIRECTION('',(0.,0.,1.));
#4790=DIRECTION('center_axis',(0.,0.,1.));
#4791=DIRECTION('ref_axis',(1.,0.,0.));
#4792=DIRECTION('',(0.,0.,1.));
#4793=DIRECTION('center_axis',(0.,0.,1.));
#4794=DIRECTION('ref_axis',(1.,0.,0.));
#4795=DIRECTION('',(0.,0.,1.));
#4796=DIRECTION('axis',(0.,0.,1.));
#4797=DIRECTION('refdir',(1.,0.,0.));
#4798=DIRECTION('center_axis',(0.,0.,-1.));
#4799=DIRECTION('ref_axis',(1.,0.,0.));
#4800=DIRECTION('center_axis',(0.,0.,1.));
#4801=DIRECTION('ref_axis',(1.,0.,0.));
#4802=DIRECTION('',(-0.707106781186547,8.65956056235493E-17,-0.707106781186548));
#4803=DIRECTION('center_axis',(0.,0.,-1.));
#4804=DIRECTION('ref_axis',(1.,0.,0.));
#4805=DIRECTION('center_axis',(0.,0.,1.));
#4806=DIRECTION('ref_axis',(1.,0.,0.));
#4807=DIRECTION('',(-0.707106781187199,0.707106781185896,0.));
#4808=DIRECTION('',(0.,-1.,0.));
#4809=DIRECTION('center_axis',(0.,0.,1.));
#4810=DIRECTION('ref_axis',(1.,0.,0.));
#4811=DIRECTION('',(-0.866025403784439,-0.5,0.));
#4812=DIRECTION('center_axis',(0.,0.,1.));
#4813=DIRECTION('ref_axis',(0.86602540378485,-0.499999999999288,0.));
#4814=DIRECTION('',(1.64597536857381E-12,-1.,0.));
#4815=DIRECTION('',(0.707106781185965,0.70710678118713,0.));
#4816=DIRECTION('',(-1.,0.,0.));
#4817=DIRECTION('center_axis',(0.,0.,1.));
#4818=DIRECTION('ref_axis',(-0.482471861756331,0.875911469620863,0.));
#4819=DIRECTION('',(1.84795208548219E-12,-1.,0.));
#4820=DIRECTION('',(0.707106781185896,0.707106781187199,0.));
#4821=DIRECTION('',(-1.,0.,0.));
#4822=DIRECTION('center_axis',(0.,0.,1.));
#4823=DIRECTION('ref_axis',(1.,0.,0.));
#4824=DIRECTION('',(-0.5,0.866025403784439,0.));
#4825=DIRECTION('center_axis',(0.,0.,1.));
#4826=DIRECTION('ref_axis',(-0.499999999999998,-0.86602540378444,0.));
#4827=DIRECTION('',(-1.,-7.51930273446235E-16,0.));
#4828=DIRECTION('',(0.707106781186546,-0.707106781186549,0.));
#4829=DIRECTION('',(0.,1.,0.));
#4830=DIRECTION('center_axis',(0.,0.,1.));
#4831=DIRECTION('ref_axis',(0.875911469620883,0.482471861756295,0.));
#4832=DIRECTION('',(-1.,-1.84764757001948E-12,0.));
#4833=DIRECTION('',(0.707106781187201,-0.707106781185894,0.));
#4834=DIRECTION('',(0.,1.,0.));
#4835=DIRECTION('center_axis',(0.,0.,1.));
#4836=DIRECTION('ref_axis',(1.,0.,0.));
#4837=DIRECTION('',(0.866025403784486,0.499999999999918,0.));
#4838=DIRECTION('center_axis',(0.,0.,1.));
#4839=DIRECTION('ref_axis',(-0.866025403784417,0.500000000000037,0.));
#4840=DIRECTION('',(-5.26351191412364E-15,1.,0.));
#4841=DIRECTION('',(-0.707106781186544,-0.707106781186551,0.));
#4842=DIRECTION('',(1.,-4.03717463500029E-16,0.));
#4843=DIRECTION('center_axis',(0.,0.,1.));
#4844=DIRECTION('ref_axis',(0.482471861756252,-0.875911469620906,0.));
#4845=DIRECTION('',(-1.84764757001948E-12,1.,0.));
#4846=DIRECTION('',(-0.707106781185894,-0.707106781187201,0.));
#4847=DIRECTION('',(1.,0.,0.));
#4848=DIRECTION('center_axis',(0.,0.,1.));
#4849=DIRECTION('ref_axis',(1.,0.,0.));
#4850=DIRECTION('',(0.499999999999908,-0.866025403784492,0.));
#4851=DIRECTION('center_axis',(0.,0.,1.));
#4852=DIRECTION('ref_axis',(0.500000000000045,0.866025403784413,0.));
#4853=DIRECTION('',(1.,1.50386054689247E-15,0.));
#4854=DIRECTION('',(-0.707106781186549,0.707106781186546,0.));
#4855=DIRECTION('',(-4.0371746350003E-16,-1.,0.));
#4856=DIRECTION('center_axis',(0.,0.,1.));
#4857=DIRECTION('ref_axis',(-0.875911469620906,-0.482471861756252,0.));
#4858=DIRECTION('',(1.,1.84787595661652E-12,0.));
#4859=DIRECTION('center_axis',(0.,0.,-1.));
#4860=DIRECTION('ref_axis',(1.,0.,0.));
#4861=DIRECTION('center_axis',(0.,0.,-1.));
#4862=DIRECTION('ref_axis',(1.,0.,0.));
#4863=DIRECTION('center_axis',(0.,0.,-1.));
#4864=DIRECTION('ref_axis',(1.,0.,0.));
#4865=DIRECTION('center_axis',(0.,0.,-1.));
#4866=DIRECTION('ref_axis',(1.,0.,0.));
#4867=DIRECTION('center_axis',(0.,0.,-1.));
#4868=DIRECTION('ref_axis',(1.,0.,0.));
#4869=DIRECTION('center_axis',(0.,0.,-1.));
#4870=DIRECTION('ref_axis',(1.,0.,0.));
#4871=DIRECTION('center_axis',(0.,0.,-1.));
#4872=DIRECTION('ref_axis',(1.,0.,0.));
#4873=DIRECTION('center_axis',(0.,0.,-1.));
#4874=DIRECTION('ref_axis',(1.,0.,0.));
#4875=DIRECTION('center_axis',(0.,0.,-1.));
#4876=DIRECTION('ref_axis',(1.,0.,0.));
#4877=DIRECTION('center_axis',(0.,0.,-1.));
#4878=DIRECTION('ref_axis',(1.,0.,0.));
#4879=DIRECTION('center_axis',(0.,0.,-1.));
#4880=DIRECTION('ref_axis',(1.,0.,0.));
#4881=DIRECTION('center_axis',(0.,0.,-1.));
#4882=DIRECTION('ref_axis',(1.,0.,0.));
#4883=DIRECTION('center_axis',(0.,0.,-1.));
#4884=DIRECTION('ref_axis',(1.,0.,0.));
#4885=DIRECTION('center_axis',(0.,0.,-1.));
#4886=DIRECTION('ref_axis',(1.,0.,0.));
#4887=DIRECTION('center_axis',(0.,0.,-1.));
#4888=DIRECTION('ref_axis',(1.,0.,0.));
#4889=DIRECTION('',(0.707106781186548,-0.707106781186547,0.));
#4890=DIRECTION('',(0.707106781186547,0.707106781186548,0.));
#4891=DIRECTION('center_axis',(0.,0.,-1.));
#4892=DIRECTION('ref_axis',(1.,0.,0.));
#4893=DIRECTION('',(0.707106781186547,0.707106781186548,0.));
#4894=DIRECTION('',(-0.707106781186546,0.707106781186549,0.));
#4895=DIRECTION('center_axis',(0.,0.,-1.));
#4896=DIRECTION('ref_axis',(1.,0.,0.));
#4897=DIRECTION('',(0.707106781186543,0.707106781186552,0.));
#4898=DIRECTION('',(-0.707106781186545,0.70710678118655,0.));
#4899=DIRECTION('',(0.707106781186549,0.707106781186546,0.));
#4900=DIRECTION('',(-0.707106781186546,0.707106781186549,0.));
#4901=DIRECTION('',(-0.707106781186547,-0.707106781186548,0.));
#4902=DIRECTION('',(-0.707106781186547,0.707106781186547,0.));
#4903=DIRECTION('',(-0.707106781186554,-0.707106781186541,0.));
#4904=DIRECTION('center_axis',(0.,0.,-1.));
#4905=DIRECTION('ref_axis',(1.,0.,0.));
#4906=DIRECTION('',(-0.707106781186546,0.707106781186549,0.));
#4907=DIRECTION('',(-0.707106781186547,-0.707106781186548,0.));
#4908=DIRECTION('center_axis',(0.,0.,-1.));
#4909=DIRECTION('ref_axis',(1.,0.,0.));
#4910=DIRECTION('',(-0.707106781186547,-0.707106781186548,0.));
#4911=DIRECTION('',(0.707106781186548,-0.707106781186547,0.));
#4912=DIRECTION('',(-0.707106781186548,-0.707106781186547,0.));
#4913=DIRECTION('',(0.707106781186542,-0.707106781186553,0.));
#4914=DIRECTION('',(0.707106781186546,0.707106781186549,0.));
#4915=DIRECTION('center_axis',(0.,0.,-1.));
#4916=DIRECTION('ref_axis',(1.,0.,0.));
#4917=DIRECTION('center_axis',(0.,0.,-1.));
#4918=DIRECTION('ref_axis',(1.,0.,0.));
#4919=DIRECTION('center_axis',(0.,0.,-1.));
#4920=DIRECTION('ref_axis',(1.,0.,0.));
#4921=DIRECTION('center_axis',(0.,0.,-1.));
#4922=DIRECTION('ref_axis',(1.,0.,0.));
#4923=DIRECTION('center_axis',(0.,0.,-1.));
#4924=DIRECTION('ref_axis',(1.,0.,0.));
#4925=DIRECTION('center_axis',(0.,0.,-1.));
#4926=DIRECTION('ref_axis',(1.,0.,0.));
#4927=DIRECTION('center_axis',(0.,0.,-1.));
#4928=DIRECTION('ref_axis',(1.,0.,0.));
#4929=DIRECTION('center_axis',(0.,0.,1.));
#4930=DIRECTION('ref_axis',(1.,0.,0.));
#4931=DIRECTION('',(0.,0.,1.));
#4932=DIRECTION('center_axis',(0.,0.,-1.));
#4933=DIRECTION('ref_axis',(1.,0.,0.));
#4934=DIRECTION('center_axis',(0.,0.,-1.));
#4935=DIRECTION('ref_axis',(1.,0.,0.));
#4936=DIRECTION('center_axis',(0.,0.,1.));
#4937=DIRECTION('ref_axis',(1.,0.,0.));
#4938=DIRECTION('',(-0.707106781186547,8.65956056235493E-17,-0.707106781186548));
#4939=DIRECTION('center_axis',(0.,0.,1.));
#4940=DIRECTION('ref_axis',(1.,0.,0.));
#4941=DIRECTION('',(0.,0.,1.));
#4942=DIRECTION('center_axis',(0.,0.,-1.));
#4943=DIRECTION('ref_axis',(1.,0.,0.));
#4944=DIRECTION('center_axis',(0.,0.,-1.));
#4945=DIRECTION('ref_axis',(1.,0.,0.));
#4946=DIRECTION('center_axis',(0.,0.,1.));
#4947=DIRECTION('ref_axis',(1.,0.,0.));
#4948=DIRECTION('',(-0.707106781186548,8.65956056235494E-17,-0.707106781186547));
#4949=DIRECTION('center_axis',(0.,0.,1.));
#4950=DIRECTION('ref_axis',(1.,0.,0.));
#4951=DIRECTION('',(0.,0.,1.));
#4952=DIRECTION('center_axis',(0.,0.,-1.));
#4953=DIRECTION('ref_axis',(1.,0.,0.));
#4954=DIRECTION('center_axis',(0.,0.,1.));
#4955=DIRECTION('ref_axis',(1.,0.,0.));
#4956=DIRECTION('',(0.,0.,1.));
#4957=DIRECTION('center_axis',(0.,0.,1.));
#4958=DIRECTION('ref_axis',(1.,0.,0.));
#4959=DIRECTION('center_axis',(0.,0.,1.));
#4960=DIRECTION('ref_axis',(1.,0.,0.));
#4961=DIRECTION('',(0.,0.,1.));
#4962=DIRECTION('center_axis',(0.,0.,1.));
#4963=DIRECTION('ref_axis',(1.,0.,0.));
#4964=DIRECTION('center_axis',(0.,0.,1.));
#4965=DIRECTION('ref_axis',(1.,0.,0.));
#4966=DIRECTION('',(0.,0.,1.));
#4967=DIRECTION('center_axis',(0.,0.,1.));
#4968=DIRECTION('ref_axis',(1.,0.,0.));
#4969=DIRECTION('center_axis',(0.,0.,1.));
#4970=DIRECTION('ref_axis',(1.,0.,0.));
#4971=DIRECTION('',(0.,0.,1.));
#4972=DIRECTION('center_axis',(0.,0.,1.));
#4973=DIRECTION('ref_axis',(1.,0.,0.));
#4974=DIRECTION('center_axis',(0.,0.,-1.));
#4975=DIRECTION('ref_axis',(1.,0.,0.));
#4976=DIRECTION('center_axis',(0.,0.,1.));
#4977=DIRECTION('ref_axis',(1.,0.,0.));
#4978=DIRECTION('',(0.,0.,1.));
#4979=DIRECTION('center_axis',(0.,0.,-1.));
#4980=DIRECTION('ref_axis',(1.,0.,0.));
#4981=DIRECTION('center_axis',(0.,0.,1.));
#4982=DIRECTION('ref_axis',(1.,0.,0.));
#4983=DIRECTION('center_axis',(0.,0.,-1.));
#4984=DIRECTION('ref_axis',(1.,0.,0.));
#4985=DIRECTION('center_axis',(0.,0.,1.));
#4986=DIRECTION('ref_axis',(1.,0.,0.));
#4987=DIRECTION('',(0.,0.,1.));
#4988=DIRECTION('center_axis',(0.,0.,-1.));
#4989=DIRECTION('ref_axis',(1.,0.,0.));
#4990=DIRECTION('center_axis',(0.,0.,1.));
#4991=DIRECTION('ref_axis',(1.,0.,0.));
#4992=DIRECTION('center_axis',(0.,0.,-1.));
#4993=DIRECTION('ref_axis',(1.,0.,0.));
#4994=DIRECTION('center_axis',(0.,0.,1.));
#4995=DIRECTION('ref_axis',(1.,0.,0.));
#4996=DIRECTION('',(0.,0.,1.));
#4997=DIRECTION('center_axis',(0.,0.,-1.));
#4998=DIRECTION('ref_axis',(1.,0.,0.));
#4999=DIRECTION('center_axis',(0.,0.,1.));
#5000=DIRECTION('ref_axis',(1.,0.,0.));
#5001=DIRECTION('center_axis',(0.,0.,-1.));
#5002=DIRECTION('ref_axis',(1.,0.,0.));
#5003=DIRECTION('center_axis',(0.,0.,1.));
#5004=DIRECTION('ref_axis',(1.,0.,0.));
#5005=DIRECTION('',(0.,0.,1.));
#5006=DIRECTION('center_axis',(0.,0.,-1.));
#5007=DIRECTION('ref_axis',(1.,0.,0.));
#5008=DIRECTION('center_axis',(0.,0.,1.));
#5009=DIRECTION('ref_axis',(1.,0.,0.));
#5010=DIRECTION('center_axis',(0.,0.,1.));
#5011=DIRECTION('ref_axis',(1.,0.,0.));
#5012=DIRECTION('center_axis',(0.,0.,1.));
#5013=DIRECTION('ref_axis',(1.,0.,0.));
#5014=DIRECTION('',(-0.707106781186547,-8.65956056235493E-17,0.707106781186548));
#5015=DIRECTION('center_axis',(0.,0.,-1.));
#5016=DIRECTION('ref_axis',(1.,0.,0.));
#5017=DIRECTION('center_axis',(0.,0.,1.));
#5018=DIRECTION('ref_axis',(1.,0.,0.));
#5019=DIRECTION('',(0.707106781187199,-0.707106781185896,0.));
#5020=DIRECTION('',(1.,1.84787595661652E-12,0.));
#5021=DIRECTION('center_axis',(0.,0.,1.));
#5022=DIRECTION('ref_axis',(-0.875911469620906,-0.482471861756252,0.));
#5023=DIRECTION('',(4.0371746350003E-16,1.,0.));
#5024=DIRECTION('',(0.707106781186549,-0.707106781186546,0.));
#5025=DIRECTION('',(-1.,-1.50386054689247E-15,0.));
#5026=DIRECTION('center_axis',(0.,0.,-1.));
#5027=DIRECTION('ref_axis',(0.500000000000045,0.866025403784413,0.));
#5028=DIRECTION('',(-0.499999999999908,0.866025403784492,0.));
#5029=DIRECTION('center_axis',(0.,0.,1.));
#5030=DIRECTION('ref_axis',(1.,0.,0.));
#5031=DIRECTION('',(1.,0.,0.));
#5032=DIRECTION('',(0.707106781185894,0.707106781187201,0.));
#5033=DIRECTION('',(-1.84764757001948E-12,1.,0.));
#5034=DIRECTION('center_axis',(0.,0.,1.));
#5035=DIRECTION('ref_axis',(0.482471861756252,-0.875911469620906,0.));
#5036=DIRECTION('',(-1.,4.03717463500029E-16,0.));
#5037=DIRECTION('',(0.707106781186544,0.707106781186551,0.));
#5038=DIRECTION('',(5.26351191412364E-15,-1.,0.));
#5039=DIRECTION('center_axis',(0.,0.,-1.));
#5040=DIRECTION('ref_axis',(-0.866025403784417,0.500000000000037,0.));
#5041=DIRECTION('',(-0.866025403784486,-0.499999999999918,0.));
#5042=DIRECTION('center_axis',(0.,0.,1.));
#5043=DIRECTION('ref_axis',(1.,0.,0.));
#5044=DIRECTION('',(0.,1.,0.));
#5045=DIRECTION('',(-0.707106781187201,0.707106781185894,0.));
#5046=DIRECTION('',(-1.,-1.84764757001948E-12,0.));
#5047=DIRECTION('center_axis',(0.,0.,1.));
#5048=DIRECTION('ref_axis',(0.875911469620883,0.482471861756295,0.));
#5049=DIRECTION('',(0.,-1.,0.));
#5050=DIRECTION('',(-0.707106781186546,0.707106781186549,0.));
#5051=DIRECTION('',(1.,7.51930273446235E-16,0.));
#5052=DIRECTION('center_axis',(0.,0.,-1.));
#5053=DIRECTION('ref_axis',(-0.499999999999998,-0.86602540378444,0.));
#5054=DIRECTION('',(0.5,-0.866025403784439,0.));
#5055=DIRECTION('center_axis',(0.,0.,1.));
#5056=DIRECTION('ref_axis',(1.,0.,0.));
#5057=DIRECTION('',(-1.,0.,0.));
#5058=DIRECTION('',(-0.707106781185896,-0.707106781187199,0.));
#5059=DIRECTION('',(1.84795208548219E-12,-1.,0.));
#5060=DIRECTION('center_axis',(0.,0.,1.));
#5061=DIRECTION('ref_axis',(-0.482471861756331,0.875911469620863,0.));
#5062=DIRECTION('',(1.,0.,0.));
#5063=DIRECTION('',(-0.707106781185965,-0.70710678118713,0.));
#5064=DIRECTION('',(-1.64597536857381E-12,1.,0.));
#5065=DIRECTION('center_axis',(0.,0.,-1.));
#5066=DIRECTION('ref_axis',(0.86602540378485,-0.499999999999288,0.));
#5067=DIRECTION('',(0.866025403784439,0.5,0.));
#5068=DIRECTION('center_axis',(0.,0.,1.));
#5069=DIRECTION('ref_axis',(1.,0.,0.));
#5070=DIRECTION('',(0.,-1.,0.));
#5071=DIRECTION('center_axis',(0.,0.,-1.));
#5072=DIRECTION('ref_axis',(1.,0.,0.));
#5073=DIRECTION('center_axis',(0.,0.,-1.));
#5074=DIRECTION('ref_axis',(1.,0.,0.));
#5075=DIRECTION('center_axis',(0.,0.,-1.));
#5076=DIRECTION('ref_axis',(1.,0.,0.));
#5077=DIRECTION('center_axis',(0.,0.,-1.));
#5078=DIRECTION('ref_axis',(1.,0.,0.));
#5079=DIRECTION('center_axis',(0.,0.,-1.));
#5080=DIRECTION('ref_axis',(1.,0.,0.));
#5081=DIRECTION('center_axis',(0.,0.,-1.));
#5082=DIRECTION('ref_axis',(1.,0.,0.));
#5083=DIRECTION('',(0.707106781186548,-0.707106781186547,0.));
#5084=DIRECTION('',(0.707106781186546,0.707106781186549,0.));
#5085=DIRECTION('',(0.707106781186542,-0.707106781186553,0.));
#5086=DIRECTION('',(-0.707106781186548,-0.707106781186547,0.));
#5087=DIRECTION('',(0.707106781186548,-0.707106781186547,0.));
#5088=DIRECTION('',(-0.707106781186547,-0.707106781186548,0.));
#5089=DIRECTION('center_axis',(0.,0.,-1.));
#5090=DIRECTION('ref_axis',(1.,0.,0.));
#5091=DIRECTION('',(-0.707106781186547,-0.707106781186548,0.));
#5092=DIRECTION('',(-0.707106781186546,0.707106781186549,0.));
#5093=DIRECTION('center_axis',(0.,0.,-1.));
#5094=DIRECTION('ref_axis',(1.,0.,0.));
#5095=DIRECTION('',(-0.707106781186554,-0.707106781186541,0.));
#5096=DIRECTION('',(-0.707106781186547,0.707106781186547,0.));
#5097=DIRECTION('',(-0.707106781186547,-0.707106781186548,0.));
#5098=DIRECTION('',(-0.707106781186546,0.707106781186549,0.));
#5099=DIRECTION('',(0.707106781186549,0.707106781186546,0.));
#5100=DIRECTION('',(-0.707106781186545,0.70710678118655,0.));
#5101=DIRECTION('',(0.707106781186543,0.707106781186552,0.));
#5102=DIRECTION('center_axis',(0.,0.,-1.));
#5103=DIRECTION('ref_axis',(1.,0.,0.));
#5104=DIRECTION('',(-0.707106781186546,0.707106781186549,0.));
#5105=DIRECTION('',(0.707106781186547,0.707106781186548,0.));
#5106=DIRECTION('center_axis',(0.,0.,-1.));
#5107=DIRECTION('ref_axis',(1.,0.,0.));
#5108=DIRECTION('',(0.707106781186547,0.707106781186548,0.));
#5109=DIRECTION('center_axis',(0.,0.,-1.));
#5110=DIRECTION('ref_axis',(1.,0.,0.));
#5111=DIRECTION('center_axis',(0.,0.,-1.));
#5112=DIRECTION('ref_axis',(1.,0.,0.));
#5113=DIRECTION('center_axis',(0.,0.,-1.));
#5114=DIRECTION('ref_axis',(1.,0.,0.));
#5115=DIRECTION('center_axis',(0.,0.,-1.));
#5116=DIRECTION('ref_axis',(1.,0.,0.));
#5117=DIRECTION('center_axis',(0.,0.,-1.));
#5118=DIRECTION('ref_axis',(1.,0.,0.));
#5119=DIRECTION('center_axis',(0.,0.,-1.));
#5120=DIRECTION('ref_axis',(1.,0.,0.));
#5121=DIRECTION('center_axis',(0.,0.,-1.));
#5122=DIRECTION('ref_axis',(1.,0.,0.));
#5123=DIRECTION('center_axis',(0.,0.,-1.));
#5124=DIRECTION('ref_axis',(1.,0.,0.));
#5125=DIRECTION('center_axis',(0.,0.,-1.));
#5126=DIRECTION('ref_axis',(1.,0.,0.));
#5127=DIRECTION('center_axis',(0.,0.,1.));
#5128=DIRECTION('ref_axis',(1.,0.,0.));
#5129=DIRECTION('',(0.,0.,1.));
#5130=DIRECTION('center_axis',(0.,0.,1.));
#5131=DIRECTION('ref_axis',(1.,0.,0.));
#5132=DIRECTION('center_axis',(0.,0.,1.));
#5133=DIRECTION('ref_axis',(1.,0.,0.));
#5134=DIRECTION('',(-0.707106781186547,-8.65956056235493E-17,0.707106781186548));
#5135=DIRECTION('center_axis',(0.,0.,1.));
#5136=DIRECTION('ref_axis',(1.,0.,0.));
#5137=DIRECTION('',(0.,0.,1.));
#5138=DIRECTION('center_axis',(0.,0.,1.));
#5139=DIRECTION('ref_axis',(1.,0.,0.));
#5140=DIRECTION('center_axis',(0.,0.,1.));
#5141=DIRECTION('ref_axis',(1.,0.,0.));
#5142=DIRECTION('',(-0.707106781186547,-8.65956056235493E-17,0.707106781186548));
#5143=DIRECTION('center_axis',(0.,0.,1.));
#5144=DIRECTION('ref_axis',(1.,0.,0.));
#5145=DIRECTION('',(0.,0.,1.));
#5146=DIRECTION('center_axis',(0.,0.,1.));
#5147=DIRECTION('ref_axis',(1.,0.,0.));
#5148=DIRECTION('center_axis',(0.,0.,1.));
#5149=DIRECTION('ref_axis',(1.,0.,0.));
#5150=DIRECTION('',(-0.707106781186547,-8.65956056235493E-17,0.707106781186548));
#5151=DIRECTION('center_axis',(0.,0.,1.));
#5152=DIRECTION('ref_axis',(1.,0.,0.));
#5153=DIRECTION('',(0.,0.,1.));
#5154=DIRECTION('center_axis',(0.,0.,1.));
#5155=DIRECTION('ref_axis',(1.,0.,0.));
#5156=DIRECTION('center_axis',(0.,0.,1.));
#5157=DIRECTION('ref_axis',(1.,0.,0.));
#5158=DIRECTION('',(-0.707106781186547,-8.65956056235493E-17,0.707106781186548));
#5159=DIRECTION('center_axis',(0.,0.,1.));
#5160=DIRECTION('ref_axis',(1.,0.,0.));
#5161=DIRECTION('',(0.,0.,1.));
#5162=DIRECTION('center_axis',(0.,0.,1.));
#5163=DIRECTION('ref_axis',(1.,0.,0.));
#5164=DIRECTION('center_axis',(0.,0.,1.));
#5165=DIRECTION('ref_axis',(1.,0.,0.));
#5166=DIRECTION('',(-0.707106781186547,-8.65956056235493E-17,0.707106781186548));
#5167=DIRECTION('center_axis',(0.,0.,1.));
#5168=DIRECTION('ref_axis',(1.,0.,0.));
#5169=DIRECTION('',(0.,0.,1.));
#5170=DIRECTION('center_axis',(0.,0.,1.));
#5171=DIRECTION('ref_axis',(1.,0.,0.));
#5172=DIRECTION('center_axis',(0.,0.,1.));
#5173=DIRECTION('ref_axis',(1.,0.,0.));
#5174=DIRECTION('',(-0.707106781186547,-8.65956056235493E-17,0.707106781186548));
#5175=DIRECTION('center_axis',(0.,0.,1.));
#5176=DIRECTION('ref_axis',(1.,0.,0.));
#5177=DIRECTION('',(0.,0.,1.));
#5178=DIRECTION('center_axis',(0.,0.,1.));
#5179=DIRECTION('ref_axis',(1.,0.,0.));
#5180=DIRECTION('center_axis',(0.,0.,1.));
#5181=DIRECTION('ref_axis',(1.,0.,0.));
#5182=DIRECTION('',(-0.707106781186547,-8.65956056235493E-17,0.707106781186548));
#5183=DIRECTION('center_axis',(0.,0.,1.));
#5184=DIRECTION('ref_axis',(1.,0.,0.));
#5185=DIRECTION('',(0.,0.,1.));
#5186=DIRECTION('center_axis',(0.,0.,1.));
#5187=DIRECTION('ref_axis',(1.,0.,0.));
#5188=DIRECTION('center_axis',(0.,0.,1.));
#5189=DIRECTION('ref_axis',(1.,0.,0.));
#5190=DIRECTION('',(-0.707106781186547,-8.65956056235493E-17,0.707106781186548));
#5191=DIRECTION('center_axis',(0.,0.,1.));
#5192=DIRECTION('ref_axis',(1.,0.,0.));
#5193=DIRECTION('',(0.,0.,1.));
#5194=DIRECTION('center_axis',(0.,0.,1.));
#5195=DIRECTION('ref_axis',(1.,0.,0.));
#5196=DIRECTION('center_axis',(0.,0.,1.));
#5197=DIRECTION('ref_axis',(1.,0.,0.));
#5198=DIRECTION('',(-0.707106781186547,-8.65956056235493E-17,0.707106781186548));
#5199=DIRECTION('center_axis',(0.,0.,1.));
#5200=DIRECTION('ref_axis',(1.,0.,0.));
#5201=DIRECTION('',(0.,0.,1.));
#5202=DIRECTION('center_axis',(0.,0.,1.));
#5203=DIRECTION('ref_axis',(1.,0.,0.));
#5204=DIRECTION('center_axis',(0.,0.,1.));
#5205=DIRECTION('ref_axis',(1.,0.,0.));
#5206=DIRECTION('',(-0.707106781186547,-8.65956056235493E-17,0.707106781186548));
#5207=DIRECTION('center_axis',(0.,0.,1.));
#5208=DIRECTION('ref_axis',(1.,0.,0.));
#5209=DIRECTION('',(0.,0.,1.));
#5210=DIRECTION('center_axis',(0.,0.,1.));
#5211=DIRECTION('ref_axis',(1.,0.,0.));
#5212=DIRECTION('center_axis',(0.,0.,1.));
#5213=DIRECTION('ref_axis',(1.,0.,0.));
#5214=DIRECTION('',(-0.707106781186547,-8.65956056235493E-17,0.707106781186548));
#5215=DIRECTION('center_axis',(0.,0.,1.));
#5216=DIRECTION('ref_axis',(1.,0.,0.));
#5217=DIRECTION('',(0.,0.,1.));
#5218=DIRECTION('center_axis',(0.,0.,1.));
#5219=DIRECTION('ref_axis',(0.86602540378485,-0.499999999999288,0.));
#5220=DIRECTION('',(0.,0.,1.));
#5221=DIRECTION('',(0.,0.,-1.));
#5222=DIRECTION('center_axis',(0.5,-0.866025403784439,0.));
#5223=DIRECTION('ref_axis',(-0.866025403784439,-0.5,0.));
#5224=DIRECTION('',(0.,0.,-1.));
#5225=DIRECTION('center_axis',(0.,0.,1.));
#5226=DIRECTION('ref_axis',(-0.499999999999998,-0.86602540378444,0.));
#5227=DIRECTION('',(0.,0.,1.));
#5228=DIRECTION('',(0.,0.,-1.));
#5229=DIRECTION('center_axis',(-0.866025403784439,-0.5,0.));
#5230=DIRECTION('ref_axis',(-0.5,0.866025403784439,0.));
#5231=DIRECTION('',(0.,0.,-1.));
#5232=DIRECTION('center_axis',(0.,0.,1.));
#5233=DIRECTION('ref_axis',(-0.866025403784417,0.500000000000037,0.));
#5234=DIRECTION('',(0.,0.,1.));
#5235=DIRECTION('',(0.,0.,-1.));
#5236=DIRECTION('center_axis',(-0.499999999999918,0.866025403784486,0.));
#5237=DIRECTION('ref_axis',(0.866025403784486,0.499999999999918,0.));
#5238=DIRECTION('',(0.,0.,-1.));
#5239=DIRECTION('center_axis',(0.,0.,1.));
#5240=DIRECTION('ref_axis',(0.500000000000045,0.866025403784413,0.));
#5241=DIRECTION('',(0.,0.,1.));
#5242=DIRECTION('',(0.,0.,-1.));
#5243=DIRECTION('center_axis',(0.866025403784492,0.499999999999908,0.));
#5244=DIRECTION('ref_axis',(0.499999999999908,-0.866025403784492,0.));
#5245=DIRECTION('',(0.,0.,-1.));
#5246=DIRECTION('center_axis',(0.707106781185896,0.707106781187199,0.));
#5247=DIRECTION('ref_axis',(0.,0.,-1.));
#5248=DIRECTION('',(0.,0.,-1.));
#5249=DIRECTION('',(0.,0.,1.));
#5250=DIRECTION('center_axis',(-1.84787595661652E-12,1.,0.));
#5251=DIRECTION('ref_axis',(1.,1.84787595661652E-12,0.));
#5252=DIRECTION('',(0.,0.,-1.));
#5253=DIRECTION('center_axis',(0.707106781187199,-0.707106781185896,0.));
#5254=DIRECTION('ref_axis',(0.,0.,-1.));
#5255=DIRECTION('',(0.,0.,-1.));
#5256=DIRECTION('',(0.,0.,1.));
#5257=DIRECTION('center_axis',(1.,1.84795208548219E-12,0.));
#5258=DIRECTION('ref_axis',(1.84795208548219E-12,-1.,0.));
#5259=DIRECTION('',(0.,0.,-1.));
#5260=DIRECTION('center_axis',(0.70710678118713,-0.707106781185965,0.));
#5261=DIRECTION('ref_axis',(0.,0.,-1.));
#5262=DIRECTION('',(0.,0.,-1.));
#5263=DIRECTION('',(0.,0.,1.));
#5264=DIRECTION('center_axis',(1.,1.64597536857381E-12,0.));
#5265=DIRECTION('ref_axis',(1.64597536857381E-12,-1.,0.));
#5266=DIRECTION('center_axis',(-0.707106781186549,-0.707106781186546,0.));
#5267=DIRECTION('ref_axis',(0.,0.,1.));
#5268=DIRECTION('',(0.,0.,-1.));
#5269=DIRECTION('',(0.,0.,1.));
#5270=DIRECTION('center_axis',(7.51930273446235E-16,-1.,0.));
#5271=DIRECTION('ref_axis',(-1.,-7.51930273446235E-16,0.));
#5272=DIRECTION('center_axis',(-0.707106781185894,-0.707106781187201,0.));
#5273=DIRECTION('ref_axis',(0.,0.,1.));
#5274=DIRECTION('',(0.,0.,-1.));
#5275=DIRECTION('',(0.,0.,1.));
#5276=DIRECTION('center_axis',(1.84764757001948E-12,-1.,0.));
#5277=DIRECTION('ref_axis',(-1.,-1.84764757001948E-12,0.));
#5278=DIRECTION('',(0.,0.,-1.));
#5279=DIRECTION('center_axis',(-0.707106781187201,0.707106781185894,0.));
#5280=DIRECTION('ref_axis',(0.,0.,1.));
#5281=DIRECTION('',(0.,0.,-1.));
#5282=DIRECTION('',(0.,0.,1.));
#5283=DIRECTION('center_axis',(-1.,-1.84764757001948E-12,0.));
#5284=DIRECTION('ref_axis',(-1.84764757001948E-12,1.,0.));
#5285=DIRECTION('',(0.,0.,-1.));
#5286=DIRECTION('center_axis',(0.707106781186546,0.707106781186549,0.));
#5287=DIRECTION('ref_axis',(0.,0.,-1.));
#5288=DIRECTION('',(0.,0.,-1.));
#5289=DIRECTION('',(0.,0.,1.));
#5290=DIRECTION('center_axis',(-1.50386054689247E-15,1.,0.));
#5291=DIRECTION('ref_axis',(1.,1.50386054689247E-15,0.));
#5292=DIRECTION('center_axis',(-0.707106781186551,0.707106781186544,0.));
#5293=DIRECTION('ref_axis',(0.,0.,1.));
#5294=DIRECTION('',(0.,0.,-1.));
#5295=DIRECTION('',(0.,0.,1.));
#5296=DIRECTION('center_axis',(4.03717463500029E-16,1.,0.));
#5297=DIRECTION('ref_axis',(1.,-4.03717463500029E-16,0.));
#5298=DIRECTION('',(0.,0.,-1.));
#5299=DIRECTION('center_axis',(0.,0.,1.));
#5300=DIRECTION('ref_axis',(1.,0.,0.));
#5301=DIRECTION('',(0.,0.,1.));
#5302=DIRECTION('center_axis',(0.,0.,1.));
#5303=DIRECTION('ref_axis',(1.,0.,0.));
#5304=DIRECTION('',(0.,0.,1.));
#5305=DIRECTION('center_axis',(0.,0.,1.));
#5306=DIRECTION('ref_axis',(1.,0.,0.));
#5307=DIRECTION('',(0.,0.,1.));
#5308=DIRECTION('center_axis',(0.,0.,1.));
#5309=DIRECTION('ref_axis',(1.,0.,0.));
#5310=DIRECTION('',(0.,0.,1.));
#5311=DIRECTION('center_axis',(-0.707106781186548,0.707106781186547,0.));
#5312=DIRECTION('ref_axis',(0.707106781186547,0.707106781186548,0.));
#5313=DIRECTION('',(0.,0.,-1.));
#5314=DIRECTION('',(0.,0.,-1.));
#5315=DIRECTION('center_axis',(0.,0.,1.));
#5316=DIRECTION('ref_axis',(1.,0.,0.));
#5317=DIRECTION('',(0.,0.,-1.));
#5318=DIRECTION('center_axis',(-0.707106781186548,0.707106781186547,0.));
#5319=DIRECTION('ref_axis',(0.707106781186547,0.707106781186548,0.));
#5320=DIRECTION('',(0.,0.,-1.));
#5321=DIRECTION('center_axis',(-0.707106781186549,-0.707106781186546,0.));
#5322=DIRECTION('ref_axis',(-0.707106781186546,0.707106781186549,0.));
#5323=DIRECTION('',(0.,0.,-1.));
#5324=DIRECTION('center_axis',(0.,0.,1.));
#5325=DIRECTION('ref_axis',(1.,0.,0.));
#5326=DIRECTION('',(0.,0.,-1.));
#5327=DIRECTION('center_axis',(-0.707106781186552,0.707106781186543,0.));
#5328=DIRECTION('ref_axis',(0.707106781186543,0.707106781186552,0.));
#5329=DIRECTION('',(0.,0.,-1.));
#5330=DIRECTION('center_axis',(-0.70710678118655,-0.707106781186546,0.));
#5331=DIRECTION('ref_axis',(-0.707106781186546,0.70710678118655,0.));
#5332=DIRECTION('',(0.,0.,-1.));
#5333=DIRECTION('center_axis',(-0.707106781186546,0.707106781186549,0.));
#5334=DIRECTION('ref_axis',(0.707106781186549,0.707106781186546,0.));
#5335=DIRECTION('',(0.,0.,-1.));
#5336=DIRECTION('center_axis',(-0.707106781186549,-0.707106781186546,0.));
#5337=DIRECTION('ref_axis',(-0.707106781186546,0.707106781186549,0.));
#5338=DIRECTION('',(0.,0.,-1.));
#5339=DIRECTION('center_axis',(0.707106781186548,-0.707106781186547,0.));
#5340=DIRECTION('ref_axis',(-0.707106781186547,-0.707106781186548,0.));
#5341=DIRECTION('',(0.,0.,-1.));
#5342=DIRECTION('center_axis',(-0.707106781186548,-0.707106781186548,0.));
#5343=DIRECTION('ref_axis',(-0.707106781186548,0.707106781186548,0.));
#5344=DIRECTION('',(0.,0.,-1.));
#5345=DIRECTION('center_axis',(0.707106781186541,-0.707106781186554,0.));
#5346=DIRECTION('ref_axis',(-0.707106781186554,-0.707106781186541,0.));
#5347=DIRECTION('',(0.,0.,-1.));
#5348=DIRECTION('center_axis',(0.,0.,1.));
#5349=DIRECTION('ref_axis',(1.,0.,0.));
#5350=DIRECTION('',(0.,0.,-1.));
#5351=DIRECTION('center_axis',(-0.707106781186549,-0.707106781186546,0.));
#5352=DIRECTION('ref_axis',(-0.707106781186546,0.707106781186549,0.));
#5353=DIRECTION('',(0.,0.,-1.));
#5354=DIRECTION('center_axis',(0.707106781186548,-0.707106781186547,0.));
#5355=DIRECTION('ref_axis',(-0.707106781186547,-0.707106781186548,0.));
#5356=DIRECTION('',(0.,0.,-1.));
#5357=DIRECTION('center_axis',(0.,0.,1.));
#5358=DIRECTION('ref_axis',(1.,0.,0.));
#5359=DIRECTION('',(0.,0.,-1.));
#5360=DIRECTION('center_axis',(0.707106781186548,-0.707106781186547,0.));
#5361=DIRECTION('ref_axis',(-0.707106781186547,-0.707106781186548,0.));
#5362=DIRECTION('',(0.,0.,-1.));
#5363=DIRECTION('center_axis',(0.707106781186547,0.707106781186548,0.));
#5364=DIRECTION('ref_axis',(0.707106781186548,-0.707106781186547,0.));
#5365=DIRECTION('',(0.,0.,-1.));
#5366=DIRECTION('center_axis',(0.707106781186547,-0.707106781186548,0.));
#5367=DIRECTION('ref_axis',(-0.707106781186548,-0.707106781186547,0.));
#5368=DIRECTION('',(0.,0.,-1.));
#5369=DIRECTION('center_axis',(0.707106781186553,0.707106781186542,0.));
#5370=DIRECTION('ref_axis',(0.707106781186542,-0.707106781186553,0.));
#5371=DIRECTION('',(0.,0.,-1.));
#5372=DIRECTION('center_axis',(-0.707106781186549,0.707106781186546,0.));
#5373=DIRECTION('ref_axis',(0.707106781186546,0.707106781186549,0.));
#5374=DIRECTION('',(0.,0.,-1.));
#5375=DIRECTION('center_axis',(0.707106781186547,0.707106781186548,0.));
#5376=DIRECTION('ref_axis',(0.707106781186548,-0.707106781186547,0.));
#5377=DIRECTION('center_axis',(-1.,-5.26351191412364E-15,0.));
#5378=DIRECTION('ref_axis',(-5.26351191412364E-15,1.,0.));
#5379=DIRECTION('center_axis',(0.,0.,1.));
#5380=DIRECTION('ref_axis',(0.482471861756252,-0.875911469620906,0.));
#5381=DIRECTION('center_axis',(0.,1.,0.));
#5382=DIRECTION('ref_axis',(1.,0.,0.));
#5383=DIRECTION('',(0.,0.,-1.));
#5384=DIRECTION('center_axis',(0.,0.,1.));
#5385=DIRECTION('ref_axis',(1.,0.,0.));
#5386=DIRECTION('center_axis',(1.,-4.0371746350003E-16,0.));
#5387=DIRECTION('ref_axis',(-4.0371746350003E-16,-1.,0.));
#5388=DIRECTION('',(0.,0.,-1.));
#5389=DIRECTION('center_axis',(0.,0.,1.));
#5390=DIRECTION('ref_axis',(-0.875911469620906,-0.482471861756252,0.));
#5391=DIRECTION('center_axis',(1.,0.,0.));
#5392=DIRECTION('ref_axis',(0.,-1.,0.));
#5393=DIRECTION('',(0.,0.,-1.));
#5394=DIRECTION('center_axis',(0.,0.,1.));
#5395=DIRECTION('ref_axis',(1.,0.,0.));
#5396=DIRECTION('center_axis',(0.,-1.,0.));
#5397=DIRECTION('ref_axis',(-1.,0.,0.));
#5398=DIRECTION('',(0.,0.,-1.));
#5399=DIRECTION('center_axis',(0.,0.,1.));
#5400=DIRECTION('ref_axis',(-0.482471861756331,0.875911469620863,0.));
#5401=DIRECTION('center_axis',(0.,-1.,0.));
#5402=DIRECTION('ref_axis',(-1.,0.,0.));
#5403=DIRECTION('',(0.,0.,-1.));
#5404=DIRECTION('center_axis',(0.,0.,1.));
#5405=DIRECTION('ref_axis',(1.,0.,0.));
#5406=DIRECTION('center_axis',(-1.,0.,0.));
#5407=DIRECTION('ref_axis',(0.,1.,0.));
#5408=DIRECTION('',(0.,0.,-1.));
#5409=DIRECTION('center_axis',(0.,0.,1.));
#5410=DIRECTION('ref_axis',(0.875911469620883,0.482471861756295,0.));
#5411=DIRECTION('center_axis',(-1.,0.,0.));
#5412=DIRECTION('ref_axis',(0.,1.,0.));
#5413=DIRECTION('',(0.,0.,-1.));
#5414=DIRECTION('center_axis',(0.,0.,1.));
#5415=DIRECTION('ref_axis',(1.,0.,0.));
#5416=DIRECTION('axis',(0.,0.,1.));
#5417=DIRECTION('refdir',(1.,0.,0.));
#5418=DIRECTION('center_axis',(0.,1.,2.72113486427735E-16));
#5419=DIRECTION('ref_axis',(0.,-2.72113486427735E-16,1.));
#5420=DIRECTION('',(0.,0.,-1.));
#5421=DIRECTION('',(1.,0.,0.));
#5422=DIRECTION('',(0.707130428268246,-1.96254993731904E-16,0.707083133314016));
#5423=DIRECTION('',(0.,0.,1.));
#5424=DIRECTION('',(1.,0.,0.));
#5425=DIRECTION('center_axis',(0.,0.747059917933498,0.66475670663574));
#5426=DIRECTION('ref_axis',(0.,-0.66475670663574,0.747059917933498));
#5427=DIRECTION('center_axis',(0.,-0.747059917933498,-0.66475670663574));
#5428=DIRECTION('ref_axis',(-3.54821250712011E-18,0.66475670663574,-0.747059917933498));
#5429=DIRECTION('center_axis',(0.,0.747059917933498,0.66475670663574));
#5430=DIRECTION('ref_axis',(0.,0.66475670663574,-0.747059917933498));
#5431=DIRECTION('',(1.,0.,0.));
#5432=DIRECTION('center_axis',(0.,-0.747059917933498,-0.66475670663574));
#5433=DIRECTION('ref_axis',(-4.40613851630441E-17,0.66475670663574,-0.747059917933498));
#5434=DIRECTION('center_axis',(0.,1.,0.));
#5435=DIRECTION('ref_axis',(0.,0.,1.));
#5436=DIRECTION('',(0.,0.,-1.));
#5437=DIRECTION('',(0.,0.,1.));
#5438=DIRECTION('',(-1.,0.,0.));
#5439=DIRECTION('center_axis',(0.,0.,1.));
#5440=DIRECTION('ref_axis',(0.0476560668611352,0.998863804175187,0.));
#5441=DIRECTION('',(0.,0.,1.));
#5442=DIRECTION('center_axis',(0.,0.,-1.));
#5443=DIRECTION('ref_axis',(0.0476560668611352,0.998863804175187,0.));
#5444=DIRECTION('center_axis',(0.,0.,1.));
#5445=DIRECTION('ref_axis',(-0.473865906459329,0.880597014925373,0.));
#5446=DIRECTION('center_axis',(0.,0.,1.));
#5447=DIRECTION('ref_axis',(-0.473865906459329,0.880597014925373,0.));
#5448=DIRECTION('',(0.,0.,1.));
#5449=DIRECTION('center_axis',(0.,0.,-1.));
#5450=DIRECTION('ref_axis',(-0.473865906459329,0.880597014925373,0.));
#5451=DIRECTION('',(0.,0.,1.));
#5452=DIRECTION('center_axis',(0.,0.,-1.));
#5453=DIRECTION('ref_axis',(-0.473865906459329,0.880597014925373,0.));
#5454=DIRECTION('',(0.,0.,1.));
#5455=DIRECTION('center_axis',(0.,0.,-1.));
#5456=DIRECTION('ref_axis',(-0.473865906459329,0.880597014925373,0.));
#5457=DIRECTION('center_axis',(0.,0.,1.));
#5458=DIRECTION('ref_axis',(1.,0.,0.));
#5459=DIRECTION('center_axis',(0.,0.,1.));
#5460=DIRECTION('ref_axis',(0.294719101123596,0.955583932175976,0.));
#5461=DIRECTION('',(0.,-1.,0.));
#5462=DIRECTION('',(-1.,0.,0.));
#5463=DIRECTION('center_axis',(0.,0.,1.));
#5464=DIRECTION('ref_axis',(-7.45057928316013E-8,0.999999999999997,0.));
#5465=DIRECTION('',(0.,-1.,0.));
#5466=DIRECTION('center_axis',(0.,0.,1.));
#5467=DIRECTION('ref_axis',(0.294719101123596,0.955583932175976,0.));
#5468=DIRECTION('center_axis',(0.,0.,-1.));
#5469=DIRECTION('ref_axis',(0.294719101123596,0.955583932175976,0.));
#5470=DIRECTION('center_axis',(1.,0.,0.));
#5471=DIRECTION('ref_axis',(0.,1.,0.));
#5472=DIRECTION('',(0.,0.,1.));
#5473=DIRECTION('',(0.,-1.,0.));
#5474=DIRECTION('',(0.,0.,1.));
#5475=DIRECTION('center_axis',(0.,0.,1.));
#5476=DIRECTION('ref_axis',(0.294719101123596,0.955583932175976,0.));
#5477=DIRECTION('center_axis',(0.,0.,1.));
#5478=DIRECTION('ref_axis',(0.294719101123596,0.955583932175976,0.));
#5479=DIRECTION('',(0.,0.,-1.));
#5480=DIRECTION('center_axis',(-0.752825362088509,0.,-0.65822030825272));
#5481=DIRECTION('ref_axis',(0.65822030825272,-3.28436557976646E-17,-0.752825362088509));
#5482=DIRECTION('center_axis',(0.,0.,-1.));
#5483=DIRECTION('ref_axis',(0.294719101123596,0.955583932175976,0.));
#5484=DIRECTION('center_axis',(0.,0.,-1.));
#5485=DIRECTION('ref_axis',(0.294719101123596,0.955583932175976,0.));
#5486=DIRECTION('',(2.16489014058873E-16,0.707106781186548,-0.707106781186547));
#5487=DIRECTION('center_axis',(-1.,0.,-3.06161699786838E-16));
#5488=DIRECTION('ref_axis',(3.06161699786838E-16,0.,-1.));
#5489=DIRECTION('',(0.,1.,0.));
#5490=DIRECTION('',(-3.06161699786838E-16,0.,1.));
#5491=DIRECTION('',(0.,-1.,0.));
#5492=DIRECTION('center_axis',(-0.752825362088509,0.,-0.65822030825272));
#5493=DIRECTION('ref_axis',(0.65822030825272,0.,-0.752825362088509));
#5494=DIRECTION('',(-0.65822030825272,0.,0.752825362088509));
#5495=DIRECTION('center_axis',(0.,0.,1.));
#5496=DIRECTION('ref_axis',(1.,0.,0.));
#5497=DIRECTION('',(0.,1.,0.));
#5498=DIRECTION('center_axis',(0.,0.,-1.));
#5499=DIRECTION('ref_axis',(-7.45057928316013E-8,0.999999999999997,0.));
#5500=DIRECTION('',(1.,0.,0.));
#5501=DIRECTION('center_axis',(0.,-1.,0.));
#5502=DIRECTION('ref_axis',(1.,0.,0.));
#5503=DIRECTION('',(0.,0.,1.));
#5504=DIRECTION('',(1.,0.,0.));
#5505=DIRECTION('center_axis',(-1.,0.,0.));
#5506=DIRECTION('ref_axis',(0.,-1.,0.));
#5507=DIRECTION('',(0.,0.,1.));
#5508=DIRECTION('',(0.,-1.,0.));
#5509=DIRECTION('center_axis',(0.,0.,1.));
#5510=DIRECTION('ref_axis',(-7.45057928316013E-8,0.999999999999997,0.));
#5511=DIRECTION('',(0.,0.,1.));
#5512=DIRECTION('center_axis',(0.,0.,1.));
#5513=DIRECTION('ref_axis',(-7.45057928316013E-8,0.999999999999997,0.));
#5514=DIRECTION('center_axis',(0.,0.,1.));
#5515=DIRECTION('ref_axis',(1.,0.,0.));
#5516=DIRECTION('center_axis',(0.,0.,1.));
#5517=DIRECTION('ref_axis',(0.,-1.,0.));
#5518=DIRECTION('',(1.,0.,0.));
#5519=DIRECTION('',(-1.,0.,0.));
#5520=DIRECTION('center_axis',(0.,0.,-1.));
#5521=DIRECTION('ref_axis',(1.,0.,0.));
#5522=DIRECTION('center_axis',(0.,0.,-1.));
#5523=DIRECTION('ref_axis',(1.,0.,0.));
#5524=DIRECTION('center_axis',(0.,-1.,0.));
#5525=DIRECTION('ref_axis',(1.,0.,0.));
#5526=DIRECTION('',(0.,0.,1.));
#5527=DIRECTION('',(1.,0.,0.));
#5528=DIRECTION('center_axis',(0.,0.,1.));
#5529=DIRECTION('ref_axis',(0.,-1.,0.));
#5530=DIRECTION('',(0.,0.,1.));
#5531=DIRECTION('center_axis',(0.,0.,1.));
#5532=DIRECTION('ref_axis',(0.,-1.,0.));
#5533=DIRECTION('center_axis',(0.,0.,1.));
#5534=DIRECTION('ref_axis',(1.,0.,0.));
#5535=DIRECTION('center_axis',(0.,0.,-1.));
#5536=DIRECTION('ref_axis',(1.,0.,0.));
#5537=DIRECTION('',(0.,0.,-1.));
#5538=DIRECTION('center_axis',(0.,0.,1.));
#5539=DIRECTION('ref_axis',(1.,0.,0.));
#5540=DIRECTION('center_axis',(0.,0.,-1.));
#5541=DIRECTION('ref_axis',(1.,0.,0.));
#5542=DIRECTION('',(0.,0.,-1.));
#5543=DIRECTION('center_axis',(0.,0.,1.));
#5544=DIRECTION('ref_axis',(1.,0.,0.));
#5545=DIRECTION('center_axis',(0.,0.,-1.));
#5546=DIRECTION('ref_axis',(-7.45057928316013E-8,0.999999999999997,0.));
#5547=DIRECTION('',(0.,1.,0.));
#5548=DIRECTION('center_axis',(1.,0.,0.));
#5549=DIRECTION('ref_axis',(0.,1.,0.));
#5550=DIRECTION('',(0.,0.,1.));
#5551=DIRECTION('center_axis',(0.,0.,1.));
#5552=DIRECTION('ref_axis',(-7.45057928316013E-8,0.999999999999997,0.));
#5553=DIRECTION('center_axis',(0.,-1.,0.));
#5554=DIRECTION('ref_axis',(1.,0.,0.));
#5555=DIRECTION('',(0.,0.,1.));
#5556=DIRECTION('',(1.,0.,0.));
#5557=DIRECTION('',(-3.34781690215711E-15,4.7389498439302E-30,-1.));
#5558=DIRECTION('',(1.,0.,-3.34781690215711E-15));
#5559=DIRECTION('',(1.03761305276299E-15,3.33086767653911E-16,-1.));
#5560=DIRECTION('',(-0.939692620785909,-0.342020143325668,-8.11403956769101E-16));
#5561=DIRECTION('',(-4.13242040378883E-17,2.93213777086698E-15,1.));
#5562=DIRECTION('',(-1.,4.81559236931161E-15,1.38777878078145E-15));
#5563=CARTESIAN_POINT('',(0.,0.,0.));
#5564=CARTESIAN_POINT('',(0.,0.,0.));
#5565=CARTESIAN_POINT('Origin',(0.,0.,6.45));
#5566=CARTESIAN_POINT('',(14.9,1.82472373072956E-15,4.));
#5567=CARTESIAN_POINT('Origin',(0.,0.,4.));
#5568=CARTESIAN_POINT('',(10.,1.22464679914735E-15,8.9));
#5569=CARTESIAN_POINT('',(12.45,-1.52468526493846E-15,6.45));
#5570=CARTESIAN_POINT('Origin',(0.,0.,8.9));
#5571=CARTESIAN_POINT('Origin',(0.,0.,4.));
#5572=CARTESIAN_POINT('',(30.0000000000237,6.00000000000075,4.));
#5573=CARTESIAN_POINT('',(24.000000000024,6.00000000002463,4.));
#5574=CARTESIAN_POINT('',(30.0000000000237,6.00000000000075,4.));
#5575=CARTESIAN_POINT('',(24.0000000001074,26.8328157299016,4.));
#5576=CARTESIAN_POINT('',(24.,2.40194768055811E-11,4.));
#5577=CARTESIAN_POINT('',(1.66533453693773E-15,36.,4.));
#5578=CARTESIAN_POINT('Origin',(0.,0.,4.));
#5579=CARTESIAN_POINT('',(-6.,30.000000000024,4.));
#5580=CARTESIAN_POINT('Origin',(0.,30.,4.));
#5581=CARTESIAN_POINT('',(-6.00000000002402,24.000000000024,4.));
#5582=CARTESIAN_POINT('',(-6.,30.000000000024,4.));
#5583=CARTESIAN_POINT('',(-26.8328157299014,24.0000000001074,4.));
#5584=CARTESIAN_POINT('',(-2.4023885534058E-11,24.,4.));
#5585=CARTESIAN_POINT('',(-36.,-4.44089209850063E-15,4.));
#5586=CARTESIAN_POINT('Origin',(0.,0.,4.));
#5587=CARTESIAN_POINT('',(-30.0000000000241,-5.99999999999998,4.));
#5588=CARTESIAN_POINT('Origin',(-30.,-6.66133814775094E-15,4.));
#5589=CARTESIAN_POINT('',(-24.000000000024,-6.00000000002463,4.));
#5590=CARTESIAN_POINT('',(-30.0000000000241,-5.99999999999998,4.));
#5591=CARTESIAN_POINT('',(-24.0000000001074,-26.8328157299016,4.));
#5592=CARTESIAN_POINT('',(-24.,-2.4022415957899E-11,4.));
#5593=CARTESIAN_POINT('',(5.55111512312578E-16,-36.,4.));
#5594=CARTESIAN_POINT('Origin',(0.,0.,4.));
#5595=CARTESIAN_POINT('',(6.00000000000075,-30.0000000000237,4.));
#5596=CARTESIAN_POINT('Origin',(-3.67394039744206E-15,-30.,4.));
#5597=CARTESIAN_POINT('',(6.00000000002463,-24.000000000024,4.));
#5598=CARTESIAN_POINT('',(6.00000000000075,-30.0000000000237,4.));
#5599=CARTESIAN_POINT('',(26.8328157299016,-24.0000000001074,4.));
#5600=CARTESIAN_POINT('',(2.40209463817401E-11,-24.,4.));
#5601=CARTESIAN_POINT('',(36.,-4.44089209850063E-15,4.));
#5602=CARTESIAN_POINT('Origin',(0.,0.,4.));
#5603=CARTESIAN_POINT('Origin',(30.,-6.66133814775094E-15,4.));
#5604=CARTESIAN_POINT('',(-32.,-8.88178419700125E-15,4.));
#5605=CARTESIAN_POINT('Origin',(-30.,-6.66133814775094E-15,4.));
#5606=CARTESIAN_POINT('',(-2.,-30.,4.));
#5607=CARTESIAN_POINT('Origin',(-3.67394039744206E-15,-30.,4.));
#5608=CARTESIAN_POINT('',(28.,-8.88178419700125E-15,4.));
#5609=CARTESIAN_POINT('Origin',(30.,-6.66133814775094E-15,4.));
#5610=CARTESIAN_POINT('',(-2.,30.,4.));
#5611=CARTESIAN_POINT('Origin',(0.,30.,4.));
#5612=CARTESIAN_POINT('Origin',(-6.77731139491153E-16,-7.,8.9));
#5613=CARTESIAN_POINT('',(1.6,-7.,8.9));
#5614=CARTESIAN_POINT('Origin',(-6.77731139491153E-16,-7.,8.9));
#5615=CARTESIAN_POINT('',(1.6,-7.,-4.));
#5616=CARTESIAN_POINT('',(1.6,-7.,8.9));
#5617=CARTESIAN_POINT('Origin',(-6.77731139491153E-16,-7.,-4.));
#5618=CARTESIAN_POINT('Origin',(-7.,-1.01659670923673E-15,8.9));
#5619=CARTESIAN_POINT('',(-5.4,-8.20653221373153E-16,8.9));
#5620=CARTESIAN_POINT('Origin',(-7.,-1.01659670923673E-15,8.9));
#5621=CARTESIAN_POINT('',(-5.4,-8.20653221373153E-16,-4.));
#5622=CARTESIAN_POINT('',(-5.4,-1.21254019710031E-15,8.9));
#5623=CARTESIAN_POINT('Origin',(-7.,-1.01659670923673E-15,-4.));
#5624=CARTESIAN_POINT('Origin',(0.,0.,8.9));
#5625=CARTESIAN_POINT('',(1.6,1.95943487863577E-16,8.9));
#5626=CARTESIAN_POINT('Origin',(0.,0.,8.9));
#5627=CARTESIAN_POINT('',(1.6,1.95943487863577E-16,-4.));
#5628=CARTESIAN_POINT('',(1.6,-1.95943487863577E-16,8.9));
#5629=CARTESIAN_POINT('Origin',(0.,0.,-4.));
#5630=CARTESIAN_POINT('Origin',(0.,7.,8.9));
#5631=CARTESIAN_POINT('',(1.6,7.,8.9));
#5632=CARTESIAN_POINT('Origin',(0.,7.,8.9));
#5633=CARTESIAN_POINT('',(1.6,7.,-4.));
#5634=CARTESIAN_POINT('',(1.6,7.,8.9));
#5635=CARTESIAN_POINT('Origin',(0.,7.,-4.));
#5636=CARTESIAN_POINT('Origin',(7.,-1.01659670923673E-15,8.9));
#5637=CARTESIAN_POINT('',(8.6,-8.20653221373153E-16,8.9));
#5638=CARTESIAN_POINT('Origin',(7.,-1.01659670923673E-15,8.9));
#5639=CARTESIAN_POINT('',(8.6,-8.20653221373153E-16,-4.));
#5640=CARTESIAN_POINT('',(8.6,-1.21254019710031E-15,8.9));
#5641=CARTESIAN_POINT('Origin',(7.,-1.01659670923673E-15,-4.));
#5642=CARTESIAN_POINT('Origin',(0.,0.,8.9));
#5643=CARTESIAN_POINT('Origin',(0.,0.,-4.));
#5644=CARTESIAN_POINT('',(24.000000000024,6.00000000002463,-4.));
#5645=CARTESIAN_POINT('',(30.0000000000237,6.00000000000075,-4.));
#5646=CARTESIAN_POINT('',(30.0000000000237,6.00000000000075,-4.));
#5647=CARTESIAN_POINT('',(36.,-4.44089209850063E-15,-4.));
#5648=CARTESIAN_POINT('Origin',(30.,-6.66133814775094E-15,-4.));
#5649=CARTESIAN_POINT('',(26.8328157299016,-24.0000000001074,-4.));
#5650=CARTESIAN_POINT('Origin',(0.,0.,-4.));
#5651=CARTESIAN_POINT('',(6.00000000002463,-24.000000000024,-4.));
#5652=CARTESIAN_POINT('',(2.40209463817401E-11,-24.,-4.));
#5653=CARTESIAN_POINT('',(6.00000000000075,-30.0000000000237,-4.));
#5654=CARTESIAN_POINT('',(6.00000000000075,-30.0000000000237,-4.));
#5655=CARTESIAN_POINT('',(5.55111512312578E-16,-36.,-4.));
#5656=CARTESIAN_POINT('Origin',(-3.67394039744206E-15,-30.,-4.));
#5657=CARTESIAN_POINT('',(-24.0000000001074,-26.8328157299016,-4.));
#5658=CARTESIAN_POINT('Origin',(0.,0.,-4.));
#5659=CARTESIAN_POINT('',(-24.000000000024,-6.00000000002463,-4.));
#5660=CARTESIAN_POINT('',(-24.,-2.4022415957899E-11,-4.));
#5661=CARTESIAN_POINT('',(-30.0000000000241,-5.99999999999998,-4.));
#5662=CARTESIAN_POINT('',(-30.0000000000241,-5.99999999999998,-4.));
#5663=CARTESIAN_POINT('',(-36.,-4.44089209850063E-15,-4.));
#5664=CARTESIAN_POINT('Origin',(-30.,-6.66133814775094E-15,-4.));
#5665=CARTESIAN_POINT('',(-26.8328157299014,24.0000000001074,-4.));
#5666=CARTESIAN_POINT('Origin',(0.,0.,-4.));
#5667=CARTESIAN_POINT('',(-6.00000000002402,24.000000000024,-4.));
#5668=CARTESIAN_POINT('',(-2.4023885534058E-11,24.,-4.));
#5669=CARTESIAN_POINT('',(-6.,30.000000000024,-4.));
#5670=CARTESIAN_POINT('',(-6.,30.000000000024,-4.));
#5671=CARTESIAN_POINT('',(1.66533453693773E-15,36.,-4.));
#5672=CARTESIAN_POINT('Origin',(0.,30.,-4.));
#5673=CARTESIAN_POINT('',(24.0000000001074,26.8328157299016,-4.));
#5674=CARTESIAN_POINT('Origin',(0.,0.,-4.));
#5675=CARTESIAN_POINT('',(24.,2.40194768055811E-11,-4.));
#5676=CARTESIAN_POINT('',(-2.,30.,-4.));
#5677=CARTESIAN_POINT('Origin',(0.,30.,-4.));
#5678=CARTESIAN_POINT('',(28.,-8.88178419700125E-15,-4.));
#5679=CARTESIAN_POINT('Origin',(30.,-6.66133814775094E-15,-4.));
#5680=CARTESIAN_POINT('',(-2.,-30.,-4.));
#5681=CARTESIAN_POINT('Origin',(-3.67394039744206E-15,-30.,-4.));
#5682=CARTESIAN_POINT('',(-32.,-8.88178419700125E-15,-4.));
#5683=CARTESIAN_POINT('Origin',(-30.,-6.66133814775094E-15,-4.));
#5684=CARTESIAN_POINT('Origin',(-30.,-6.66133814775094E-15,0.));
#5685=CARTESIAN_POINT('',(-32.,-6.90626750758041E-15,0.));
#5686=CARTESIAN_POINT('Origin',(-3.67394039744206E-15,-30.,0.));
#5687=CARTESIAN_POINT('',(-2.,-30.,0.));
#5688=CARTESIAN_POINT('Origin',(30.,-6.66133814775094E-15,0.));
#5689=CARTESIAN_POINT('',(28.,-6.90626750758041E-15,0.));
#5690=CARTESIAN_POINT('Origin',(0.,30.,0.));
#5691=CARTESIAN_POINT('',(-2.,30.,0.));
#5692=CARTESIAN_POINT('Origin',(30.,-6.66133814775094E-15,0.));
#5693=CARTESIAN_POINT('',(30.0000000000237,6.00000000000075,0.));
#5694=CARTESIAN_POINT('',(36.,-6.66133814775094E-15,0.));
#5695=CARTESIAN_POINT('Origin',(0.,0.,0.));
#5696=CARTESIAN_POINT('',(26.8328157299016,-24.0000000001074,0.));
#5697=CARTESIAN_POINT('Origin',(6.00000000002463,-24.000000000024,0.));
#5698=CARTESIAN_POINT('',(6.00000000002463,-24.000000000024,0.));
#5699=CARTESIAN_POINT('Origin',(6.00000000000075,-30.0000000000237,0.));
#5700=CARTESIAN_POINT('',(6.00000000000075,-30.0000000000237,0.));
#5701=CARTESIAN_POINT('Origin',(-3.67394039744206E-15,-30.,0.));
#5702=CARTESIAN_POINT('',(5.52948001526075E-16,-36.,0.));
#5703=CARTESIAN_POINT('Origin',(0.,0.,0.));
#5704=CARTESIAN_POINT('',(-24.0000000001074,-26.8328157299016,0.));
#5705=CARTESIAN_POINT('Origin',(-24.000000000024,-6.00000000002463,0.));
#5706=CARTESIAN_POINT('',(-24.000000000024,-6.00000000002463,0.));
#5707=CARTESIAN_POINT('Origin',(-30.0000000000241,-5.99999999999998,0.));
#5708=CARTESIAN_POINT('',(-30.0000000000241,-5.99999999999998,0.));
#5709=CARTESIAN_POINT('Origin',(-30.,-6.66133814775094E-15,0.));
#5710=CARTESIAN_POINT('',(-36.,-5.92655006826253E-15,0.));
#5711=CARTESIAN_POINT('Origin',(0.,0.,0.));
#5712=CARTESIAN_POINT('',(-26.8328157299014,24.0000000001074,0.));
#5713=CARTESIAN_POINT('Origin',(-6.00000000002402,24.000000000024,0.));
#5714=CARTESIAN_POINT('',(-6.00000000002402,24.000000000024,0.));
#5715=CARTESIAN_POINT('Origin',(-6.,30.000000000024,0.));
#5716=CARTESIAN_POINT('',(-6.,30.000000000024,0.));
#5717=CARTESIAN_POINT('Origin',(0.,30.,0.));
#5718=CARTESIAN_POINT('',(1.69966166929439E-15,36.,0.));
#5719=CARTESIAN_POINT('Origin',(0.,0.,0.));
#5720=CARTESIAN_POINT('',(24.0000000001074,26.8328157299016,0.));
#5721=CARTESIAN_POINT('Origin',(24.000000000024,6.00000000002463,0.));
#5722=CARTESIAN_POINT('',(24.000000000024,6.00000000002463,0.));
#5723=CARTESIAN_POINT('Origin',(30.0000000000237,6.00000000000075,0.));
#5724=CARTESIAN_POINT('',(0.,0.,0.));
#5725=CARTESIAN_POINT('Origin',(1.11022302462516E-15,-4.27239199200323,
-16.));
#5726=CARTESIAN_POINT('',(1.0180505309883E-15,-4.27239199200323,-16.));
#5727=CARTESIAN_POINT('',(3.7,-2.13619599600161,-16.));
#5728=CARTESIAN_POINT('',(5.54519052838329,-1.07087474773337,-16.));
#5729=CARTESIAN_POINT('',(1.11022302462516E-15,-4.27239199200323,-11.));
#5730=CARTESIAN_POINT('',(1.0180505309883E-15,-4.27239199200323,-16.));
#5731=CARTESIAN_POINT('',(3.7,-2.13619599600161,-11.));
#5732=CARTESIAN_POINT('',(3.7,-2.13619599600161,-11.));
#5733=CARTESIAN_POINT('',(3.7,-2.13619599600161,-16.));
#5734=CARTESIAN_POINT('Origin',(-3.7,-2.13619599600162,-16.));
#5735=CARTESIAN_POINT('',(-3.7,-2.13619599600162,-16.));
#5736=CARTESIAN_POINT('',(-11.1451905283833,2.16228675972852,-16.));
#5737=CARTESIAN_POINT('',(-3.7,-2.13619599600161,-11.));
#5738=CARTESIAN_POINT('',(-3.7,-2.13619599600162,-16.));
#5739=CARTESIAN_POINT('',(1.0180505309883E-15,-4.27239199200323,-11.));
#5740=CARTESIAN_POINT('Origin',(-3.7,2.13619599600161,-16.));
#5741=CARTESIAN_POINT('',(-3.7,2.13619599600161,-16.));
#5742=CARTESIAN_POINT('',(-3.7,16.0680979980008,-16.));
#5743=CARTESIAN_POINT('',(-3.7,2.13619599600162,-11.));
#5744=CARTESIAN_POINT('',(-3.7,2.13619599600161,-16.));
#5745=CARTESIAN_POINT('',(-3.7,-2.13619599600161,-11.));
#5746=CARTESIAN_POINT('Origin',(-2.22044604925031E-15,4.27239199200323,
-16.));
#5747=CARTESIAN_POINT('',(-2.25514051876985E-15,4.27239199200323,-16.));
#5748=CARTESIAN_POINT('',(3.69519052838329,6.40581123827229,-16.));
#5749=CARTESIAN_POINT('',(-2.22044604925031E-15,4.27239199200324,-11.));
#5750=CARTESIAN_POINT('',(-2.25514051876985E-15,4.27239199200323,-16.));
#5751=CARTESIAN_POINT('',(-3.7,2.13619599600162,-11.));
#5752=CARTESIAN_POINT('Origin',(3.7,2.13619599600162,-16.));
#5753=CARTESIAN_POINT('',(3.7,2.13619599600162,-16.));
#5754=CARTESIAN_POINT('',(-5.59519052838329,7.50277674973256,-16.));
#5755=CARTESIAN_POINT('',(3.7,2.13619599600162,-11.));
#5756=CARTESIAN_POINT('',(3.7,2.13619599600162,-16.));
#5757=CARTESIAN_POINT('',(-2.25514051876985E-15,4.27239199200324,-11.));
#5758=CARTESIAN_POINT('Origin',(3.7,-2.13619599600161,-16.));
#5759=CARTESIAN_POINT('',(3.7,13.9319020019992,-16.));
#5760=CARTESIAN_POINT('',(3.7,2.13619599600162,-11.));
#5761=CARTESIAN_POINT('Origin',(0.,3.98094255972738E-15,-11.));
#5762=CARTESIAN_POINT('',(-2.1,3.68300687523575E-15,-11.));
#5763=CARTESIAN_POINT('Origin',(0.,0.,-11.));
#5764=CARTESIAN_POINT('Origin',(0.,-9.07210814407984E-16,10.7));
#5765=CARTESIAN_POINT('',(-2.1,-2.57175827820944E-16,9.39999999999999));
#5766=CARTESIAN_POINT('',(2.09999999999999,2.57175827820948E-16,9.4));
#5767=CARTESIAN_POINT('Origin',(0.,0.,9.39999999999999));
#5768=CARTESIAN_POINT('',(4.7,-1.23883763321671E-15,12.));
#5769=CARTESIAN_POINT('',(3.4,-4.90830902697884E-16,10.7));
#5770=CARTESIAN_POINT('Origin',(0.,-1.81442162881597E-15,12.));
#5771=CARTESIAN_POINT('Origin',(0.,0.,9.39999999999999));
#5772=CARTESIAN_POINT('Origin',(0.,2.,12.));
#5773=CARTESIAN_POINT('',(-5.,2.72797657479325E-15,12.));
#5774=CARTESIAN_POINT('',(-5.,8.99999999999999,12.));
#5775=CARTESIAN_POINT('',(-5.,33.5,12.));
#5776=CARTESIAN_POINT('',(5.,2.72797657479325E-15,12.));
#5777=CARTESIAN_POINT('Origin',(0.,0.,12.));
#5778=CARTESIAN_POINT('',(5.,8.99999999999999,12.));
#5779=CARTESIAN_POINT('',(5.,0.99999999999999,12.));
#5780=CARTESIAN_POINT('',(-5.,8.99999999999999,12.));
#5781=CARTESIAN_POINT('Origin',(0.,0.,0.));
#5782=CARTESIAN_POINT('',(-2.1,2.57175827820944E-16,5.00000000000001));
#5783=CARTESIAN_POINT('Origin',(0.,0.,5.00000000000001));
#5784=CARTESIAN_POINT('',(-2.1,-2.57175827820944E-16,0.));
#5785=CARTESIAN_POINT('Origin',(-5.,8.99999999999999,16.));
#5786=CARTESIAN_POINT('',(-5.,8.99999999999999,16.));
#5787=CARTESIAN_POINT('',(5.,8.99999999999999,16.));
#5788=CARTESIAN_POINT('',(-5.,8.99999999999999,16.));
#5789=CARTESIAN_POINT('',(-5.,8.99999999999999,7.99999999999998));
#5790=CARTESIAN_POINT('',(5.,8.99999999999999,8.));
#5791=CARTESIAN_POINT('Origin',(0.,0.,0.));
#5792=CARTESIAN_POINT('',(-5.,0.,5.));
#5793=CARTESIAN_POINT('',(-5.,0.,0.));
#5794=CARTESIAN_POINT('',(5.,-8.88178419700125E-15,5.));
#5795=CARTESIAN_POINT('Origin',(0.,0.,5.00000000000001));
#5796=CARTESIAN_POINT('',(5.,-8.88178419700125E-15,0.));
#5797=CARTESIAN_POINT('Origin',(-5.,65.,0.));
#5798=CARTESIAN_POINT('',(-5.,31.,16.));
#5799=CARTESIAN_POINT('',(-5.,30.,16.));
#5800=CARTESIAN_POINT('',(-5.,31.,24.));
#5801=CARTESIAN_POINT('',(-5.,31.,7.99999999999999));
#5802=CARTESIAN_POINT('',(-5.,65.,24.));
#5803=CARTESIAN_POINT('',(-5.,0.,24.));
#5804=CARTESIAN_POINT('',(-5.,65.,17.));
#5805=CARTESIAN_POINT('',(-5.,65.,0.));
#5806=CARTESIAN_POINT('',(-5.,44.,17.));
#5807=CARTESIAN_POINT('',(-5.,67.5,17.));
#5808=CARTESIAN_POINT('',(-5.,44.,-17.));
#5809=CARTESIAN_POINT('',(-5.,44.,8.5));
#5810=CARTESIAN_POINT('',(-5.,65.,-17.));
#5811=CARTESIAN_POINT('',(-5.,55.,-17.));
#5812=CARTESIAN_POINT('',(-5.,65.,-24.));
#5813=CARTESIAN_POINT('',(-5.,65.,0.));
#5814=CARTESIAN_POINT('',(-5.,31.,-24.));
#5815=CARTESIAN_POINT('',(-5.,0.,-24.));
#5816=CARTESIAN_POINT('',(-5.,31.,-16.));
#5817=CARTESIAN_POINT('',(-5.,31.,-12.));
#5818=CARTESIAN_POINT('',(-5.,0.,-16.));
#5819=CARTESIAN_POINT('',(-5.,47.5,-16.));
#5820=CARTESIAN_POINT('',(-5.,0.,-5.));
#5821=CARTESIAN_POINT('',(-5.,0.,0.));
#5822=CARTESIAN_POINT('',(-5.,10.,-5.));
#5823=CARTESIAN_POINT('',(-5.,30.,-5.00000000000001));
#5824=CARTESIAN_POINT('',(-5.,10.,5.00000000000001));
#5825=CARTESIAN_POINT('',(-5.,10.,-2.5));
#5826=CARTESIAN_POINT('',(-5.,37.,5.00000000000002));
#5827=CARTESIAN_POINT('Origin',(-4.5,9.5,-2.5));
#5828=CARTESIAN_POINT('',(-4.,9.,-5.));
#5829=CARTESIAN_POINT('',(-0.999999999999998,5.99999999999999,-5.));
#5830=CARTESIAN_POINT('',(-4.,9.,5.00000000000001));
#5831=CARTESIAN_POINT('',(-4.,9.,-2.5));
#5832=CARTESIAN_POINT('',(-4.5,9.5,5.00000000000001));
#5833=CARTESIAN_POINT('Origin',(-5.,9.,-5.));
#5834=CARTESIAN_POINT('',(4.,9.,-5.));
#5835=CARTESIAN_POINT('',(-5.,9.,-5.));
#5836=CARTESIAN_POINT('',(4.,9.,5.00000000000001));
#5837=CARTESIAN_POINT('',(4.,9.,-2.5));
#5838=CARTESIAN_POINT('',(-5.,9.,5.00000000000001));
#5839=CARTESIAN_POINT('Origin',(4.5,9.5,-2.5));
#5840=CARTESIAN_POINT('',(5.,10.,5.00000000000001));
#5841=CARTESIAN_POINT('',(2.,7.,5.00000000000001));
#5842=CARTESIAN_POINT('',(5.,10.,-5.));
#5843=CARTESIAN_POINT('',(-1.5,3.5,-5.));
#5844=CARTESIAN_POINT('',(5.,10.,-2.5));
#5845=CARTESIAN_POINT('Origin',(4.5,30.5,8.00000000000001));
#5846=CARTESIAN_POINT('',(5.,31.,24.));
#5847=CARTESIAN_POINT('',(4.,30.,24.));
#5848=CARTESIAN_POINT('',(3.875,29.875,24.));
#5849=CARTESIAN_POINT('',(4.,30.,16.));
#5850=CARTESIAN_POINT('',(4.,30.,8.00000000000001));
#5851=CARTESIAN_POINT('',(5.,31.,16.));
#5852=CARTESIAN_POINT('',(-6.75000000000001,19.25,16.));
#5853=CARTESIAN_POINT('',(5.,31.,8.00000000000001));
#5854=CARTESIAN_POINT('Origin',(5.,-8.88178419700125E-15,0.));
#5855=CARTESIAN_POINT('',(5.,4.49999999999999,5.));
#5856=CARTESIAN_POINT('',(5.,-8.88178419700125E-15,-5.));
#5857=CARTESIAN_POINT('',(5.,-2.5,-5.));
#5858=CARTESIAN_POINT('',(5.,-8.88178419700125E-15,-16.));
#5859=CARTESIAN_POINT('',(5.,-8.88178419700125E-15,0.));
#5860=CARTESIAN_POINT('',(5.,31.,-16.));
#5861=CARTESIAN_POINT('',(5.,15.,-16.));
#5862=CARTESIAN_POINT('',(5.,31.,-24.));
#5863=CARTESIAN_POINT('',(5.,31.,-12.));
#5864=CARTESIAN_POINT('',(5.,65.,-24.));
#5865=CARTESIAN_POINT('',(5.,65.,-24.));
#5866=CARTESIAN_POINT('',(5.,65.,-17.));
#5867=CARTESIAN_POINT('',(5.,65.,0.));
#5868=CARTESIAN_POINT('',(5.,44.,-17.));
#5869=CARTESIAN_POINT('',(5.,22.5,-16.9999999999999));
#5870=CARTESIAN_POINT('',(5.,44.,17.));
#5871=CARTESIAN_POINT('',(5.,44.,8.5));
#5872=CARTESIAN_POINT('',(5.,65.,17.));
#5873=CARTESIAN_POINT('',(5.,35.,17.));
#5874=CARTESIAN_POINT('',(5.,65.,24.));
#5875=CARTESIAN_POINT('',(5.,65.,0.));
#5876=CARTESIAN_POINT('',(5.,65.,24.));
#5877=CARTESIAN_POINT('',(5.,-2.50000000000001,16.));
#5878=CARTESIAN_POINT('Origin',(-4.5,30.5,7.99999999999999));
#5879=CARTESIAN_POINT('',(-4.,30.,24.));
#5880=CARTESIAN_POINT('',(-3.875,29.875,24.));
#5881=CARTESIAN_POINT('',(-4.,30.,16.));
#5882=CARTESIAN_POINT('',(4.25,21.75,16.));
#5883=CARTESIAN_POINT('',(-4.,30.,7.99999999999999));
#5884=CARTESIAN_POINT('Origin',(-5.,30.,16.));
#5885=CARTESIAN_POINT('',(-2.5,30.,24.));
#5886=CARTESIAN_POINT('',(-5.,30.,16.));
#5887=CARTESIAN_POINT('Origin',(4.5,30.5,-12.));
#5888=CARTESIAN_POINT('',(4.,30.,-24.));
#5889=CARTESIAN_POINT('',(3.87500000000001,29.875,-24.));
#5890=CARTESIAN_POINT('',(4.,30.,-16.));
#5891=CARTESIAN_POINT('',(2.00000000000001,28.,-16.));
#5892=CARTESIAN_POINT('',(4.,30.,-12.));
#5893=CARTESIAN_POINT('Origin',(0.,32.5,-24.));
#5894=CARTESIAN_POINT('',(-4.,30.,-24.));
#5895=CARTESIAN_POINT('',(-2.5,30.,-24.));
#5896=CARTESIAN_POINT('',(-3.87500000000001,29.875,-24.));
#5897=CARTESIAN_POINT('Origin',(0.,65.,-24.));
#5898=CARTESIAN_POINT('',(-2.1,65.,-24.));
#5899=CARTESIAN_POINT('Origin',(0.,65.,-24.));
#5900=CARTESIAN_POINT('Origin',(-5.,30.,-24.));
#5901=CARTESIAN_POINT('',(-4.,30.,-16.));
#5902=CARTESIAN_POINT('',(-5.,30.,-16.));
#5903=CARTESIAN_POINT('',(-4.,30.,-12.));
#5904=CARTESIAN_POINT('Origin',(-4.5,30.5,-12.));
#5905=CARTESIAN_POINT('',(-4.5,30.5,-16.));
#5906=CARTESIAN_POINT('Origin',(4.5,44.5,8.5));
#5907=CARTESIAN_POINT('',(4.,45.,-17.));
#5908=CARTESIAN_POINT('',(2.,47.,-17.));
#5909=CARTESIAN_POINT('',(4.,45.,17.));
#5910=CARTESIAN_POINT('',(4.,45.,8.5));
#5911=CARTESIAN_POINT('',(-4.25000000000001,53.25,17.));
#5912=CARTESIAN_POINT('Origin',(-5.,45.,17.));
#5913=CARTESIAN_POINT('',(-4.,45.,-17.));
#5914=CARTESIAN_POINT('',(-5.,45.,-17.));
#5915=CARTESIAN_POINT('',(-4.,45.,17.));
#5916=CARTESIAN_POINT('',(-4.,45.,8.5));
#5917=CARTESIAN_POINT('',(-5.,45.,17.));
#5918=CARTESIAN_POINT('Origin',(-4.5,44.5,8.5));
#5919=CARTESIAN_POINT('',(1.75,50.75,17.));
#5920=CARTESIAN_POINT('',(-4.50000000000001,44.5,-17.));
#5921=CARTESIAN_POINT('Origin',(-5.,70.,17.));
#5922=CARTESIAN_POINT('Origin',(0.,65.,17.));
#5923=CARTESIAN_POINT('',(-2.1,65.,17.));
#5924=CARTESIAN_POINT('Origin',(0.,65.,17.));
#5925=CARTESIAN_POINT('Origin',(-5.,45.,-17.));
#5926=CARTESIAN_POINT('Origin',(0.,65.,-17.));
#5927=CARTESIAN_POINT('',(-2.1,65.,-17.));
#5928=CARTESIAN_POINT('Origin',(0.,65.,-17.));
#5929=CARTESIAN_POINT('Origin',(-5.,30.,-16.));
#5930=CARTESIAN_POINT('Origin',(0.,0.,-16.));
#5931=CARTESIAN_POINT('Origin',(-5.,-5.,16.));
#5932=CARTESIAN_POINT('Origin',(-5.,9.,5.00000000000001));
#5933=CARTESIAN_POINT('Origin',(-5.,-5.,-5.));
#5934=CARTESIAN_POINT('Origin',(0.,0.,-5.));
#5935=CARTESIAN_POINT('',(-2.1,-2.57175827820944E-16,-5.));
#5936=CARTESIAN_POINT('Origin',(0.,0.,-5.));
#5937=CARTESIAN_POINT('Origin',(0.,65.,0.));
#5938=CARTESIAN_POINT('Origin',(0.,65.,0.));
#5939=CARTESIAN_POINT('Origin',(0.,65.,24.));
#5940=CARTESIAN_POINT('Origin',(0.,32.5,24.));
#5941=CARTESIAN_POINT('',(-2.1,65.,24.));
#5942=CARTESIAN_POINT('Origin',(0.,65.,24.));
#5943=CARTESIAN_POINT('Origin',(0.,0.,0.));
#5944=CARTESIAN_POINT('Origin',(0.,65.,0.));
#5945=CARTESIAN_POINT('',(-2.1,65.,0.));
#5946=CARTESIAN_POINT('Origin',(0.,0.,0.));
#5947=CARTESIAN_POINT('',(-2.1,-2.57175827820944E-16,0.));
#5948=CARTESIAN_POINT('Origin',(0.,65.,0.));
#5949=CARTESIAN_POINT('',(-2.1,65.,0.));
#5950=CARTESIAN_POINT('',(0.,0.,0.));
#5951=CARTESIAN_POINT('Origin',(-5.17638090205043,19.3185165257814,-5.9));
#5952=CARTESIAN_POINT('',(-6.77638090205043,19.3185165257814,-4.8));
#5953=CARTESIAN_POINT('Origin',(-5.17638090205043,19.3185165257814,-4.8));
#5954=CARTESIAN_POINT('',(-8.97638090205043,19.3185165257814,-7.));
#5955=CARTESIAN_POINT('',(-7.87638090205043,19.3185165257814,-5.9));
#5956=CARTESIAN_POINT('Origin',(-5.17638090205043,19.3185165257814,-7.));
#5957=CARTESIAN_POINT('Origin',(-8.88178419700125E-15,0.,-7.));
#5958=CARTESIAN_POINT('',(-69.,-9.00000000000741,-7.));
#5959=CARTESIAN_POINT('',(-70.,-8.00000000000926,-7.));
#5960=CARTESIAN_POINT('',(-54.2499999999701,-23.7500000000102,-7.));
#5961=CARTESIAN_POINT('',(-70.,-1.77635683940025E-14,-7.));
#5962=CARTESIAN_POINT('',(-70.,-1.49880108324396E-14,-7.));
#5963=CARTESIAN_POINT('',(-67.5,4.33012701892218,-7.));
#5964=CARTESIAN_POINT('Origin',(-65.,-1.4432899320127E-14,-7.));
#5965=CARTESIAN_POINT('',(-36.5000000000036,22.2279853637985,-7.));
#5966=CARTESIAN_POINT('',(-67.5,4.33012701892218,-7.));
#5967=CARTESIAN_POINT('',(-35.0000000000036,24.8260615751568,-7.));
#5968=CARTESIAN_POINT('Origin',(-38.0000000000036,24.8260615751518,-7.));
#5969=CARTESIAN_POINT('',(-35.0000000000088,28.,-7.));
#5970=CARTESIAN_POINT('',(-35.0000000000007,23.0940107675846,-7.));
#5971=CARTESIAN_POINT('',(-34.0000000000104,29.,-7.));
#5972=CARTESIAN_POINT('',(-33.0000000000214,29.9999999999907,-7.));
#5973=CARTESIAN_POINT('',(-23.9999999999978,29.0000000000001,-7.));
#5974=CARTESIAN_POINT('',(-35.0000000000104,29.,-7.));
#5975=CARTESIAN_POINT('',(-8.99999999998231,55.4165300542849,-7.));
#5976=CARTESIAN_POINT('Origin',(4.99999999999999,30.,-7.));
#5977=CARTESIAN_POINT('',(-9.00000000000741,69.,-7.));
#5978=CARTESIAN_POINT('',(-9.00000000000926,70.,-7.));
#5979=CARTESIAN_POINT('',(-8.00000000000926,70.,-7.));
#5980=CARTESIAN_POINT('',(-23.7500000000102,54.2499999999701,-7.));
#5981=CARTESIAN_POINT('',(5.55111512312578E-16,70.,-7.));
#5982=CARTESIAN_POINT('',(5.55111512312578E-16,70.,-7.));
#5983=CARTESIAN_POINT('',(4.33012701892219,67.5,-7.));
#5984=CARTESIAN_POINT('Origin',(-6.16297582203915E-32,65.,-7.));
#5985=CARTESIAN_POINT('',(22.2279853638002,36.5000000000007,-7.));
#5986=CARTESIAN_POINT('',(4.33012701892219,67.5,-7.));
#5987=CARTESIAN_POINT('',(24.8260615751535,35.0000000000007,-7.));
#5988=CARTESIAN_POINT('Origin',(24.8260615751535,38.0000000000007,-7.));
#5989=CARTESIAN_POINT('',(28.,35.0000000000007,-7.));
#5990=CARTESIAN_POINT('',(23.0940107675846,35.0000000000007,-7.));
#5991=CARTESIAN_POINT('',(29.,34.0000000000007,-7.));
#5992=CARTESIAN_POINT('',(30.0000000000002,33.0000000000005,-7.));
#5993=CARTESIAN_POINT('',(29.,24.,-7.));
#5994=CARTESIAN_POINT('',(29.,35.0000000000007,-7.));
#5995=CARTESIAN_POINT('',(55.4165300542874,8.99999999998232,-7.));
#5996=CARTESIAN_POINT('Origin',(30.,-5.,-7.));
#5997=CARTESIAN_POINT('',(69.,9.0000000000074,-7.));
#5998=CARTESIAN_POINT('',(70.,9.00000000000925,-7.));
#5999=CARTESIAN_POINT('',(70.,8.00000000000925,-7.));
#6000=CARTESIAN_POINT('',(54.24999999997,23.7500000000102,-7.));
#6001=CARTESIAN_POINT('',(70.,-1.77635683940025E-14,-7.));
#6002=CARTESIAN_POINT('',(70.,-1.60982338570648E-14,-7.));
#6003=CARTESIAN_POINT('',(67.4999999999859,-4.33012701893034,-7.));
#6004=CARTESIAN_POINT('Origin',(65.,-1.4432899320127E-14,-7.));
#6005=CARTESIAN_POINT('',(36.500000000001,-22.2279853638002,-7.));
#6006=CARTESIAN_POINT('',(67.4999999999877,-4.33012701893339,-7.));
#6007=CARTESIAN_POINT('',(35.0000000000007,-24.8260615751537,-7.));
#6008=CARTESIAN_POINT('Origin',(38.0000000000007,-24.8260615751537,-7.));
#6009=CARTESIAN_POINT('',(35.0000000000007,-28.,-7.));
#6010=CARTESIAN_POINT('',(35.0000000000007,-23.0940107675846,-7.));
#6011=CARTESIAN_POINT('',(34.0000000000007,-29.,-7.));
#6012=CARTESIAN_POINT('',(33.0000000000006,-30.0000000000001,-7.));
#6013=CARTESIAN_POINT('',(24.,-29.,-7.));
#6014=CARTESIAN_POINT('',(35.0000000000007,-29.,-7.));
#6015=CARTESIAN_POINT('',(8.99999999998231,-55.4165300542689,-7.));
#6016=CARTESIAN_POINT('Origin',(-4.99999999999708,-29.9999999999839,-7.));
#6017=CARTESIAN_POINT('',(9.00000000000741,-69.,-7.));
#6018=CARTESIAN_POINT('',(9.00000000000925,-70.,-7.));
#6019=CARTESIAN_POINT('',(8.00000000000926,-70.,-7.));
#6020=CARTESIAN_POINT('',(23.7500000000102,-54.24999999997,-7.));
#6021=CARTESIAN_POINT('',(-9.15933995315754E-15,-70.,-7.));
#6022=CARTESIAN_POINT('',(-9.12763910634405E-15,-70.,-7.));
#6023=CARTESIAN_POINT('',(-4.33012701893046,-67.4999999999857,-7.));
#6024=CARTESIAN_POINT('Origin',(-7.9602041944578E-15,-65.,-7.));
#6025=CARTESIAN_POINT('',(-22.2279853638002,-36.500000000001,-7.));
#6026=CARTESIAN_POINT('',(-4.3301270189339,-67.4999999999877,-7.));
#6027=CARTESIAN_POINT('',(-24.8260615751537,-35.0000000000007,-7.));
#6028=CARTESIAN_POINT('Origin',(-24.8260615751537,-38.0000000000007,-7.));
#6029=CARTESIAN_POINT('',(-28.,-35.0000000000007,-7.));
#6030=CARTESIAN_POINT('',(-23.0940107675846,-35.0000000000007,-7.));
#6031=CARTESIAN_POINT('',(-29.,-34.0000000000007,-7.));
#6032=CARTESIAN_POINT('',(-30.0000000000002,-33.0000000000006,-7.));
#6033=CARTESIAN_POINT('',(-29.,-24.,-7.));
#6034=CARTESIAN_POINT('',(-29.,-35.0000000000007,-7.));
#6035=CARTESIAN_POINT('',(-55.4165300542689,-8.99999999998231,-7.));
#6036=CARTESIAN_POINT('Origin',(-29.9999999999839,4.99999999999708,-7.));
#6037=CARTESIAN_POINT('',(-70.,-9.00000000000926,-7.));
#6038=CARTESIAN_POINT('',(-17.9421356237309,-14.142135623731,-7.));
#6039=CARTESIAN_POINT('Origin',(-14.1421356237309,-14.142135623731,-7.));
#6040=CARTESIAN_POINT('',(9.9,40.,-7.));
#6041=CARTESIAN_POINT('Origin',(12.,40.,-7.));
#6042=CARTESIAN_POINT('',(-2.10000000000001,-52.,-7.));
#6043=CARTESIAN_POINT('Origin',(-6.12323399573677E-15,-52.,-7.));
#6044=CARTESIAN_POINT('',(-14.1,-40.,-7.));
#6045=CARTESIAN_POINT('Origin',(-12.,-40.,-7.));
#6046=CARTESIAN_POINT('',(-42.1,12.,-7.));
#6047=CARTESIAN_POINT('Origin',(-40.,12.,-7.));
#6048=CARTESIAN_POINT('',(-67.1,-1.77635683940025E-14,-7.));
#6049=CARTESIAN_POINT('Origin',(-65.,-1.4432899320127E-14,-7.));
#6050=CARTESIAN_POINT('',(-2.1,52.,-7.));
#6051=CARTESIAN_POINT('Origin',(-4.74075063233781E-32,52.,-7.));
#6052=CARTESIAN_POINT('',(49.9,-8.88178419700125E-15,-7.));
#6053=CARTESIAN_POINT('Origin',(52.,-9.18485099360515E-15,-7.));
#6054=CARTESIAN_POINT('',(-2.10000000000001,-65.,-7.));
#6055=CARTESIAN_POINT('Origin',(-7.9602041944578E-15,-65.,-7.));
#6056=CARTESIAN_POINT('',(62.9,-1.77635683940025E-14,-7.));
#6057=CARTESIAN_POINT('Origin',(65.,-1.4432899320127E-14,-7.));
#6058=CARTESIAN_POINT('',(37.9,-8.88178419700125E-15,-7.));
#6059=CARTESIAN_POINT('Origin',(40.,-7.71527483462833E-15,-7.));
#6060=CARTESIAN_POINT('',(-2.10000000000001,-40.,-7.));
#6061=CARTESIAN_POINT('Origin',(-5.14351655641888E-15,-40.,-7.));
#6062=CARTESIAN_POINT('',(-42.1,4.44089209850063E-15,-7.));
#6063=CARTESIAN_POINT('Origin',(-40.,2.57175827820944E-15,-7.));
#6064=CARTESIAN_POINT('',(37.9,-12.,-7.));
#6065=CARTESIAN_POINT('Origin',(40.,-12.,-7.));
#6066=CARTESIAN_POINT('',(-2.1,65.,-7.));
#6067=CARTESIAN_POINT('Origin',(-6.16297582203915E-32,65.,-7.));
#6068=CARTESIAN_POINT('',(14.142135623731,28.2842712474619,-7.));
#6069=CARTESIAN_POINT('',(20.5060966544099,21.920310216783,-7.));
#6070=CARTESIAN_POINT('',(28.2842712474619,14.142135623731,-7.));
#6071=CARTESIAN_POINT('',(-2.38065205204206,11.7614835716889,-7.));
#6072=CARTESIAN_POINT('',(14.142135623731,28.2842712474619,-7.));
#6073=CARTESIAN_POINT('',(-11.7614835716889,2.38065205204202,-7.));
#6074=CARTESIAN_POINT('Origin',(0.,0.,-7.));
#6075=CARTESIAN_POINT('',(-14.1421356237309,1.33226762955019E-14,-7.));
#6076=CARTESIAN_POINT('',(14.142135623731,28.2842712474619,-7.));
#6077=CARTESIAN_POINT('',(-11.7614835716889,-2.38065205204201,-7.));
#6078=CARTESIAN_POINT('',(-14.1421356237309,1.37151574819416E-14,-7.));
#6079=CARTESIAN_POINT('',(-10.5912152745269,-5.64146780622106,-7.));
#6080=CARTESIAN_POINT('Origin',(0.,0.,-7.));
#6081=CARTESIAN_POINT('',(-10.9601551083915,-6.01040764008564,-7.));
#6082=CARTESIAN_POINT('',(-9.54594154601839,-4.59619407771255,-7.));
#6083=CARTESIAN_POINT('',(-9.19238815542513,-7.77817459305199,-7.));
#6084=CARTESIAN_POINT('',(-10.9601551083915,-6.01040764008565,-7.));
#6085=CARTESIAN_POINT('',(-9.89949493661167,-8.48528137423853,-7.));
#6086=CARTESIAN_POINT('',(-9.19238815542513,-7.77817459305199,-7.));
#6087=CARTESIAN_POINT('',(-8.48528137423857,-9.89949493661163,-7.));
#6088=CARTESIAN_POINT('',(-9.89949493661167,-8.48528137423853,-7.));
#6089=CARTESIAN_POINT('',(-7.77817459305204,-9.19238815542509,-7.));
#6090=CARTESIAN_POINT('',(-8.48528137423858,-9.89949493661163,-7.));
#6091=CARTESIAN_POINT('',(-6.01040764008567,-10.9601551083915,-7.));
#6092=CARTESIAN_POINT('',(-6.01040764008567,-10.9601551083915,-7.));
#6093=CARTESIAN_POINT('',(-5.64146780622108,-10.5912152745269,-7.));
#6094=CARTESIAN_POINT('',(-4.59619407771257,-9.54594154601838,-7.));
#6095=CARTESIAN_POINT('',(-2.38065205204205,-11.7614835716889,-7.));
#6096=CARTESIAN_POINT('Origin',(0.,0.,-7.));
#6097=CARTESIAN_POINT('',(-7.7715611723761E-15,-14.142135623731,-7.));
#6098=CARTESIAN_POINT('',(-14.1421356237309,1.37151574819416E-14,-7.));
#6099=CARTESIAN_POINT('',(2.38065205204205,-11.7614835716889,-7.));
#6100=CARTESIAN_POINT('',(-7.70434063768199E-15,-14.142135623731,-7.));
#6101=CARTESIAN_POINT('',(11.7614835716889,-2.38065205204203,-7.));
#6102=CARTESIAN_POINT('Origin',(0.,0.,-7.));
#6103=CARTESIAN_POINT('',(28.2842712474619,14.142135623731,-7.));
#6104=CARTESIAN_POINT('',(-7.70434063768199E-15,-14.142135623731,-7.));
#6105=CARTESIAN_POINT('',(21.920310216783,20.5060966544099,-7.));
#6106=CARTESIAN_POINT('',(28.2842712474619,14.142135623731,-7.));
#6107=CARTESIAN_POINT('',(24.0416305603426,22.6274169979696,-7.));
#6108=CARTESIAN_POINT('',(24.0416305603426,22.6274169979696,-7.));
#6109=CARTESIAN_POINT('',(22.6274169979695,24.0416305603426,-7.));
#6110=CARTESIAN_POINT('',(22.6274169979695,24.0416305603426,-7.));
#6111=CARTESIAN_POINT('',(20.5060966544099,21.920310216783,-7.));
#6112=CARTESIAN_POINT('',(-54.1,4.44089209850063E-15,-7.));
#6113=CARTESIAN_POINT('Origin',(-52.,3.06161699786838E-15,-7.));
#6114=CARTESIAN_POINT('',(-2.1,40.,-7.));
#6115=CARTESIAN_POINT('Origin',(-3.79260050587025E-32,40.,-7.));
#6116=CARTESIAN_POINT('',(-7.71751442127223,-13.7885822331376,-7.));
#6117=CARTESIAN_POINT('Origin',(-6.71751442127223,-13.7885822331376,-7.));
#6118=CARTESIAN_POINT('',(26.9307178568686,20.8596500450032,-7.));
#6119=CARTESIAN_POINT('Origin',(27.9307178568686,20.8596500450032,-7.));
#6120=CARTESIAN_POINT('',(-14.7885822331377,-6.71751442127217,-7.));
#6121=CARTESIAN_POINT('Origin',(-13.7885822331377,-6.71751442127217,-7.));
#6122=CARTESIAN_POINT('',(19.8596500450032,27.9307178568686,-7.));
#6123=CARTESIAN_POINT('Origin',(20.8596500450032,27.9307178568686,-7.));
#6124=CARTESIAN_POINT('',(15.5185165257814,-5.17638090205041,-7.));
#6125=CARTESIAN_POINT('Origin',(19.3185165257814,-5.17638090205041,-7.));
#6126=CARTESIAN_POINT('Origin',(-5.17638090205043,19.3185165257814,0.));
#6127=CARTESIAN_POINT('',(-6.77638090205043,19.3185165257814,0.));
#6128=CARTESIAN_POINT('',(-6.77638090205043,19.3185165257814,0.));
#6129=CARTESIAN_POINT('Origin',(-5.17638090205043,19.3185165257814,0.));
#6130=CARTESIAN_POINT('Origin',(-14.1421356237309,-14.142135623731,-5.9));
#6131=CARTESIAN_POINT('',(-15.7421356237309,-14.142135623731,-4.8));
#6132=CARTESIAN_POINT('Origin',(-14.1421356237309,-14.142135623731,-4.8));
#6133=CARTESIAN_POINT('',(-16.8421356237309,-14.142135623731,-5.9));
#6134=CARTESIAN_POINT('Origin',(-14.1421356237309,-14.142135623731,0.));
#6135=CARTESIAN_POINT('',(-15.7421356237309,-14.142135623731,0.));
#6136=CARTESIAN_POINT('',(-15.7421356237309,-14.142135623731,0.));
#6137=CARTESIAN_POINT('Origin',(-14.1421356237309,-14.142135623731,0.));
#6138=CARTESIAN_POINT('Origin',(19.3185165257814,-5.17638090205041,-5.9));
#6139=CARTESIAN_POINT('',(17.7185165257814,-5.17638090205041,-4.8));
#6140=CARTESIAN_POINT('Origin',(19.3185165257814,-5.17638090205041,-4.8));
#6141=CARTESIAN_POINT('',(16.6185165257814,-5.17638090205041,-5.9));
#6142=CARTESIAN_POINT('Origin',(19.3185165257814,-5.17638090205041,0.));
#6143=CARTESIAN_POINT('',(17.7185165257814,-5.17638090205041,0.));
#6144=CARTESIAN_POINT('',(17.7185165257814,-5.17638090205041,0.));
#6145=CARTESIAN_POINT('Origin',(19.3185165257814,-5.17638090205041,0.));
#6146=CARTESIAN_POINT('Origin',(20.8596500450032,27.9307178568686,2.6));
#6147=CARTESIAN_POINT('',(19.8596500450032,27.9307178568686,2.6));
#6148=CARTESIAN_POINT('',(19.8596500450032,27.9307178568686,2.6));
#6149=CARTESIAN_POINT('Origin',(20.8596500450032,27.9307178568686,2.6));
#6150=CARTESIAN_POINT('Origin',(-13.7885822331377,-6.71751442127217,2.6));
#6151=CARTESIAN_POINT('',(-14.7885822331377,-6.71751442127217,2.6));
#6152=CARTESIAN_POINT('',(-14.7885822331377,-6.71751442127217,2.6));
#6153=CARTESIAN_POINT('Origin',(-13.7885822331377,-6.71751442127217,2.6));
#6154=CARTESIAN_POINT('Origin',(27.9307178568686,20.8596500450032,2.6));
#6155=CARTESIAN_POINT('',(26.9307178568686,20.8596500450032,2.6));
#6156=CARTESIAN_POINT('',(26.9307178568686,20.8596500450032,2.6));
#6157=CARTESIAN_POINT('Origin',(27.9307178568686,20.8596500450032,2.6));
#6158=CARTESIAN_POINT('Origin',(-6.71751442127223,-13.7885822331376,2.6));
#6159=CARTESIAN_POINT('',(-7.71751442127223,-13.7885822331376,2.6));
#6160=CARTESIAN_POINT('',(-7.71751442127223,-13.7885822331376,2.6));
#6161=CARTESIAN_POINT('Origin',(-6.71751442127223,-13.7885822331376,2.6));
#6162=CARTESIAN_POINT('Origin',(20.8596500450032,27.9307178568686,0.));
#6163=CARTESIAN_POINT('',(18.7596500450032,27.9307178568686,0.));
#6164=CARTESIAN_POINT('Origin',(20.8596500450032,27.9307178568686,0.));
#6165=CARTESIAN_POINT('',(18.7596500450032,27.9307178568686,2.6));
#6166=CARTESIAN_POINT('',(18.7596500450032,27.9307178568686,0.));
#6167=CARTESIAN_POINT('Origin',(20.8596500450032,27.9307178568686,2.6));
#6168=CARTESIAN_POINT('Origin',(20.8596500450032,27.9307178568686,2.6));
#6169=CARTESIAN_POINT('Origin',(-13.7885822331377,-6.71751442127217,0.));
#6170=CARTESIAN_POINT('',(-15.8885822331377,-6.71751442127217,0.));
#6171=CARTESIAN_POINT('Origin',(-13.7885822331377,-6.71751442127217,0.));
#6172=CARTESIAN_POINT('',(-15.8885822331377,-6.71751442127217,2.6));
#6173=CARTESIAN_POINT('',(-15.8885822331377,-6.71751442127217,0.));
#6174=CARTESIAN_POINT('Origin',(-13.7885822331377,-6.71751442127217,2.6));
#6175=CARTESIAN_POINT('Origin',(-13.7885822331377,-6.71751442127217,2.6));
#6176=CARTESIAN_POINT('Origin',(27.9307178568686,20.8596500450032,0.));
#6177=CARTESIAN_POINT('',(25.8307178568686,20.8596500450032,0.));
#6178=CARTESIAN_POINT('Origin',(27.9307178568686,20.8596500450032,0.));
#6179=CARTESIAN_POINT('',(25.8307178568686,20.8596500450032,2.6));
#6180=CARTESIAN_POINT('',(25.8307178568686,20.8596500450032,0.));
#6181=CARTESIAN_POINT('Origin',(27.9307178568686,20.8596500450032,2.6));
#6182=CARTESIAN_POINT('Origin',(27.9307178568686,20.8596500450032,2.6));
#6183=CARTESIAN_POINT('Origin',(-6.71751442127223,-13.7885822331376,0.));
#6184=CARTESIAN_POINT('',(-8.81751442127223,-13.7885822331376,0.));
#6185=CARTESIAN_POINT('Origin',(-6.71751442127223,-13.7885822331376,0.));
#6186=CARTESIAN_POINT('',(-8.81751442127223,-13.7885822331376,2.6));
#6187=CARTESIAN_POINT('',(-8.81751442127223,-13.7885822331376,0.));
#6188=CARTESIAN_POINT('Origin',(-6.71751442127223,-13.7885822331376,2.6));
#6189=CARTESIAN_POINT('Origin',(-6.71751442127223,-13.7885822331376,2.6));
#6190=CARTESIAN_POINT('Origin',(12.,40.,-1.3));
#6191=CARTESIAN_POINT('',(9.9,40.,-2.6));
#6192=CARTESIAN_POINT('Origin',(12.,40.,-2.6));
#6193=CARTESIAN_POINT('',(7.3,40.,0.));
#6194=CARTESIAN_POINT('',(8.6,40.,-1.3));
#6195=CARTESIAN_POINT('Origin',(12.,40.,0.));
#6196=CARTESIAN_POINT('Origin',(-8.88178419700125E-15,0.,0.));
#6197=CARTESIAN_POINT('',(-70.,-8.00000000000926,0.));
#6198=CARTESIAN_POINT('',(-69.,-9.00000000000741,0.));
#6199=CARTESIAN_POINT('',(-54.2499999999701,-23.7500000000102,0.));
#6200=CARTESIAN_POINT('',(-55.4165300542689,-8.99999999998231,0.));
#6201=CARTESIAN_POINT('',(-70.,-9.00000000000926,0.));
#6202=CARTESIAN_POINT('',(-29.,-24.,0.));
#6203=CARTESIAN_POINT('Origin',(-29.9999999999839,4.99999999999708,0.));
#6204=CARTESIAN_POINT('',(-29.,-34.0000000000007,0.));
#6205=CARTESIAN_POINT('',(-29.,-35.0000000000007,0.));
#6206=CARTESIAN_POINT('',(-28.,-35.0000000000007,0.));
#6207=CARTESIAN_POINT('',(-30.0000000000002,-33.0000000000006,0.));
#6208=CARTESIAN_POINT('',(-24.8260615751537,-35.0000000000007,0.));
#6209=CARTESIAN_POINT('',(-23.0940107675846,-35.0000000000007,0.));
#6210=CARTESIAN_POINT('',(-22.2279853638002,-36.500000000001,0.));
#6211=CARTESIAN_POINT('Origin',(-24.8260615751537,-38.0000000000007,0.));
#6212=CARTESIAN_POINT('',(-4.33012701893046,-67.4999999999857,0.));
#6213=CARTESIAN_POINT('',(-4.3301270189339,-67.4999999999877,0.));
#6214=CARTESIAN_POINT('',(-9.12763910634405E-15,-70.,0.));
#6215=CARTESIAN_POINT('Origin',(-7.9602041944578E-15,-65.,0.));
#6216=CARTESIAN_POINT('',(8.00000000000926,-70.,0.));
#6217=CARTESIAN_POINT('',(-9.12763910634405E-15,-70.,0.));
#6218=CARTESIAN_POINT('',(9.00000000000741,-69.,0.));
#6219=CARTESIAN_POINT('',(23.7500000000102,-54.24999999997,0.));
#6220=CARTESIAN_POINT('',(8.99999999998231,-55.4165300542689,0.));
#6221=CARTESIAN_POINT('',(9.00000000000925,-70.,0.));
#6222=CARTESIAN_POINT('',(24.,-29.,0.));
#6223=CARTESIAN_POINT('Origin',(-4.99999999999708,-29.9999999999839,0.));
#6224=CARTESIAN_POINT('',(34.0000000000007,-29.,0.));
#6225=CARTESIAN_POINT('',(35.0000000000007,-29.,0.));
#6226=CARTESIAN_POINT('',(35.0000000000007,-28.,0.));
#6227=CARTESIAN_POINT('',(33.0000000000006,-30.0000000000001,0.));
#6228=CARTESIAN_POINT('',(35.0000000000007,-24.8260615751537,0.));
#6229=CARTESIAN_POINT('',(35.0000000000007,-23.0940107675846,0.));
#6230=CARTESIAN_POINT('',(36.500000000001,-22.2279853638002,0.));
#6231=CARTESIAN_POINT('Origin',(38.0000000000007,-24.8260615751537,0.));
#6232=CARTESIAN_POINT('',(67.4999999999859,-4.33012701893034,0.));
#6233=CARTESIAN_POINT('',(67.4999999999877,-4.33012701893339,0.));
#6234=CARTESIAN_POINT('',(70.,-1.60982338570648E-14,0.));
#6235=CARTESIAN_POINT('Origin',(65.,-1.4432899320127E-14,0.));
#6236=CARTESIAN_POINT('',(70.,8.00000000000925,0.));
#6237=CARTESIAN_POINT('',(70.,-1.60982338570648E-14,0.));
#6238=CARTESIAN_POINT('',(69.,9.0000000000074,0.));
#6239=CARTESIAN_POINT('',(54.24999999997,23.7500000000102,0.));
#6240=CARTESIAN_POINT('',(55.4165300542874,8.99999999998232,0.));
#6241=CARTESIAN_POINT('',(70.,9.00000000000925,0.));
#6242=CARTESIAN_POINT('',(29.,24.,0.));
#6243=CARTESIAN_POINT('Origin',(30.,-5.,0.));
#6244=CARTESIAN_POINT('',(29.,34.0000000000007,0.));
#6245=CARTESIAN_POINT('',(29.,35.0000000000007,0.));
#6246=CARTESIAN_POINT('',(28.,35.0000000000007,0.));
#6247=CARTESIAN_POINT('',(30.0000000000002,33.0000000000005,0.));
#6248=CARTESIAN_POINT('',(24.8260615751535,35.0000000000007,0.));
#6249=CARTESIAN_POINT('',(23.0940107675846,35.0000000000007,0.));
#6250=CARTESIAN_POINT('',(22.2279853638002,36.5000000000007,0.));
#6251=CARTESIAN_POINT('Origin',(24.8260615751535,38.0000000000007,0.));
#6252=CARTESIAN_POINT('',(4.33012701892219,67.5,0.));
#6253=CARTESIAN_POINT('',(4.33012701892219,67.5,0.));
#6254=CARTESIAN_POINT('',(5.55111512312578E-16,70.,0.));
#6255=CARTESIAN_POINT('Origin',(-6.16297582203915E-32,65.,0.));
#6256=CARTESIAN_POINT('',(-8.00000000000926,70.,0.));
#6257=CARTESIAN_POINT('',(5.55111512312578E-16,70.,0.));
#6258=CARTESIAN_POINT('',(-9.00000000000741,69.,0.));
#6259=CARTESIAN_POINT('',(-23.7500000000102,54.2499999999701,0.));
#6260=CARTESIAN_POINT('',(-8.99999999998231,55.4165300542849,0.));
#6261=CARTESIAN_POINT('',(-9.00000000000926,70.,0.));
#6262=CARTESIAN_POINT('',(-23.9999999999978,29.0000000000001,0.));
#6263=CARTESIAN_POINT('Origin',(4.99999999999999,30.,0.));
#6264=CARTESIAN_POINT('',(-34.0000000000104,29.,0.));
#6265=CARTESIAN_POINT('',(-35.0000000000104,29.,0.));
#6266=CARTESIAN_POINT('',(-35.0000000000088,28.,0.));
#6267=CARTESIAN_POINT('',(-33.0000000000214,29.9999999999907,0.));
#6268=CARTESIAN_POINT('',(-35.0000000000036,24.8260615751568,0.));
#6269=CARTESIAN_POINT('',(-35.0000000000007,23.0940107675846,0.));
#6270=CARTESIAN_POINT('',(-36.5000000000036,22.2279853637985,0.));
#6271=CARTESIAN_POINT('Origin',(-38.0000000000036,24.8260615751518,0.));
#6272=CARTESIAN_POINT('',(-67.5,4.33012701892218,0.));
#6273=CARTESIAN_POINT('',(-67.5,4.33012701892218,0.));
#6274=CARTESIAN_POINT('',(-70.,-1.49880108324396E-14,0.));
#6275=CARTESIAN_POINT('Origin',(-65.,-1.4432899320127E-14,0.));
#6276=CARTESIAN_POINT('',(-70.,-1.49880108324396E-14,0.));
#6277=CARTESIAN_POINT('',(-4.7,52.,0.));
#6278=CARTESIAN_POINT('Origin',(-4.74075063233781E-32,52.,0.));
#6279=CARTESIAN_POINT('',(-44.7,12.,0.));
#6280=CARTESIAN_POINT('Origin',(-40.,12.,0.));
#6281=CARTESIAN_POINT('',(-44.7,3.1473422738087E-15,0.));
#6282=CARTESIAN_POINT('Origin',(-40.,2.57175827820944E-15,0.));
#6283=CARTESIAN_POINT('',(-4.70000000000001,-52.,0.));
#6284=CARTESIAN_POINT('Origin',(-6.12323399573677E-15,-52.,0.));
#6285=CARTESIAN_POINT('',(35.3,-12.,0.));
#6286=CARTESIAN_POINT('Origin',(40.,-12.,0.));
#6287=CARTESIAN_POINT('',(47.3,-8.60926699800589E-15,0.));
#6288=CARTESIAN_POINT('Origin',(52.,-9.18485099360515E-15,0.));
#6289=CARTESIAN_POINT('',(14.142135623731,28.2842712474619,0.));
#6290=CARTESIAN_POINT('',(20.5060966544099,21.920310216783,0.));
#6291=CARTESIAN_POINT('',(28.2842712474619,14.142135623731,0.));
#6292=CARTESIAN_POINT('',(22.6274169979695,24.0416305603426,0.));
#6293=CARTESIAN_POINT('',(20.5060966544099,21.920310216783,0.));
#6294=CARTESIAN_POINT('',(24.0416305603426,22.6274169979696,0.));
#6295=CARTESIAN_POINT('',(22.6274169979695,24.0416305603426,0.));
#6296=CARTESIAN_POINT('',(21.920310216783,20.5060966544099,0.));
#6297=CARTESIAN_POINT('',(24.0416305603426,22.6274169979696,0.));
#6298=CARTESIAN_POINT('',(28.2842712474619,14.142135623731,0.));
#6299=CARTESIAN_POINT('',(28.2842712474619,14.142135623731,0.));
#6300=CARTESIAN_POINT('',(11.7614835716889,-2.38065205204203,0.));
#6301=CARTESIAN_POINT('',(-7.70434063768199E-15,-14.142135623731,0.));
#6302=CARTESIAN_POINT('',(2.38065205204205,-11.7614835716889,0.));
#6303=CARTESIAN_POINT('Origin',(0.,0.,0.));
#6304=CARTESIAN_POINT('',(-7.70434063768199E-15,-14.142135623731,0.));
#6305=CARTESIAN_POINT('',(-7.70434063768199E-15,-14.142135623731,0.));
#6306=CARTESIAN_POINT('',(-2.38065205204205,-11.7614835716889,0.));
#6307=CARTESIAN_POINT('',(-14.1421356237309,1.37151574819416E-14,0.));
#6308=CARTESIAN_POINT('',(-5.64146780622108,-10.5912152745269,0.));
#6309=CARTESIAN_POINT('Origin',(0.,0.,0.));
#6310=CARTESIAN_POINT('',(-6.01040764008567,-10.9601551083915,0.));
#6311=CARTESIAN_POINT('',(-4.59619407771257,-9.54594154601838,0.));
#6312=CARTESIAN_POINT('',(-7.77817459305204,-9.19238815542509,0.));
#6313=CARTESIAN_POINT('',(-6.01040764008567,-10.9601551083915,0.));
#6314=CARTESIAN_POINT('',(-8.48528137423858,-9.89949493661163,0.));
#6315=CARTESIAN_POINT('',(-8.48528137423858,-9.89949493661163,0.));
#6316=CARTESIAN_POINT('',(-9.89949493661167,-8.48528137423853,0.));
#6317=CARTESIAN_POINT('',(-9.89949493661167,-8.48528137423853,0.));
#6318=CARTESIAN_POINT('',(-9.19238815542513,-7.77817459305199,0.));
#6319=CARTESIAN_POINT('',(-9.19238815542513,-7.77817459305199,0.));
#6320=CARTESIAN_POINT('',(-10.9601551083915,-6.01040764008565,0.));
#6321=CARTESIAN_POINT('',(-10.9601551083915,-6.01040764008565,0.));
#6322=CARTESIAN_POINT('',(-10.5912152745269,-5.64146780622106,0.));
#6323=CARTESIAN_POINT('',(-9.54594154601839,-4.59619407771255,0.));
#6324=CARTESIAN_POINT('',(-11.7614835716889,-2.38065205204201,0.));
#6325=CARTESIAN_POINT('Origin',(0.,0.,0.));
#6326=CARTESIAN_POINT('',(-14.1421356237309,1.33226762955019E-14,0.));
#6327=CARTESIAN_POINT('',(-14.1421356237309,1.37151574819416E-14,0.));
#6328=CARTESIAN_POINT('',(-11.7614835716889,2.38065205204202,0.));
#6329=CARTESIAN_POINT('',(14.142135623731,28.2842712474619,0.));
#6330=CARTESIAN_POINT('',(-2.38065205204206,11.7614835716889,0.));
#6331=CARTESIAN_POINT('Origin',(0.,0.,0.));
#6332=CARTESIAN_POINT('',(14.142135623731,28.2842712474619,0.));
#6333=CARTESIAN_POINT('',(-2.1,65.,0.));
#6334=CARTESIAN_POINT('Origin',(-6.16297582203915E-32,65.,0.));
#6335=CARTESIAN_POINT('',(62.9,-1.4690075147948E-14,0.));
#6336=CARTESIAN_POINT('Origin',(65.,-1.4432899320127E-14,0.));
#6337=CARTESIAN_POINT('',(-2.10000000000001,-65.,0.));
#6338=CARTESIAN_POINT('Origin',(-7.9602041944578E-15,-65.,0.));
#6339=CARTESIAN_POINT('',(-67.1,-1.4690075147948E-14,0.));
#6340=CARTESIAN_POINT('Origin',(-65.,-1.4432899320127E-14,0.));
#6341=CARTESIAN_POINT('',(35.3,-7.13969083902907E-15,0.));
#6342=CARTESIAN_POINT('Origin',(40.,-7.71527483462833E-15,0.));
#6343=CARTESIAN_POINT('',(-4.70000000000001,-40.,0.));
#6344=CARTESIAN_POINT('Origin',(-5.14351655641888E-15,-40.,0.));
#6345=CARTESIAN_POINT('',(-16.7,-40.,0.));
#6346=CARTESIAN_POINT('Origin',(-12.,-40.,0.));
#6347=CARTESIAN_POINT('',(-56.7,3.63720099346764E-15,0.));
#6348=CARTESIAN_POINT('Origin',(-52.,3.06161699786838E-15,0.));
#6349=CARTESIAN_POINT('',(-4.7,40.,0.));
#6350=CARTESIAN_POINT('Origin',(-3.79260050587025E-32,40.,0.));
#6351=CARTESIAN_POINT('Origin',(12.,40.,0.));
#6352=CARTESIAN_POINT('',(9.9,40.,0.));
#6353=CARTESIAN_POINT('Origin',(-4.74075063233781E-32,52.,-1.3));
#6354=CARTESIAN_POINT('',(-2.1,52.,-2.6));
#6355=CARTESIAN_POINT('Origin',(-4.74075063233781E-32,52.,-2.6));
#6356=CARTESIAN_POINT('',(-3.4,52.,-1.3));
#6357=CARTESIAN_POINT('Origin',(-4.74075063233781E-32,52.,0.));
#6358=CARTESIAN_POINT('',(-2.1,52.,0.));
#6359=CARTESIAN_POINT('Origin',(-3.79260050587025E-32,40.,-1.3));
#6360=CARTESIAN_POINT('',(-2.1,40.,-2.6));
#6361=CARTESIAN_POINT('Origin',(-3.79260050587025E-32,40.,-2.6));
#6362=CARTESIAN_POINT('',(-3.4,40.,-1.3));
#6363=CARTESIAN_POINT('Origin',(-3.79260050587025E-32,40.,0.));
#6364=CARTESIAN_POINT('',(-2.1,40.,0.));
#6365=CARTESIAN_POINT('Origin',(-40.,12.,-1.3));
#6366=CARTESIAN_POINT('',(-42.1,12.,-2.6));
#6367=CARTESIAN_POINT('Origin',(-40.,12.,-2.6));
#6368=CARTESIAN_POINT('',(-43.4,12.,-1.3));
#6369=CARTESIAN_POINT('Origin',(-40.,12.,0.));
#6370=CARTESIAN_POINT('',(-42.1,12.,0.));
#6371=CARTESIAN_POINT('Origin',(-52.,3.06161699786838E-15,-1.3));
#6372=CARTESIAN_POINT('',(-54.1,2.80444117004744E-15,-2.6));
#6373=CARTESIAN_POINT('Origin',(-52.,3.06161699786838E-15,-2.6));
#6374=CARTESIAN_POINT('',(-55.4,2.64523708615828E-15,-1.3));
#6375=CARTESIAN_POINT('Origin',(-52.,3.06161699786838E-15,0.));
#6376=CARTESIAN_POINT('',(-54.1,2.80444117004744E-15,0.));
#6377=CARTESIAN_POINT('Origin',(-40.,2.57175827820944E-15,-1.3));
#6378=CARTESIAN_POINT('',(-42.1,2.3145824503885E-15,-2.6));
#6379=CARTESIAN_POINT('Origin',(-40.,2.57175827820944E-15,-2.6));
#6380=CARTESIAN_POINT('',(-43.4,2.15537836649934E-15,-1.3));
#6381=CARTESIAN_POINT('Origin',(-40.,2.57175827820944E-15,0.));
#6382=CARTESIAN_POINT('',(-42.1,2.3145824503885E-15,0.));
#6383=CARTESIAN_POINT('Origin',(-12.,-40.,-1.3));
#6384=CARTESIAN_POINT('',(-14.1,-40.,-2.6));
#6385=CARTESIAN_POINT('Origin',(-12.,-40.,-2.6));
#6386=CARTESIAN_POINT('',(-15.4,-40.,-1.3));
#6387=CARTESIAN_POINT('Origin',(-12.,-40.,0.));
#6388=CARTESIAN_POINT('',(-14.1,-40.,0.));
#6389=CARTESIAN_POINT('Origin',(-6.12323399573677E-15,-52.,-1.3));
#6390=CARTESIAN_POINT('',(-2.10000000000001,-52.,-2.6));
#6391=CARTESIAN_POINT('Origin',(-6.12323399573677E-15,-52.,-2.6));
#6392=CARTESIAN_POINT('',(-3.40000000000001,-52.,-1.3));
#6393=CARTESIAN_POINT('Origin',(-6.12323399573677E-15,-52.,0.));
#6394=CARTESIAN_POINT('',(-2.10000000000001,-52.,0.));
#6395=CARTESIAN_POINT('Origin',(-5.14351655641888E-15,-40.,-1.3));
#6396=CARTESIAN_POINT('',(-2.10000000000001,-40.,-2.6));
#6397=CARTESIAN_POINT('Origin',(-5.14351655641888E-15,-40.,-2.6));
#6398=CARTESIAN_POINT('',(-3.40000000000001,-40.,-1.3));
#6399=CARTESIAN_POINT('Origin',(-5.14351655641888E-15,-40.,0.));
#6400=CARTESIAN_POINT('',(-2.10000000000001,-40.,0.));
#6401=CARTESIAN_POINT('Origin',(40.,-12.,-1.3));
#6402=CARTESIAN_POINT('',(37.9,-12.,-2.6));
#6403=CARTESIAN_POINT('Origin',(40.,-12.,-2.6));
#6404=CARTESIAN_POINT('',(36.6,-12.,-1.3));
#6405=CARTESIAN_POINT('Origin',(40.,-12.,0.));
#6406=CARTESIAN_POINT('',(37.9,-12.,0.));
#6407=CARTESIAN_POINT('Origin',(40.,-7.71527483462833E-15,-1.3));
#6408=CARTESIAN_POINT('',(37.9,-7.97245066244927E-15,-2.6));
#6409=CARTESIAN_POINT('Origin',(40.,-7.71527483462833E-15,-2.6));
#6410=CARTESIAN_POINT('',(36.6,-8.13165474633843E-15,-1.3));
#6411=CARTESIAN_POINT('Origin',(40.,-7.71527483462833E-15,0.));
#6412=CARTESIAN_POINT('',(37.9,-7.97245066244927E-15,0.));
#6413=CARTESIAN_POINT('Origin',(52.,-9.18485099360515E-15,-1.3));
#6414=CARTESIAN_POINT('',(49.9,-9.44202682142609E-15,-2.6));
#6415=CARTESIAN_POINT('Origin',(52.,-9.18485099360515E-15,-2.6));
#6416=CARTESIAN_POINT('',(48.6,-9.60123090531525E-15,-1.3));
#6417=CARTESIAN_POINT('Origin',(52.,-9.18485099360515E-15,0.));
#6418=CARTESIAN_POINT('',(49.9,-9.44202682142609E-15,0.));
#6419=CARTESIAN_POINT('Origin',(-38.0000000000036,24.8260615751518,0.));
#6420=CARTESIAN_POINT('',(-35.0000000000036,24.8260615751568,0.));
#6421=CARTESIAN_POINT('',(-36.5000000000036,22.2279853637985,0.));
#6422=CARTESIAN_POINT('Origin',(-35.0000000000007,23.0940107675846,0.));
#6423=CARTESIAN_POINT('',(-67.5,4.33012701892218,0.));
#6424=CARTESIAN_POINT('Origin',(24.8260615751535,38.0000000000007,0.));
#6425=CARTESIAN_POINT('',(24.8260615751535,35.0000000000007,0.));
#6426=CARTESIAN_POINT('',(22.2279853638002,36.5000000000007,0.));
#6427=CARTESIAN_POINT('Origin',(23.0940107675846,35.0000000000007,0.));
#6428=CARTESIAN_POINT('',(4.33012701892219,67.5,0.));
#6429=CARTESIAN_POINT('Origin',(38.0000000000007,-24.8260615751537,0.));
#6430=CARTESIAN_POINT('',(35.0000000000007,-24.8260615751537,0.));
#6431=CARTESIAN_POINT('',(36.500000000001,-22.2279853638002,0.));
#6432=CARTESIAN_POINT('Origin',(35.0000000000007,-23.0940107675846,0.));
#6433=CARTESIAN_POINT('',(67.4999999999859,-4.33012701893034,0.));
#6434=CARTESIAN_POINT('Origin',(-24.8260615751537,-38.0000000000007,0.));
#6435=CARTESIAN_POINT('',(-24.8260615751537,-35.0000000000007,0.));
#6436=CARTESIAN_POINT('',(-22.2279853638002,-36.500000000001,0.));
#6437=CARTESIAN_POINT('Origin',(-23.0940107675846,-35.0000000000007,0.));
#6438=CARTESIAN_POINT('',(-4.33012701893046,-67.4999999999857,0.));
#6439=CARTESIAN_POINT('Origin',(-69.5,-8.50000000000834,0.));
#6440=CARTESIAN_POINT('',(-69.,-9.00000000000741,0.));
#6441=CARTESIAN_POINT('',(-70.,-8.00000000000926,0.));
#6442=CARTESIAN_POINT('Origin',(-70.,-9.00000000000926,0.));
#6443=CARTESIAN_POINT('',(-55.4165300542689,-8.99999999998231,0.));
#6444=CARTESIAN_POINT('Origin',(-8.50000000000834,69.5,0.));
#6445=CARTESIAN_POINT('',(-9.00000000000741,69.,0.));
#6446=CARTESIAN_POINT('',(-8.00000000000926,70.,0.));
#6447=CARTESIAN_POINT('Origin',(-9.00000000000926,70.,0.));
#6448=CARTESIAN_POINT('',(-8.99999999998231,55.4165300542849,0.));
#6449=CARTESIAN_POINT('Origin',(-34.5000000000096,28.5,0.));
#6450=CARTESIAN_POINT('',(-35.0000000000088,28.,0.));
#6451=CARTESIAN_POINT('',(-34.0000000000104,29.,0.));
#6452=CARTESIAN_POINT('Origin',(-35.0000000000104,29.,0.));
#6453=CARTESIAN_POINT('Origin',(28.5,34.5000000000007,0.));
#6454=CARTESIAN_POINT('',(28.,35.0000000000007,0.));
#6455=CARTESIAN_POINT('',(29.,34.0000000000007,0.));
#6456=CARTESIAN_POINT('Origin',(29.,35.0000000000007,0.));
#6457=CARTESIAN_POINT('Origin',(69.5,8.50000000000833,0.));
#6458=CARTESIAN_POINT('',(69.,9.0000000000074,0.));
#6459=CARTESIAN_POINT('',(70.,8.00000000000925,0.));
#6460=CARTESIAN_POINT('Origin',(70.,9.00000000000925,0.));
#6461=CARTESIAN_POINT('',(55.4165300542874,8.99999999998232,0.));
#6462=CARTESIAN_POINT('Origin',(8.50000000000833,-69.5,0.));
#6463=CARTESIAN_POINT('',(9.00000000000741,-69.,0.));
#6464=CARTESIAN_POINT('',(8.00000000000926,-70.,0.));
#6465=CARTESIAN_POINT('Origin',(9.00000000000925,-70.,0.));
#6466=CARTESIAN_POINT('',(8.99999999998231,-55.4165300542689,0.));
#6467=CARTESIAN_POINT('Origin',(-28.5,-34.5000000000007,0.));
#6468=CARTESIAN_POINT('',(-28.,-35.0000000000007,0.));
#6469=CARTESIAN_POINT('',(-29.,-34.0000000000007,0.));
#6470=CARTESIAN_POINT('Origin',(-29.,-35.0000000000007,0.));
#6471=CARTESIAN_POINT('Origin',(34.5000000000007,-28.5,0.));
#6472=CARTESIAN_POINT('',(35.0000000000007,-28.,0.));
#6473=CARTESIAN_POINT('',(34.0000000000007,-29.,0.));
#6474=CARTESIAN_POINT('Origin',(24.,-29.,0.));
#6475=CARTESIAN_POINT('',(24.,-29.,0.));
#6476=CARTESIAN_POINT('Origin',(-65.,-1.4432899320127E-14,0.));
#6477=CARTESIAN_POINT('',(-67.1,-1.46900751479479E-14,0.));
#6478=CARTESIAN_POINT('Origin',(-7.9602041944578E-15,-65.,0.));
#6479=CARTESIAN_POINT('',(-2.10000000000001,-65.,0.));
#6480=CARTESIAN_POINT('Origin',(65.,-1.4432899320127E-14,0.));
#6481=CARTESIAN_POINT('',(62.9,-1.46900751479479E-14,0.));
#6482=CARTESIAN_POINT('Origin',(-6.16297582203915E-32,65.,0.));
#6483=CARTESIAN_POINT('',(-2.1,65.,0.));
#6484=CARTESIAN_POINT('Origin',(-2.38065205204206,11.7614835716889,0.));
#6485=CARTESIAN_POINT('',(-2.38065205204206,11.7614835716889,0.));
#6486=CARTESIAN_POINT('',(14.142135623731,28.2842712474619,0.));
#6487=CARTESIAN_POINT('Origin',(0.,0.,0.));
#6488=CARTESIAN_POINT('',(-11.7614835716889,2.38065205204202,0.));
#6489=CARTESIAN_POINT('Origin',(-14.1421356237309,1.33226762955019E-14,
0.));
#6490=CARTESIAN_POINT('',(-14.1421356237309,1.33226762955019E-14,0.));
#6491=CARTESIAN_POINT('Origin',(-11.7614835716889,-2.38065205204201,0.));
#6492=CARTESIAN_POINT('',(-11.7614835716889,-2.38065205204201,0.));
#6493=CARTESIAN_POINT('Origin',(0.,0.,0.));
#6494=CARTESIAN_POINT('',(-10.5912152745269,-5.64146780622106,0.));
#6495=CARTESIAN_POINT('Origin',(-10.9601551083915,-6.01040764008565,0.));
#6496=CARTESIAN_POINT('',(-10.9601551083915,-6.01040764008565,0.));
#6497=CARTESIAN_POINT('Origin',(-9.19238815542513,-7.77817459305199,0.));
#6498=CARTESIAN_POINT('',(-9.19238815542513,-7.77817459305199,0.));
#6499=CARTESIAN_POINT('Origin',(-9.89949493661167,-8.48528137423853,0.));
#6500=CARTESIAN_POINT('',(-9.89949493661167,-8.48528137423853,0.));
#6501=CARTESIAN_POINT('Origin',(-8.48528137423858,-9.89949493661163,0.));
#6502=CARTESIAN_POINT('',(-8.48528137423858,-9.89949493661163,0.));
#6503=CARTESIAN_POINT('Origin',(-7.77817459305204,-9.19238815542509,0.));
#6504=CARTESIAN_POINT('',(-7.77817459305204,-9.19238815542509,0.));
#6505=CARTESIAN_POINT('Origin',(-6.01040764008567,-10.9601551083915,0.));
#6506=CARTESIAN_POINT('',(-6.01040764008567,-10.9601551083915,0.));
#6507=CARTESIAN_POINT('Origin',(-5.64146780622108,-10.5912152745269,0.));
#6508=CARTESIAN_POINT('',(-5.64146780622108,-10.5912152745269,0.));
#6509=CARTESIAN_POINT('Origin',(0.,0.,0.));
#6510=CARTESIAN_POINT('',(-2.38065205204205,-11.7614835716889,0.));
#6511=CARTESIAN_POINT('Origin',(-6.66133814775094E-15,-14.142135623731,
0.));
#6512=CARTESIAN_POINT('',(-7.70434063768199E-15,-14.142135623731,0.));
#6513=CARTESIAN_POINT('Origin',(2.38065205204204,-11.7614835716889,0.));
#6514=CARTESIAN_POINT('',(2.38065205204205,-11.7614835716889,0.));
#6515=CARTESIAN_POINT('Origin',(0.,0.,0.));
#6516=CARTESIAN_POINT('',(11.7614835716889,-2.38065205204203,0.));
#6517=CARTESIAN_POINT('Origin',(28.2842712474619,14.142135623731,0.));
#6518=CARTESIAN_POINT('',(28.2842712474619,14.142135623731,0.));
#6519=CARTESIAN_POINT('Origin',(21.920310216783,20.5060966544099,0.));
#6520=CARTESIAN_POINT('',(21.920310216783,20.5060966544099,0.));
#6521=CARTESIAN_POINT('Origin',(24.0416305603426,22.6274169979696,0.));
#6522=CARTESIAN_POINT('',(24.0416305603426,22.6274169979696,0.));
#6523=CARTESIAN_POINT('Origin',(22.6274169979695,24.0416305603426,0.));
#6524=CARTESIAN_POINT('',(22.6274169979695,24.0416305603426,0.));
#6525=CARTESIAN_POINT('Origin',(20.5060966544099,21.920310216783,0.));
#6526=CARTESIAN_POINT('',(20.5060966544099,21.920310216783,0.));
#6527=CARTESIAN_POINT('Origin',(14.142135623731,28.2842712474619,0.));
#6528=CARTESIAN_POINT('Origin',(35.0000000000007,-29.,0.));
#6529=CARTESIAN_POINT('Origin',(-4.99999999999708,-29.9999999999839,0.));
#6530=CARTESIAN_POINT('Origin',(-9.12763910634405E-15,-70.,0.));
#6531=CARTESIAN_POINT('',(-9.12763910634405E-15,-70.,0.));
#6532=CARTESIAN_POINT('Origin',(-7.9602041944578E-15,-65.,0.));
#6533=CARTESIAN_POINT('Origin',(-29.,-24.,0.));
#6534=CARTESIAN_POINT('',(-29.,-24.,0.));
#6535=CARTESIAN_POINT('Origin',(-29.9999999999839,4.99999999999708,0.));
#6536=CARTESIAN_POINT('Origin',(-70.,-1.49880108324396E-14,0.));
#6537=CARTESIAN_POINT('',(-70.,-1.49880108324396E-14,0.));
#6538=CARTESIAN_POINT('Origin',(-65.,-1.4432899320127E-14,0.));
#6539=CARTESIAN_POINT('Origin',(-24.,29.,0.));
#6540=CARTESIAN_POINT('',(-23.9999999999978,29.0000000000001,0.));
#6541=CARTESIAN_POINT('Origin',(4.99999999999999,30.,0.));
#6542=CARTESIAN_POINT('Origin',(5.55111512312578E-16,70.,0.));
#6543=CARTESIAN_POINT('',(5.55111512312578E-16,70.,0.));
#6544=CARTESIAN_POINT('Origin',(-6.16297582203915E-32,65.,0.));
#6545=CARTESIAN_POINT('Origin',(29.,24.,0.));
#6546=CARTESIAN_POINT('',(29.,24.,0.));
#6547=CARTESIAN_POINT('Origin',(30.,-5.,0.));
#6548=CARTESIAN_POINT('Origin',(70.,-1.60982338570648E-14,0.));
#6549=CARTESIAN_POINT('',(70.,-1.60982338570648E-14,0.));
#6550=CARTESIAN_POINT('Origin',(65.,-1.4432899320127E-14,0.));
#6551=CARTESIAN_POINT('',(0.,0.,0.));
#6552=CARTESIAN_POINT('Origin',(-89.,1.,39.84));
#6553=CARTESIAN_POINT('',(-73.4170284475366,1.,48.));
#6554=CARTESIAN_POINT('',(-73.4170284475366,1.,39.84));
#6555=CARTESIAN_POINT('',(-73.4170284475366,1.00000000000001,0.));
#6556=CARTESIAN_POINT('',(-83.9940474081348,1.,48.));
#6557=CARTESIAN_POINT('',(-60.1918881938358,1.,48.));
#6558=CARTESIAN_POINT('',(-88.994381845148,1.,43.));
#6559=CARTESIAN_POINT('',(-86.4942146266468,1.,45.4999999999946));
#6560=CARTESIAN_POINT('',(-88.994381845148,1.,39.84));
#6561=CARTESIAN_POINT('',(-88.994381845148,1.00000000000001,0.));
#6562=CARTESIAN_POINT('',(-89.,1.,39.84));
#6563=CARTESIAN_POINT('Origin',(-89.,27.25,10.34));
#6564=CARTESIAN_POINT('',(-66.6847219727159,6.49213797000498,33.6678830432325));
#6565=CARTESIAN_POINT('Origin',(-66.9944864073133,-0.000476757133799442,
40.964345308017));
#6566=CARTESIAN_POINT('',(-84.7256602216825,27.25,10.34));
#6567=CARTESIAN_POINT('Origin',(0.,0.,40.9638095238095));
#6568=CARTESIAN_POINT('',(-61.2081489672739,27.25,10.34));
#6569=CARTESIAN_POINT('',(-89.,27.25,10.34));
#6570=CARTESIAN_POINT('Origin',(0.,0.,40.9638095238095));
#6571=CARTESIAN_POINT('Origin',(-89.,27.25,6.12323399573677E-17));
#6572=CARTESIAN_POINT('',(-61.2081489672739,27.25,6.12323399573677E-17));
#6573=CARTESIAN_POINT('',(-61.2081489672739,27.25,0.));
#6574=CARTESIAN_POINT('',(-84.7256602216825,27.25,5.));
#6575=CARTESIAN_POINT('',(-84.7256602216825,27.25,0.));
#6576=CARTESIAN_POINT('',(-79.4571425360867,27.25,5.55111512312578E-16));
#6577=CARTESIAN_POINT('Ctrl Pts',(-79.4571425360867,27.25,5.55111512312578E-16));
#6578=CARTESIAN_POINT('Ctrl Pts',(-82.0152667302126,27.25,2.41977665140077));
#6579=CARTESIAN_POINT('Ctrl Pts',(-84.7256602216939,27.25,5.00000000001084));
#6580=CARTESIAN_POINT('',(-60.1918881938358,27.25,0.));
#6581=CARTESIAN_POINT('Origin',(-66.9944864073133,-0.000476757133799442,
0.));
#6582=CARTESIAN_POINT('',(-66.6847219727159,6.49213797000497,48.));
#6583=CARTESIAN_POINT('',(-66.6847219727159,6.49213797000498,0.));
#6584=CARTESIAN_POINT('Origin',(-66.9944864073133,-0.000476757133799442,
48.));
#6585=CARTESIAN_POINT('Origin',(0.,0.,0.));
#6586=CARTESIAN_POINT('',(-36.0000005364418,56.5066364365832,0.));
#6587=CARTESIAN_POINT('Origin',(0.,0.,0.));
#6588=CARTESIAN_POINT('',(-36.0000005364418,56.5066364365832,8.));
#6589=CARTESIAN_POINT('',(-36.0000005364418,56.5066364365832,0.));
#6590=CARTESIAN_POINT('',(-31.7490157327751,59.,8.));
#6591=CARTESIAN_POINT('Origin',(0.,0.,8.));
#6592=CARTESIAN_POINT('',(-31.7490157327751,59.,40.));
#6593=CARTESIAN_POINT('',(-31.7490157327751,59.,0.));
#6594=CARTESIAN_POINT('',(-36.0000005364418,56.5066364365832,40.));
#6595=CARTESIAN_POINT('Origin',(0.,0.,40.));
#6596=CARTESIAN_POINT('',(-36.0000005364418,56.5066364365832,48.));
#6597=CARTESIAN_POINT('',(-36.0000005364418,56.5066364365832,0.));
#6598=CARTESIAN_POINT('Origin',(0.,0.,48.));
#6599=CARTESIAN_POINT('Origin',(-31.3837763876716,44.83,0.));
#6600=CARTESIAN_POINT('',(26.23,79.7996685456775,0.));
#6601=CARTESIAN_POINT('Origin',(0.,0.,0.));
#6602=CARTESIAN_POINT('',(26.23,71.0000010579824,0.));
#6603=CARTESIAN_POINT('',(26.23,85.0469699636619,0.));
#6604=CARTESIAN_POINT('',(-30.0000004470348,71.0000010579824,0.));
#6605=CARTESIAN_POINT('',(-12.6918881938358,71.0000010579824,0.));
#6606=CARTESIAN_POINT('',(-36.0000010579824,65.0000009685756,0.));
#6607=CARTESIAN_POINT('Origin',(-30.,65.,0.));
#6608=CARTESIAN_POINT('',(-36.0000005364418,54.9150004842877,0.));
#6609=CARTESIAN_POINT('Origin',(0.,0.,2.5));
#6610=CARTESIAN_POINT('',(26.23,85.0469699636619,5.));
#6611=CARTESIAN_POINT('Origin',(0.,0.,5.));
#6612=CARTESIAN_POINT('Ctrl Pts',(26.23,85.0469699636619,5.));
#6613=CARTESIAN_POINT('Ctrl Pts',(26.23,82.3474911994971,2.42042146771395));
#6614=CARTESIAN_POINT('Ctrl Pts',(26.23,79.7996685456776,5.55111512312578E-16));
#6615=CARTESIAN_POINT('Origin',(26.23,71.0000010579824,0.));
#6616=CARTESIAN_POINT('',(26.23,85.0469699636619,10.));
#6617=CARTESIAN_POINT('',(26.23,85.0469699636619,0.));
#6618=CARTESIAN_POINT('',(26.23,71.,10.));
#6619=CARTESIAN_POINT('',(26.23,80.0000005289912,10.));
#6620=CARTESIAN_POINT('',(26.23,71.0000010579824,0.));
#6621=CARTESIAN_POINT('Origin',(0.,0.,0.));
#6622=CARTESIAN_POINT('',(1.46957615897682E-14,89.,43.));
#6623=CARTESIAN_POINT('Origin',(0.,0.,43.));
#6624=CARTESIAN_POINT('',(2.44929359829471E-15,89.,40.));
#6625=CARTESIAN_POINT('',(1.46957615897682E-14,89.,0.));
#6626=CARTESIAN_POINT('Origin',(0.,0.,40.));
#6627=CARTESIAN_POINT('Origin',(0.,0.,45.5));
#6628=CARTESIAN_POINT('',(2.71926214689378E-30,84.,48.));
#6629=CARTESIAN_POINT('Origin',(0.,0.,48.));
#6630=CARTESIAN_POINT('',(7.65404249467095E-16,86.5,45.5));
#6631=CARTESIAN_POINT('Origin',(0.,89.,48.));
#6632=CARTESIAN_POINT('',(0.,71.,48.));
#6633=CARTESIAN_POINT('',(2.71926214689378E-30,66.915,48.));
#6634=CARTESIAN_POINT('',(0.,71.,40.));
#6635=CARTESIAN_POINT('',(6.66133814775094E-15,71.0000010579824,24.));
#6636=CARTESIAN_POINT('',(2.44929359829471E-15,89.,40.));
#6637=CARTESIAN_POINT('Origin',(2.44929359829471E-15,89.,40.));
#6638=CARTESIAN_POINT('',(3.41168912810289,71.0000010579824,36.0979537231));
#6639=CARTESIAN_POINT('Origin',(-31.3837763876716,44.83,48.));
#6640=CARTESIAN_POINT('',(-36.0000010579824,65.0000009685756,48.));
#6641=CARTESIAN_POINT('',(-36.0000005364418,65.0000009685755,48.));
#6642=CARTESIAN_POINT('',(-30.0000004470348,71.0000010579824,48.));
#6643=CARTESIAN_POINT('Origin',(-30.,65.,48.));
#6644=CARTESIAN_POINT('',(26.23,71.0000010579824,48.));
#6645=CARTESIAN_POINT('Origin',(-30.0000004470348,71.0000010579824,0.));
#6646=CARTESIAN_POINT('',(-30.0000004470348,71.0000010579824,40.));
#6647=CARTESIAN_POINT('',(-30.0000004470348,71.0000010579824,0.));
#6648=CARTESIAN_POINT('',(-22.500000488013,71.0000010579824,40.));
#6649=CARTESIAN_POINT('Origin',(-36.0000005364418,65.0000009685755,0.));
#6650=CARTESIAN_POINT('',(-36.0000010579824,65.0000009685756,8.));
#6651=CARTESIAN_POINT('',(-36.0000010579824,65.0000009685756,0.));
#6652=CARTESIAN_POINT('',(-36.0000005364418,65.0000009685755,8.));
#6653=CARTESIAN_POINT('Origin',(-30.,65.,0.));
#6654=CARTESIAN_POINT('',(-30.0000004470348,71.0000010579824,8.));
#6655=CARTESIAN_POINT('',(-30.0000004470348,71.0000010579824,0.));
#6656=CARTESIAN_POINT('Origin',(-30.,65.,8.));
#6657=CARTESIAN_POINT('Origin',(-15.0000005289912,63.7533187472828,8.));
#6658=CARTESIAN_POINT('',(0.,59.,8.));
#6659=CARTESIAN_POINT('',(0.,71.0000010579824,8.));
#6660=CARTESIAN_POINT('Origin',(0.,65.,8.));
#6661=CARTESIAN_POINT('',(-23.3745081308831,59.,8.));
#6662=CARTESIAN_POINT('',(26.23,71.0000010579824,8.));
#6663=CARTESIAN_POINT('',(-2.,65.,8.));
#6664=CARTESIAN_POINT('Origin',(0.,65.,8.));
#6665=CARTESIAN_POINT('',(-32.,65.,8.));
#6666=CARTESIAN_POINT('Origin',(-30.,65.,8.));
#6667=CARTESIAN_POINT('Origin',(-31.7490157327751,59.,0.));
#6668=CARTESIAN_POINT('',(0.,59.,40.));
#6669=CARTESIAN_POINT('',(0.,59.,0.));
#6670=CARTESIAN_POINT('',(0.,59.,40.));
#6671=CARTESIAN_POINT('Origin',(0.,65.,0.));
#6672=CARTESIAN_POINT('',(0.,71.0000010579824,0.));
#6673=CARTESIAN_POINT('Origin',(0.,65.,40.));
#6674=CARTESIAN_POINT('Origin',(0.,65.,0.));
#6675=CARTESIAN_POINT('',(-2.,65.,40.));
#6676=CARTESIAN_POINT('Origin',(0.,65.,40.));
#6677=CARTESIAN_POINT('',(-2.,65.,0.));
#6678=CARTESIAN_POINT('Origin',(-30.,65.,0.));
#6679=CARTESIAN_POINT('',(-32.,65.,40.));
#6680=CARTESIAN_POINT('Origin',(-30.,65.,40.));
#6681=CARTESIAN_POINT('',(-32.,65.,0.));
#6682=CARTESIAN_POINT('Origin',(-15.0000005289912,63.7533187472828,40.));
#6683=CARTESIAN_POINT('',(-36.0000010579824,65.0000009685756,40.));
#6684=CARTESIAN_POINT('Origin',(-30.,65.,40.));
#6685=CARTESIAN_POINT('',(-36.0000005364418,60.129977591933,40.));
#6686=CARTESIAN_POINT('Origin',(-36.0000005364418,56.5066364365832,0.));
#6687=CARTESIAN_POINT('',(-36.0000010579824,65.0000009685756,0.));
#6688=CARTESIAN_POINT('Origin',(-30.,65.,0.));
#6689=CARTESIAN_POINT('Origin',(-30.0000004470348,71.0000010579824,0.));
#6690=CARTESIAN_POINT('',(0.,0.,0.));
#6691=CARTESIAN_POINT('',(-1.55431223447522E-14,-30.,7.21644966006352E-15));
#6692=CARTESIAN_POINT('',(-0.238775027866723,-0.0421024797323167,-26.9785542183221));
#6693=CARTESIAN_POINT('',(-0.75410511575567,-27.1903178249591,-22.9658779837209));
#6694=UNCERTAINTY_MEASURE_WITH_UNIT(LENGTH_MEASURE(0.01),#6706,
'DISTANCE_ACCURACY_VALUE',
'Maximum model space distance between geometric entities at asserted c
onnectivities');
#6695=UNCERTAINTY_MEASURE_WITH_UNIT(LENGTH_MEASURE(0.01),#6706,
'DISTANCE_ACCURACY_VALUE',
'Maximum model space distance between geometric entities at asserted c
onnectivities');
#6696=UNCERTAINTY_MEASURE_WITH_UNIT(LENGTH_MEASURE(0.01),#6706,
'DISTANCE_ACCURACY_VALUE',
'Maximum model space distance between geometric entities at asserted c
onnectivities');
#6697=UNCERTAINTY_MEASURE_WITH_UNIT(LENGTH_MEASURE(0.01),#6706,
'DISTANCE_ACCURACY_VALUE',
'Maximum model space distance between geometric entities at asserted c
onnectivities');
#6698=UNCERTAINTY_MEASURE_WITH_UNIT(LENGTH_MEASURE(0.01),#6706,
'DISTANCE_ACCURACY_VALUE',
'Maximum model space distance between geometric entities at asserted c
onnectivities');
#6699=UNCERTAINTY_MEASURE_WITH_UNIT(LENGTH_MEASURE(0.01),#6706,
'DISTANCE_ACCURACY_VALUE',
'Maximum model space distance between geometric entities at asserted c
onnectivities');
#6700=(
GEOMETRIC_REPRESENTATION_CONTEXT(3)
GLOBAL_UNCERTAINTY_ASSIGNED_CONTEXT((#6694))
GLOBAL_UNIT_ASSIGNED_CONTEXT((#6706,#6708,#6709))
REPRESENTATION_CONTEXT('','3D')
);
#6701=(
GEOMETRIC_REPRESENTATION_CONTEXT(3)
GLOBAL_UNCERTAINTY_ASSIGNED_CONTEXT((#6695))
GLOBAL_UNIT_ASSIGNED_CONTEXT((#6706,#6708,#6709))
REPRESENTATION_CONTEXT('','3D')
);
#6702=(
GEOMETRIC_REPRESENTATION_CONTEXT(3)
GLOBAL_UNCERTAINTY_ASSIGNED_CONTEXT((#6696))
GLOBAL_UNIT_ASSIGNED_CONTEXT((#6706,#6708,#6709))
REPRESENTATION_CONTEXT('','3D')
);
#6703=(
GEOMETRIC_REPRESENTATION_CONTEXT(3)
GLOBAL_UNCERTAINTY_ASSIGNED_CONTEXT((#6697))
GLOBAL_UNIT_ASSIGNED_CONTEXT((#6706,#6708,#6709))
REPRESENTATION_CONTEXT('','3D')
);
#6704=(
GEOMETRIC_REPRESENTATION_CONTEXT(3)
GLOBAL_UNCERTAINTY_ASSIGNED_CONTEXT((#6698))
GLOBAL_UNIT_ASSIGNED_CONTEXT((#6706,#6708,#6709))
REPRESENTATION_CONTEXT('','3D')
);
#6705=(
GEOMETRIC_REPRESENTATION_CONTEXT(3)
GLOBAL_UNCERTAINTY_ASSIGNED_CONTEXT((#6699))
GLOBAL_UNIT_ASSIGNED_CONTEXT((#6706,#6708,#6709))
REPRESENTATION_CONTEXT('','3D')
);
#6706=(
LENGTH_UNIT()
NAMED_UNIT(*)
SI_UNIT(.MILLI.,.METRE.)
);
#6707=(
LENGTH_UNIT()
NAMED_UNIT(*)
SI_UNIT($,.METRE.)
);
#6708=(
NAMED_UNIT(*)
PLANE_ANGLE_UNIT()
SI_UNIT($,.RADIAN.)
);
#6709=(
NAMED_UNIT(*)
SI_UNIT($,.STERADIAN.)
SOLID_ANGLE_UNIT()
);
#6710=SHAPE_DEFINITION_REPRESENTATION(#6715,#6724);
#6711=SHAPE_DEFINITION_REPRESENTATION(#6716,#6725);
#6712=SHAPE_DEFINITION_REPRESENTATION(#6717,#6726);
#6713=SHAPE_DEFINITION_REPRESENTATION(#6718,#6727);
#6714=SHAPE_DEFINITION_REPRESENTATION(#6719,#6728);
#6715=PRODUCT_DEFINITION_SHAPE('',$,#6730);
#6716=PRODUCT_DEFINITION_SHAPE('',$,#6731);
#6717=PRODUCT_DEFINITION_SHAPE('',$,#6732);
#6718=PRODUCT_DEFINITION_SHAPE('',$,#6733);
#6719=PRODUCT_DEFINITION_SHAPE('',$,#6734);
#6720=PRODUCT_DEFINITION_SHAPE($,$,#23);
#6721=PRODUCT_DEFINITION_SHAPE($,$,#24);
#6722=PRODUCT_DEFINITION_SHAPE($,$,#25);
#6723=PRODUCT_DEFINITION_SHAPE($,$,#26);
#6724=SHAPE_REPRESENTATION('',(#4018,#4405,#4406,#4407,#4408),#6700);
#6725=SHAPE_REPRESENTATION('',(#4019),#6701);
#6726=SHAPE_REPRESENTATION('',(#4085),#6702);
#6727=SHAPE_REPRESENTATION('',(#4144),#6703);
#6728=SHAPE_REPRESENTATION('',(#4356),#6704);
#6729=PRODUCT_DEFINITION_CONTEXT('part definition',#6746,'design');
#6730=PRODUCT_DEFINITION('assembly','assembly v2',#6735,#6729);
#6731=PRODUCT_DEFINITION('\X2\96F690E84EF6\X0\10','part6 v1',#6736,#6729);
#6732=PRODUCT_DEFINITION('\X2\96F690E84EF6\X0\9','part3 v1',#6737,#6729);
#6733=PRODUCT_DEFINITION('\X2\96F690E84EF6\X0\8(\X2\955C50CF\X0\)',
'part2 v1',#6738,#6729);
#6734=PRODUCT_DEFINITION('tyre taks','tyre taks v14',#6739,#6729);
#6735=PRODUCT_DEFINITION_FORMATION('',$,#6748);
#6736=PRODUCT_DEFINITION_FORMATION('',$,#6749);
#6737=PRODUCT_DEFINITION_FORMATION('',$,#6750);
#6738=PRODUCT_DEFINITION_FORMATION('',$,#6751);
#6739=PRODUCT_DEFINITION_FORMATION('',$,#6752);
#6740=PRODUCT_RELATED_PRODUCT_CATEGORY('assembly v2','assembly v2',(#6748));
#6741=PRODUCT_RELATED_PRODUCT_CATEGORY('part6 v1','part6 v1',(#6749));
#6742=PRODUCT_RELATED_PRODUCT_CATEGORY('part3 v1','part3 v1',(#6750));
#6743=PRODUCT_RELATED_PRODUCT_CATEGORY('part2 v1','part2 v1',(#6751));
#6744=PRODUCT_RELATED_PRODUCT_CATEGORY('tyre taks v14','tyre taks v14',
(#6752));
#6745=APPLICATION_PROTOCOL_DEFINITION('international standard',
'automotive_design',2009,#6746);
#6746=APPLICATION_CONTEXT(
'Core Data for Automotive Mechanical Design Process');
#6747=PRODUCT_CONTEXT('part definition',#6746,'mechanical');
#6748=PRODUCT('assembly','assembly v2',$,(#6747));
#6749=PRODUCT('\X2\96F690E84EF6\X0\10','part6 v1',$,(#6747));
#6750=PRODUCT('\X2\96F690E84EF6\X0\9','part3 v1',$,(#6747));
#6751=PRODUCT('\X2\96F690E84EF6\X0\8(\X2\955C50CF\X0\)','part2 v1',$,(#6747));
#6752=PRODUCT('tyre taks','tyre taks v14',$,(#6747));
#6753=PRESENTATION_STYLE_ASSIGNMENT((#6757));
#6754=PRESENTATION_STYLE_ASSIGNMENT((#6758));
#6755=PRESENTATION_STYLE_ASSIGNMENT((#6759));
#6756=PRESENTATION_STYLE_ASSIGNMENT((#6760));
#6757=SURFACE_STYLE_USAGE(.BOTH.,#6761);
#6758=SURFACE_STYLE_USAGE(.BOTH.,#6762);
#6759=SURFACE_STYLE_USAGE(.BOTH.,#6763);
#6760=SURFACE_STYLE_USAGE(.BOTH.,#6764);
#6761=SURFACE_SIDE_STYLE('',(#6765));
#6762=SURFACE_SIDE_STYLE('',(#6766));
#6763=SURFACE_SIDE_STYLE('',(#6767));
#6764=SURFACE_SIDE_STYLE('',(#6768));
#6765=SURFACE_STYLE_FILL_AREA(#6769);
#6766=SURFACE_STYLE_FILL_AREA(#6770);
#6767=SURFACE_STYLE_FILL_AREA(#6771);
#6768=SURFACE_STYLE_FILL_AREA(#6772);
#6769=FILL_AREA_STYLE('Steel - Satin',(#6773));
#6770=FILL_AREA_STYLE('Opaque(196,53,39)',(#6774));
#6771=FILL_AREA_STYLE('Opaque(48,59,150)',(#6775));
#6772=FILL_AREA_STYLE('Opaque(232,173,35)',(#6776));
#6773=FILL_AREA_STYLE_COLOUR('Steel - Satin',#6777);
#6774=FILL_AREA_STYLE_COLOUR('Opaque(196,53,39)',#6778);
#6775=FILL_AREA_STYLE_COLOUR('Opaque(48,59,150)',#6779);
#6776=FILL_AREA_STYLE_COLOUR('Opaque(232,173,35)',#6780);
#6777=COLOUR_RGB('Steel - Satin',0.627450980392157,0.627450980392157,0.627450980392157);
#6778=COLOUR_RGB('Opaque(196,53,39)',0.768627450980392,0.207843137254902,
0.152941176470588);
#6779=COLOUR_RGB('Opaque(48,59,150)',0.188235294117647,0.231372549019608,
0.588235294117647);
#6780=COLOUR_RGB('Opaque(232,173,35)',0.909803921568627,0.67843137254902,
0.137254901960784);
ENDSEC;
END-ISO-10303-21;
